// Generated by frame_app/scripts/generate_unifont_subset.py.
// GNU Unifont 17.0.04; SIL Open Font License 1.1.
// Do not edit by hand.

static const uint8_t s_unifont_bitmap[] = {
    0x00, 0x00, 0x00, 0x00, 0x00, 0x00, 0x00, 0x00, 0x00, 0x00, 0x00, 0x00, 0x00, 0x00, 0x00, 0x00,
    0x00, 0x00, 0x00, 0x00, 0x08, 0x08, 0x08, 0x08, 0x08, 0x08, 0x08, 0x00, 0x08, 0x08, 0x00, 0x00,
    0x00, 0x00, 0x22, 0x22, 0x22, 0x22, 0x00, 0x00, 0x00, 0x00, 0x00, 0x00, 0x00, 0x00, 0x00, 0x00,
    0x00, 0x00, 0x00, 0x00, 0x12, 0x12, 0x12, 0x7E, 0x24, 0x24, 0x7E, 0x48, 0x48, 0x48, 0x00, 0x00,
    0x00, 0x00, 0x00, 0x00, 0x08, 0x3E, 0x49, 0x48, 0x38, 0x0E, 0x09, 0x49, 0x3E, 0x08, 0x00, 0x00,
    0x00, 0x00, 0x00, 0x00, 0x31, 0x4A, 0x4A, 0x34, 0x08, 0x08, 0x16, 0x29, 0x29, 0x46, 0x00, 0x00,
    0x00, 0x00, 0x00, 0x00, 0x1C, 0x22, 0x22, 0x14, 0x18, 0x29, 0x45, 0x42, 0x46, 0x39, 0x00, 0x00,
    0x00, 0x00, 0x08, 0x08, 0x08, 0x08, 0x00, 0x00, 0x00, 0x00, 0x00, 0x00, 0x00, 0x00, 0x00, 0x00,
    0x00, 0x00, 0x00, 0x04, 0x08, 0x08, 0x10, 0x10, 0x10, 0x10, 0x10, 0x10, 0x08, 0x08, 0x04, 0x00,
    0x00, 0x00, 0x00, 0x20, 0x10, 0x10, 0x08, 0x08, 0x08, 0x08, 0x08, 0x08, 0x10, 0x10, 0x20, 0x00,
    0x00, 0x00, 0x00, 0x00, 0x00, 0x00, 0x08, 0x49, 0x2A, 0x1C, 0x2A, 0x49, 0x08, 0x00, 0x00, 0x00,
    0x00, 0x00, 0x00, 0x00, 0x00, 0x00, 0x08, 0x08, 0x08, 0x7F, 0x08, 0x08, 0x08, 0x00, 0x00, 0x00,
    0x00, 0x00, 0x00, 0x00, 0x00, 0x00, 0x00, 0x00, 0x00, 0x00, 0x00, 0x00, 0x18, 0x08, 0x08, 0x10,
    0x00, 0x00, 0x00, 0x00, 0x00, 0x00, 0x00, 0x00, 0x00, 0x3C, 0x00, 0x00, 0x00, 0x00, 0x00, 0x00,
    0x00, 0x00, 0x00, 0x00, 0x00, 0x00, 0x00, 0x00, 0x00, 0x00, 0x00, 0x00, 0x18, 0x18, 0x00, 0x00,
    0x00, 0x00, 0x00, 0x00, 0x02, 0x02, 0x04, 0x08, 0x08, 0x10, 0x10, 0x20, 0x40, 0x40, 0x00, 0x00,
    0x00, 0x00, 0x00, 0x00, 0x18, 0x24, 0x42, 0x46, 0x4A, 0x52, 0x62, 0x42, 0x24, 0x18, 0x00, 0x00,
    0x00, 0x00, 0x00, 0x00, 0x08, 0x18, 0x28, 0x08, 0x08, 0x08, 0x08, 0x08, 0x08, 0x3E, 0x00, 0x00,
    0x00, 0x00, 0x00, 0x00, 0x3C, 0x42, 0x42, 0x02, 0x0C, 0x10, 0x20, 0x40, 0x40, 0x7E, 0x00, 0x00,
    0x00, 0x00, 0x00, 0x00, 0x3C, 0x42, 0x42, 0x02, 0x1C, 0x02, 0x02, 0x42, 0x42, 0x3C, 0x00, 0x00,
    0x00, 0x00, 0x00, 0x00, 0x04, 0x0C, 0x14, 0x24, 0x44, 0x44, 0x7E, 0x04, 0x04, 0x04, 0x00, 0x00,
    0x00, 0x00, 0x00, 0x00, 0x7E, 0x40, 0x40, 0x40, 0x7C, 0x02, 0x02, 0x02, 0x42, 0x3C, 0x00, 0x00,
    0x00, 0x00, 0x00, 0x00, 0x1C, 0x20, 0x40, 0x40, 0x7C, 0x42, 0x42, 0x42, 0x42, 0x3C, 0x00, 0x00,
    0x00, 0x00, 0x00, 0x00, 0x7E, 0x02, 0x02, 0x04, 0x04, 0x04, 0x08, 0x08, 0x08, 0x08, 0x00, 0x00,
    0x00, 0x00, 0x00, 0x00, 0x3C, 0x42, 0x42, 0x42, 0x3C, 0x42, 0x42, 0x42, 0x42, 0x3C, 0x00, 0x00,
    0x00, 0x00, 0x00, 0x00, 0x3C, 0x42, 0x42, 0x42, 0x3E, 0x02, 0x02, 0x02, 0x04, 0x38, 0x00, 0x00,
    0x00, 0x00, 0x00, 0x00, 0x00, 0x00, 0x18, 0x18, 0x00, 0x00, 0x00, 0x18, 0x18, 0x00, 0x00, 0x00,
    0x00, 0x00, 0x00, 0x00, 0x00, 0x00, 0x18, 0x18, 0x00, 0x00, 0x00, 0x18, 0x08, 0x08, 0x10, 0x00,
    0x00, 0x00, 0x00, 0x00, 0x00, 0x02, 0x04, 0x08, 0x10, 0x20, 0x10, 0x08, 0x04, 0x02, 0x00, 0x00,
    0x00, 0x00, 0x00, 0x00, 0x00, 0x00, 0x00, 0x7E, 0x00, 0x00, 0x00, 0x7E, 0x00, 0x00, 0x00, 0x00,
    0x00, 0x00, 0x00, 0x00, 0x00, 0x40, 0x20, 0x10, 0x08, 0x04, 0x08, 0x10, 0x20, 0x40, 0x00, 0x00,
    0x00, 0x00, 0x00, 0x00, 0x3C, 0x42, 0x42, 0x02, 0x04, 0x08, 0x08, 0x00, 0x08, 0x08, 0x00, 0x00,
    0x00, 0x00, 0x00, 0x00, 0x1C, 0x22, 0x4A, 0x56, 0x52, 0x52, 0x52, 0x4E, 0x20, 0x1E, 0x00, 0x00,
    0x00, 0x00, 0x00, 0x00, 0x18, 0x24, 0x24, 0x42, 0x42, 0x7E, 0x42, 0x42, 0x42, 0x42, 0x00, 0x00,
    0x00, 0x00, 0x00, 0x00, 0x7C, 0x42, 0x42, 0x42, 0x7C, 0x42, 0x42, 0x42, 0x42, 0x7C, 0x00, 0x00,
    0x00, 0x00, 0x00, 0x00, 0x3C, 0x42, 0x42, 0x40, 0x40, 0x40, 0x40, 0x42, 0x42, 0x3C, 0x00, 0x00,
    0x00, 0x00, 0x00, 0x00, 0x78, 0x44, 0x42, 0x42, 0x42, 0x42, 0x42, 0x42, 0x44, 0x78, 0x00, 0x00,
    0x00, 0x00, 0x00, 0x00, 0x7E, 0x40, 0x40, 0x40, 0x7C, 0x40, 0x40, 0x40, 0x40, 0x7E, 0x00, 0x00,
    0x00, 0x00, 0x00, 0x00, 0x7E, 0x40, 0x40, 0x40, 0x7C, 0x40, 0x40, 0x40, 0x40, 0x40, 0x00, 0x00,
    0x00, 0x00, 0x00, 0x00, 0x3C, 0x42, 0x42, 0x40, 0x40, 0x4E, 0x42, 0x42, 0x46, 0x3A, 0x00, 0x00,
    0x00, 0x00, 0x00, 0x00, 0x42, 0x42, 0x42, 0x42, 0x7E, 0x42, 0x42, 0x42, 0x42, 0x42, 0x00, 0x00,
    0x00, 0x00, 0x00, 0x00, 0x3E, 0x08, 0x08, 0x08, 0x08, 0x08, 0x08, 0x08, 0x08, 0x3E, 0x00, 0x00,
    0x00, 0x00, 0x00, 0x00, 0x1F, 0x04, 0x04, 0x04, 0x04, 0x04, 0x04, 0x44, 0x44, 0x38, 0x00, 0x00,
    0x00, 0x00, 0x00, 0x00, 0x42, 0x44, 0x48, 0x50, 0x60, 0x60, 0x50, 0x48, 0x44, 0x42, 0x00, 0x00,
    0x00, 0x00, 0x00, 0x00, 0x40, 0x40, 0x40, 0x40, 0x40, 0x40, 0x40, 0x40, 0x40, 0x7E, 0x00, 0x00,
    0x00, 0x00, 0x00, 0x00, 0x42, 0x42, 0x66, 0x66, 0x5A, 0x5A, 0x42, 0x42, 0x42, 0x42, 0x00, 0x00,
    0x00, 0x00, 0x00, 0x00, 0x42, 0x62, 0x62, 0x52, 0x52, 0x4A, 0x4A, 0x46, 0x46, 0x42, 0x00, 0x00,
    0x00, 0x00, 0x00, 0x00, 0x3C, 0x42, 0x42, 0x42, 0x42, 0x42, 0x42, 0x42, 0x42, 0x3C, 0x00, 0x00,
    0x00, 0x00, 0x00, 0x00, 0x7C, 0x42, 0x42, 0x42, 0x7C, 0x40, 0x40, 0x40, 0x40, 0x40, 0x00, 0x00,
    0x00, 0x00, 0x00, 0x00, 0x3C, 0x42, 0x42, 0x42, 0x42, 0x42, 0x42, 0x5A, 0x66, 0x3C, 0x03, 0x00,
    0x00, 0x00, 0x00, 0x00, 0x7C, 0x42, 0x42, 0x42, 0x7C, 0x48, 0x44, 0x44, 0x42, 0x42, 0x00, 0x00,
    0x00, 0x00, 0x00, 0x00, 0x3C, 0x42, 0x42, 0x40, 0x30, 0x0C, 0x02, 0x42, 0x42, 0x3C, 0x00, 0x00,
    0x00, 0x00, 0x00, 0x00, 0x7F, 0x08, 0x08, 0x08, 0x08, 0x08, 0x08, 0x08, 0x08, 0x08, 0x00, 0x00,
    0x00, 0x00, 0x00, 0x00, 0x42, 0x42, 0x42, 0x42, 0x42, 0x42, 0x42, 0x42, 0x42, 0x3C, 0x00, 0x00,
    0x00, 0x00, 0x00, 0x00, 0x41, 0x41, 0x41, 0x22, 0x22, 0x22, 0x14, 0x14, 0x08, 0x08, 0x00, 0x00,
    0x00, 0x00, 0x00, 0x00, 0x42, 0x42, 0x42, 0x42, 0x5A, 0x5A, 0x66, 0x66, 0x42, 0x42, 0x00, 0x00,
    0x00, 0x00, 0x00, 0x00, 0x42, 0x42, 0x24, 0x24, 0x18, 0x18, 0x24, 0x24, 0x42, 0x42, 0x00, 0x00,
    0x00, 0x00, 0x00, 0x00, 0x41, 0x41, 0x22, 0x22, 0x14, 0x08, 0x08, 0x08, 0x08, 0x08, 0x00, 0x00,
    0x00, 0x00, 0x00, 0x00, 0x7E, 0x02, 0x02, 0x04, 0x08, 0x10, 0x20, 0x40, 0x40, 0x7E, 0x00, 0x00,
    0x00, 0x00, 0x00, 0x0E, 0x08, 0x08, 0x08, 0x08, 0x08, 0x08, 0x08, 0x08, 0x08, 0x08, 0x0E, 0x00,
    0x00, 0x00, 0x00, 0x00, 0x40, 0x40, 0x20, 0x10, 0x10, 0x08, 0x08, 0x04, 0x02, 0x02, 0x00, 0x00,
    0x00, 0x00, 0x00, 0x70, 0x10, 0x10, 0x10, 0x10, 0x10, 0x10, 0x10, 0x10, 0x10, 0x10, 0x70, 0x00,
    0x00, 0x00, 0x18, 0x24, 0x42, 0x00, 0x00, 0x00, 0x00, 0x00, 0x00, 0x00, 0x00, 0x00, 0x00, 0x00,
    0x00, 0x00, 0x00, 0x00, 0x00, 0x00, 0x00, 0x00, 0x00, 0x00, 0x00, 0x00, 0x00, 0x00, 0x7F, 0x00,
    0x00, 0x20, 0x10, 0x08, 0x00, 0x00, 0x00, 0x00, 0x00, 0x00, 0x00, 0x00, 0x00, 0x00, 0x00, 0x00,
    0x00, 0x00, 0x00, 0x00, 0x00, 0x00, 0x3C, 0x42, 0x02, 0x3E, 0x42, 0x42, 0x46, 0x3A, 0x00, 0x00,
    0x00, 0x00, 0x00, 0x40, 0x40, 0x40, 0x5C, 0x62, 0x42, 0x42, 0x42, 0x42, 0x62, 0x5C, 0x00, 0x00,
    0x00, 0x00, 0x00, 0x00, 0x00, 0x00, 0x3C, 0x42, 0x40, 0x40, 0x40, 0x40, 0x42, 0x3C, 0x00, 0x00,
    0x00, 0x00, 0x00, 0x02, 0x02, 0x02, 0x3A, 0x46, 0x42, 0x42, 0x42, 0x42, 0x46, 0x3A, 0x00, 0x00,
    0x00, 0x00, 0x00, 0x00, 0x00, 0x00, 0x3C, 0x42, 0x42, 0x7E, 0x40, 0x40, 0x42, 0x3C, 0x00, 0x00,
    0x00, 0x00, 0x00, 0x0C, 0x10, 0x10, 0x10, 0x7C, 0x10, 0x10, 0x10, 0x10, 0x10, 0x10, 0x00, 0x00,
    0x00, 0x00, 0x00, 0x00, 0x00, 0x02, 0x3A, 0x44, 0x44, 0x44, 0x38, 0x20, 0x3C, 0x42, 0x42, 0x3C,
    0x00, 0x00, 0x00, 0x40, 0x40, 0x40, 0x5C, 0x62, 0x42, 0x42, 0x42, 0x42, 0x42, 0x42, 0x00, 0x00,
    0x00, 0x00, 0x00, 0x08, 0x08, 0x00, 0x18, 0x08, 0x08, 0x08, 0x08, 0x08, 0x08, 0x3E, 0x00, 0x00,
    0x00, 0x00, 0x00, 0x04, 0x04, 0x00, 0x0C, 0x04, 0x04, 0x04, 0x04, 0x04, 0x04, 0x04, 0x48, 0x30,
    0x00, 0x00, 0x00, 0x40, 0x40, 0x40, 0x44, 0x48, 0x50, 0x60, 0x50, 0x48, 0x44, 0x42, 0x00, 0x00,
    0x00, 0x00, 0x00, 0x18, 0x08, 0x08, 0x08, 0x08, 0x08, 0x08, 0x08, 0x08, 0x08, 0x3E, 0x00, 0x00,
    0x00, 0x00, 0x00, 0x00, 0x00, 0x00, 0x76, 0x49, 0x49, 0x49, 0x49, 0x49, 0x49, 0x49, 0x00, 0x00,
    0x00, 0x00, 0x00, 0x00, 0x00, 0x00, 0x5C, 0x62, 0x42, 0x42, 0x42, 0x42, 0x42, 0x42, 0x00, 0x00,
    0x00, 0x00, 0x00, 0x00, 0x00, 0x00, 0x3C, 0x42, 0x42, 0x42, 0x42, 0x42, 0x42, 0x3C, 0x00, 0x00,
    0x00, 0x00, 0x00, 0x00, 0x00, 0x00, 0x5C, 0x62, 0x42, 0x42, 0x42, 0x42, 0x62, 0x5C, 0x40, 0x40,
    0x00, 0x00, 0x00, 0x00, 0x00, 0x00, 0x3A, 0x46, 0x42, 0x42, 0x42, 0x42, 0x46, 0x3A, 0x02, 0x02,
    0x00, 0x00, 0x00, 0x00, 0x00, 0x00, 0x5C, 0x62, 0x42, 0x40, 0x40, 0x40, 0x40, 0x40, 0x00, 0x00,
    0x00, 0x00, 0x00, 0x00, 0x00, 0x00, 0x3C, 0x42, 0x40, 0x30, 0x0C, 0x02, 0x42, 0x3C, 0x00, 0x00,
    0x00, 0x00, 0x00, 0x00, 0x10, 0x10, 0x10, 0x7C, 0x10, 0x10, 0x10, 0x10, 0x10, 0x0C, 0x00, 0x00,
    0x00, 0x00, 0x00, 0x00, 0x00, 0x00, 0x42, 0x42, 0x42, 0x42, 0x42, 0x42, 0x46, 0x3A, 0x00, 0x00,
    0x00, 0x00, 0x00, 0x00, 0x00, 0x00, 0x42, 0x42, 0x42, 0x24, 0x24, 0x24, 0x18, 0x18, 0x00, 0x00,
    0x00, 0x00, 0x00, 0x00, 0x00, 0x00, 0x41, 0x49, 0x49, 0x49, 0x49, 0x49, 0x49, 0x36, 0x00, 0x00,
    0x00, 0x00, 0x00, 0x00, 0x00, 0x00, 0x42, 0x42, 0x24, 0x18, 0x18, 0x24, 0x42, 0x42, 0x00, 0x00,
    0x00, 0x00, 0x00, 0x00, 0x00, 0x00, 0x42, 0x42, 0x42, 0x42, 0x42, 0x26, 0x1A, 0x02, 0x02, 0x3C,
    0x00, 0x00, 0x00, 0x00, 0x00, 0x00, 0x7E, 0x02, 0x04, 0x08, 0x10, 0x20, 0x40, 0x7E, 0x00, 0x00,
    0x00, 0x00, 0x00, 0x0C, 0x10, 0x10, 0x08, 0x08, 0x10, 0x20, 0x10, 0x08, 0x08, 0x10, 0x10, 0x0C,
    0x00, 0x00, 0x08, 0x08, 0x08, 0x08, 0x08, 0x08, 0x08, 0x08, 0x08, 0x08, 0x08, 0x08, 0x08, 0x08,
    0x00, 0x00, 0x00, 0x30, 0x08, 0x08, 0x10, 0x10, 0x08, 0x04, 0x08, 0x10, 0x10, 0x08, 0x08, 0x30,
    0x00, 0x00, 0x00, 0x31, 0x49, 0x46, 0x00, 0x00, 0x00, 0x00, 0x00, 0x00, 0x00, 0x00, 0x00, 0x00,
    0x00, 0x00, 0x00, 0x00, 0x00, 0x00, 0x00, 0x00, 0x00, 0x00, 0x00, 0x00, 0x00, 0x00, 0x00, 0x00,
    0x00, 0x00, 0x00, 0x00, 0x08, 0x08, 0x00, 0x08, 0x08, 0x08, 0x08, 0x08, 0x08, 0x08, 0x00, 0x00,
    0x00, 0x00, 0x00, 0x00, 0x08, 0x08, 0x3E, 0x49, 0x48, 0x48, 0x49, 0x3E, 0x08, 0x08, 0x00, 0x00,
    0x00, 0x00, 0x00, 0x00, 0x0E, 0x10, 0x10, 0x10, 0x7C, 0x10, 0x10, 0x10, 0x3E, 0x61, 0x00, 0x00,
    0x00, 0x00, 0x00, 0x00, 0x00, 0x42, 0x3C, 0x24, 0x42, 0x42, 0x24, 0x3C, 0x42, 0x00, 0x00, 0x00,
    0x00, 0x00, 0x00, 0x00, 0x41, 0x22, 0x14, 0x08, 0x7F, 0x08, 0x7F, 0x08, 0x08, 0x08, 0x00, 0x00,
    0x00, 0x00, 0x00, 0x00, 0x08, 0x08, 0x08, 0x08, 0x00, 0x00, 0x08, 0x08, 0x08, 0x08, 0x00, 0x00,
    0x00, 0x00, 0x00, 0x00, 0x3C, 0x42, 0x40, 0x3C, 0x42, 0x42, 0x3C, 0x02, 0x42, 0x3C, 0x00, 0x00,
    0x24, 0x24, 0x00, 0x00, 0x00, 0x00, 0x00, 0x00, 0x00, 0x00, 0x00, 0x00, 0x00, 0x00, 0x00, 0x00,
    0x00, 0x00, 0x00, 0x00, 0x3C, 0x42, 0x99, 0xA5, 0xA1, 0xA1, 0xA5, 0x99, 0x42, 0x3C, 0x00, 0x00,
    0x00, 0x00, 0x1C, 0x02, 0x1E, 0x22, 0x1E, 0x00, 0x3E, 0x00, 0x00, 0x00, 0x00, 0x00, 0x00, 0x00,
    0x00, 0x00, 0x00, 0x00, 0x00, 0x12, 0x12, 0x24, 0x24, 0x48, 0x24, 0x24, 0x12, 0x12, 0x00, 0x00,
    0x00, 0x00, 0x00, 0x00, 0x00, 0x00, 0x00, 0x00, 0x00, 0x00, 0x7E, 0x02, 0x02, 0x02, 0x00, 0x00,
    0xAA, 0xAA, 0x00, 0x01, 0x80, 0x00, 0x3A, 0x63, 0xC2, 0x54, 0x33, 0xC9, 0x8A, 0x48, 0x72, 0x49,
    0x80, 0x00, 0x00, 0x01, 0x80, 0x00, 0x03, 0xC1, 0x80, 0x00, 0x00, 0x01, 0x80, 0x00, 0x55, 0x55,
    0x00, 0x00, 0x00, 0x00, 0x3C, 0x42, 0xB9, 0xA5, 0xA5, 0xB9, 0xA9, 0xA5, 0x42, 0x3C, 0x00, 0x00,
    0x00, 0x00, 0x7E, 0x00, 0x00, 0x00, 0x00, 0x00, 0x00, 0x00, 0x00, 0x00, 0x00, 0x00, 0x00, 0x00,
    0x00, 0x00, 0x00, 0x00, 0x18, 0x24, 0x24, 0x18, 0x00, 0x00, 0x00, 0x00, 0x00, 0x00, 0x00, 0x00,
    0x00, 0x00, 0x00, 0x00, 0x08, 0x08, 0x08, 0x7F, 0x08, 0x08, 0x08, 0x00, 0x7F, 0x00, 0x00, 0x00,
    0x00, 0x00, 0x00, 0x38, 0x44, 0x04, 0x18, 0x20, 0x40, 0x7C, 0x00, 0x00, 0x00, 0x00, 0x00, 0x00,
    0x00, 0x00, 0x00, 0x38, 0x44, 0x04, 0x38, 0x04, 0x44, 0x38, 0x00, 0x00, 0x00, 0x00, 0x00, 0x00,
    0x00, 0x04, 0x08, 0x10, 0x00, 0x00, 0x00, 0x00, 0x00, 0x00, 0x00, 0x00, 0x00, 0x00, 0x00, 0x00,
    0x00, 0x00, 0x00, 0x00, 0x00, 0x00, 0x42, 0x42, 0x42, 0x42, 0x42, 0x42, 0x66, 0x59, 0x40, 0x80,
    0x00, 0x00, 0x00, 0x00, 0x3F, 0x7A, 0x7A, 0x7A, 0x3A, 0x0A, 0x0A, 0x0A, 0x0A, 0x0A, 0x0A, 0x00,
    0x00, 0x00, 0x00, 0x00, 0x00, 0x00, 0x00, 0x00, 0x18, 0x18, 0x00, 0x00, 0x00, 0x00, 0x00, 0x00,
    0x00, 0x00, 0x00, 0x00, 0x00, 0x00, 0x00, 0x00, 0x00, 0x00, 0x00, 0x00, 0x00, 0x00, 0x08, 0x30,
    0x00, 0x00, 0x00, 0x10, 0x30, 0x50, 0x10, 0x10, 0x10, 0x7C, 0x00, 0x00, 0x00, 0x00, 0x00, 0x00,
    0x00, 0x00, 0x1C, 0x22, 0x22, 0x22, 0x1C, 0x00, 0x3E, 0x00, 0x00, 0x00, 0x00, 0x00, 0x00, 0x00,
    0x00, 0x00, 0x00, 0x00, 0x00, 0x48, 0x48, 0x24, 0x24, 0x12, 0x24, 0x24, 0x48, 0x48, 0x00, 0x00,
    0x00, 0x00, 0x00, 0x00, 0x22, 0x62, 0x24, 0x28, 0x28, 0x12, 0x16, 0x2A, 0x4E, 0x42, 0x00, 0x00,
    0x00, 0x00, 0x00, 0x00, 0x22, 0x62, 0x24, 0x28, 0x28, 0x14, 0x1A, 0x22, 0x44, 0x4E, 0x00, 0x00,
    0x00, 0x00, 0x00, 0x00, 0x62, 0x12, 0x24, 0x18, 0x68, 0x12, 0x16, 0x2A, 0x4E, 0x42, 0x00, 0x00,
    0x00, 0x00, 0x00, 0x00, 0x10, 0x10, 0x00, 0x10, 0x10, 0x20, 0x40, 0x42, 0x42, 0x3C, 0x00, 0x00,
    0x30, 0x0C, 0x00, 0x00, 0x18, 0x24, 0x24, 0x42, 0x42, 0x7E, 0x42, 0x42, 0x42, 0x42, 0x00, 0x00,
    0x0C, 0x30, 0x00, 0x00, 0x18, 0x24, 0x24, 0x42, 0x42, 0x7E, 0x42, 0x42, 0x42, 0x42, 0x00, 0x00,
    0x18, 0x24, 0x00, 0x00, 0x18, 0x24, 0x24, 0x42, 0x42, 0x7E, 0x42, 0x42, 0x42, 0x42, 0x00, 0x00,
    0x32, 0x4C, 0x00, 0x00, 0x18, 0x24, 0x24, 0x42, 0x42, 0x7E, 0x42, 0x42, 0x42, 0x42, 0x00, 0x00,
    0x24, 0x24, 0x00, 0x00, 0x18, 0x24, 0x24, 0x42, 0x42, 0x7E, 0x42, 0x42, 0x42, 0x42, 0x00, 0x00,
    0x18, 0x24, 0x18, 0x00, 0x18, 0x24, 0x24, 0x42, 0x42, 0x7E, 0x42, 0x42, 0x42, 0x42, 0x00, 0x00,
    0x00, 0x00, 0x00, 0x00, 0x1F, 0x28, 0x48, 0x48, 0x7F, 0x48, 0x48, 0x48, 0x48, 0x4F, 0x00, 0x00,
    0x00, 0x00, 0x00, 0x00, 0x3C, 0x42, 0x42, 0x40, 0x40, 0x40, 0x40, 0x42, 0x42, 0x3C, 0x08, 0x30,
    0x30, 0x0C, 0x00, 0x00, 0x7E, 0x40, 0x40, 0x40, 0x7C, 0x40, 0x40, 0x40, 0x40, 0x7E, 0x00, 0x00,
    0x0C, 0x30, 0x00, 0x00, 0x7E, 0x40, 0x40, 0x40, 0x7C, 0x40, 0x40, 0x40, 0x40, 0x7E, 0x00, 0x00,
    0x18, 0x24, 0x00, 0x00, 0x7E, 0x40, 0x40, 0x40, 0x7C, 0x40, 0x40, 0x40, 0x40, 0x7E, 0x00, 0x00,
    0x24, 0x24, 0x00, 0x00, 0x7E, 0x40, 0x40, 0x40, 0x7C, 0x40, 0x40, 0x40, 0x40, 0x7E, 0x00, 0x00,
    0x18, 0x06, 0x00, 0x00, 0x3E, 0x08, 0x08, 0x08, 0x08, 0x08, 0x08, 0x08, 0x08, 0x3E, 0x00, 0x00,
    0x0C, 0x30, 0x00, 0x00, 0x3E, 0x08, 0x08, 0x08, 0x08, 0x08, 0x08, 0x08, 0x08, 0x3E, 0x00, 0x00,
    0x18, 0x24, 0x00, 0x00, 0x3E, 0x08, 0x08, 0x08, 0x08, 0x08, 0x08, 0x08, 0x08, 0x3E, 0x00, 0x00,
    0x24, 0x24, 0x00, 0x00, 0x3E, 0x08, 0x08, 0x08, 0x08, 0x08, 0x08, 0x08, 0x08, 0x3E, 0x00, 0x00,
    0x00, 0x00, 0x00, 0x00, 0x78, 0x44, 0x42, 0x42, 0xF2, 0x42, 0x42, 0x42, 0x44, 0x78, 0x00, 0x00,
    0x32, 0x4C, 0x00, 0x00, 0x42, 0x62, 0x62, 0x52, 0x52, 0x4A, 0x4A, 0x46, 0x46, 0x42, 0x00, 0x00,
    0x30, 0x0C, 0x00, 0x00, 0x3C, 0x42, 0x42, 0x42, 0x42, 0x42, 0x42, 0x42, 0x42, 0x3C, 0x00, 0x00,
    0x0C, 0x30, 0x00, 0x00, 0x3C, 0x42, 0x42, 0x42, 0x42, 0x42, 0x42, 0x42, 0x42, 0x3C, 0x00, 0x00,
    0x18, 0x24, 0x00, 0x00, 0x3C, 0x42, 0x42, 0x42, 0x42, 0x42, 0x42, 0x42, 0x42, 0x3C, 0x00, 0x00,
    0x32, 0x4C, 0x00, 0x00, 0x3C, 0x42, 0x42, 0x42, 0x42, 0x42, 0x42, 0x42, 0x42, 0x3C, 0x00, 0x00,
    0x24, 0x24, 0x00, 0x00, 0x3C, 0x42, 0x42, 0x42, 0x42, 0x42, 0x42, 0x42, 0x42, 0x3C, 0x00, 0x00,
    0x00, 0x00, 0x00, 0x00, 0x00, 0x00, 0x00, 0x42, 0x24, 0x18, 0x24, 0x42, 0x00, 0x00, 0x00, 0x00,
    0x00, 0x00, 0x00, 0x02, 0x3A, 0x44, 0x46, 0x4A, 0x4A, 0x52, 0x52, 0x62, 0x22, 0x5C, 0x40, 0x00,
    0x30, 0x0C, 0x00, 0x00, 0x42, 0x42, 0x42, 0x42, 0x42, 0x42, 0x42, 0x42, 0x42, 0x3C, 0x00, 0x00,
    0x0C, 0x30, 0x00, 0x00, 0x42, 0x42, 0x42, 0x42, 0x42, 0x42, 0x42, 0x42, 0x42, 0x3C, 0x00, 0x00,
    0x18, 0x24, 0x00, 0x00, 0x42, 0x42, 0x42, 0x42, 0x42, 0x42, 0x42, 0x42, 0x42, 0x3C, 0x00, 0x00,
    0x24, 0x24, 0x00, 0x00, 0x42, 0x42, 0x42, 0x42, 0x42, 0x42, 0x42, 0x42, 0x42, 0x3C, 0x00, 0x00,
    0x0C, 0x30, 0x00, 0x00, 0x41, 0x41, 0x22, 0x22, 0x14, 0x08, 0x08, 0x08, 0x08, 0x08, 0x00, 0x00,
    0x00, 0x00, 0x00, 0x40, 0x40, 0x78, 0x44, 0x42, 0x42, 0x44, 0x78, 0x40, 0x40, 0x40, 0x00, 0x00,
    0x00, 0x00, 0x00, 0x00, 0x38, 0x44, 0x44, 0x48, 0x58, 0x44, 0x42, 0x42, 0x52, 0x4C, 0x00, 0x00,
    0x00, 0x00, 0x30, 0x0C, 0x00, 0x00, 0x3C, 0x42, 0x02, 0x3E, 0x42, 0x42, 0x46, 0x3A, 0x00, 0x00,
    0x00, 0x00, 0x0C, 0x30, 0x00, 0x00, 0x3C, 0x42, 0x02, 0x3E, 0x42, 0x42, 0x46, 0x3A, 0x00, 0x00,
    0x00, 0x00, 0x18, 0x24, 0x00, 0x00, 0x3C, 0x42, 0x02, 0x3E, 0x42, 0x42, 0x46, 0x3A, 0x00, 0x00,
    0x00, 0x00, 0x32, 0x4C, 0x00, 0x00, 0x3C, 0x42, 0x02, 0x3E, 0x42, 0x42, 0x46, 0x3A, 0x00, 0x00,
    0x00, 0x00, 0x24, 0x24, 0x00, 0x00, 0x3C, 0x42, 0x02, 0x3E, 0x42, 0x42, 0x46, 0x3A, 0x00, 0x00,
    0x00, 0x18, 0x24, 0x18, 0x00, 0x00, 0x3C, 0x42, 0x02, 0x3E, 0x42, 0x42, 0x46, 0x3A, 0x00, 0x00,
    0x00, 0x00, 0x00, 0x00, 0x00, 0x00, 0x3E, 0x49, 0x09, 0x3F, 0x48, 0x48, 0x49, 0x3E, 0x00, 0x00,
    0x00, 0x00, 0x00, 0x00, 0x00, 0x00, 0x3C, 0x42, 0x40, 0x40, 0x40, 0x40, 0x42, 0x3C, 0x08, 0x30,
    0x00, 0x00, 0x30, 0x0C, 0x00, 0x00, 0x3C, 0x42, 0x42, 0x7E, 0x40, 0x40, 0x42, 0x3C, 0x00, 0x00,
    0x00, 0x00, 0x0C, 0x30, 0x00, 0x00, 0x3C, 0x42, 0x42, 0x7E, 0x40, 0x40, 0x42, 0x3C, 0x00, 0x00,
    0x00, 0x00, 0x18, 0x24, 0x00, 0x00, 0x3C, 0x42, 0x42, 0x7E, 0x40, 0x40, 0x42, 0x3C, 0x00, 0x00,
    0x00, 0x00, 0x24, 0x24, 0x00, 0x00, 0x3C, 0x42, 0x42, 0x7E, 0x40, 0x40, 0x42, 0x3C, 0x00, 0x00,
    0x00, 0x00, 0x30, 0x0C, 0x00, 0x00, 0x18, 0x08, 0x08, 0x08, 0x08, 0x08, 0x08, 0x3E, 0x00, 0x00,
    0x00, 0x00, 0x0C, 0x30, 0x00, 0x00, 0x18, 0x08, 0x08, 0x08, 0x08, 0x08, 0x08, 0x3E, 0x00, 0x00,
    0x00, 0x00, 0x18, 0x24, 0x00, 0x00, 0x18, 0x08, 0x08, 0x08, 0x08, 0x08, 0x08, 0x3E, 0x00, 0x00,
    0x00, 0x00, 0x24, 0x24, 0x00, 0x00, 0x18, 0x08, 0x08, 0x08, 0x08, 0x08, 0x08, 0x3E, 0x00, 0x00,
    0x00, 0x00, 0x32, 0x0C, 0x14, 0x22, 0x02, 0x3E, 0x42, 0x42, 0x42, 0x42, 0x42, 0x3C, 0x00, 0x00,
    0x00, 0x00, 0x32, 0x4C, 0x00, 0x00, 0x5C, 0x62, 0x42, 0x42, 0x42, 0x42, 0x42, 0x42, 0x00, 0x00,
    0x00, 0x00, 0x30, 0x0C, 0x00, 0x00, 0x3C, 0x42, 0x42, 0x42, 0x42, 0x42, 0x42, 0x3C, 0x00, 0x00,
    0x00, 0x00, 0x0C, 0x30, 0x00, 0x00, 0x3C, 0x42, 0x42, 0x42, 0x42, 0x42, 0x42, 0x3C, 0x00, 0x00,
    0x00, 0x00, 0x18, 0x24, 0x00, 0x00, 0x3C, 0x42, 0x42, 0x42, 0x42, 0x42, 0x42, 0x3C, 0x00, 0x00,
    0x00, 0x00, 0x32, 0x4C, 0x00, 0x00, 0x3C, 0x42, 0x42, 0x42, 0x42, 0x42, 0x42, 0x3C, 0x00, 0x00,
    0x00, 0x00, 0x24, 0x24, 0x00, 0x00, 0x3C, 0x42, 0x42, 0x42, 0x42, 0x42, 0x42, 0x3C, 0x00, 0x00,
    0x00, 0x00, 0x00, 0x00, 0x00, 0x00, 0x18, 0x00, 0x00, 0x7E, 0x00, 0x00, 0x18, 0x00, 0x00, 0x00,
    0x00, 0x00, 0x00, 0x00, 0x00, 0x02, 0x3C, 0x46, 0x4A, 0x4A, 0x52, 0x52, 0x62, 0x3C, 0x40, 0x00,
    0x00, 0x00, 0x30, 0x0C, 0x00, 0x00, 0x42, 0x42, 0x42, 0x42, 0x42, 0x42, 0x46, 0x3A, 0x00, 0x00,
    0x00, 0x00, 0x0C, 0x30, 0x00, 0x00, 0x42, 0x42, 0x42, 0x42, 0x42, 0x42, 0x46, 0x3A, 0x00, 0x00,
    0x00, 0x00, 0x18, 0x24, 0x00, 0x00, 0x42, 0x42, 0x42, 0x42, 0x42, 0x42, 0x46, 0x3A, 0x00, 0x00,
    0x00, 0x00, 0x24, 0x24, 0x00, 0x00, 0x42, 0x42, 0x42, 0x42, 0x42, 0x42, 0x46, 0x3A, 0x00, 0x00,
    0x00, 0x00, 0x0C, 0x30, 0x00, 0x00, 0x42, 0x42, 0x42, 0x42, 0x42, 0x26, 0x1A, 0x02, 0x02, 0x3C,
    0x00, 0x00, 0x00, 0x40, 0x40, 0x40, 0x5C, 0x62, 0x42, 0x42, 0x42, 0x42, 0x62, 0x5C, 0x40, 0x40,
    0x00, 0x00, 0x24, 0x24, 0x00, 0x00, 0x42, 0x42, 0x42, 0x42, 0x42, 0x26, 0x1A, 0x02, 0x02, 0x3C,
    0x00, 0x3C, 0x00, 0x00, 0x18, 0x24, 0x24, 0x42, 0x42, 0x7E, 0x42, 0x42, 0x42, 0x42, 0x00, 0x00,
    0x00, 0x00, 0x00, 0x3C, 0x00, 0x00, 0x3C, 0x42, 0x02, 0x3E, 0x42, 0x42, 0x46, 0x3A, 0x00, 0x00,
    0x42, 0x42, 0x3C, 0x00, 0x18, 0x24, 0x24, 0x42, 0x42, 0x7E, 0x42, 0x42, 0x42, 0x42, 0x00, 0x00,
    0x00, 0x42, 0x42, 0x3C, 0x00, 0x00, 0x3C, 0x42, 0x02, 0x3E, 0x42, 0x42, 0x46, 0x3A, 0x00, 0x00,
    0x00, 0x00, 0x00, 0x00, 0x18, 0x24, 0x24, 0x42, 0x42, 0x7E, 0x42, 0x42, 0x42, 0x42, 0x04, 0x03,
    0x00, 0x00, 0x00, 0x00, 0x00, 0x00, 0x3C, 0x42, 0x02, 0x3E, 0x42, 0x42, 0x46, 0x3A, 0x04, 0x03,
    0x0C, 0x30, 0x00, 0x00, 0x3C, 0x42, 0x42, 0x40, 0x40, 0x40, 0x40, 0x42, 0x42, 0x3C, 0x00, 0x00,
    0x00, 0x00, 0x0C, 0x30, 0x00, 0x00, 0x3C, 0x42, 0x40, 0x40, 0x40, 0x40, 0x42, 0x3C, 0x00, 0x00,
    0x18, 0x24, 0x00, 0x00, 0x3C, 0x42, 0x42, 0x40, 0x40, 0x40, 0x40, 0x42, 0x42, 0x3C, 0x00, 0x00,
    0x00, 0x00, 0x18, 0x24, 0x00, 0x00, 0x3C, 0x42, 0x40, 0x40, 0x40, 0x40, 0x42, 0x3C, 0x00, 0x00,
    0x10, 0x10, 0x00, 0x00, 0x3C, 0x42, 0x42, 0x40, 0x40, 0x40, 0x40, 0x42, 0x42, 0x3C, 0x00, 0x00,
    0x00, 0x00, 0x10, 0x10, 0x00, 0x00, 0x3C, 0x42, 0x40, 0x40, 0x40, 0x40, 0x42, 0x3C, 0x00, 0x00,
    0x24, 0x18, 0x00, 0x00, 0x3C, 0x42, 0x42, 0x40, 0x40, 0x40, 0x40, 0x42, 0x42, 0x3C, 0x00, 0x00,
    0x00, 0x00, 0x24, 0x18, 0x00, 0x00, 0x3C, 0x42, 0x40, 0x40, 0x40, 0x40, 0x42, 0x3C, 0x00, 0x00,
    0x48, 0x30, 0x00, 0x00, 0x78, 0x44, 0x42, 0x42, 0x42, 0x42, 0x42, 0x42, 0x44, 0x78, 0x00, 0x00,
    0x00, 0x00, 0x00, 0x16, 0x12, 0x12, 0x54, 0xB0, 0x90, 0x90, 0x90, 0x90, 0xB0, 0x50, 0x00, 0x00,
    0x00, 0x00, 0x00, 0x00, 0x78, 0x44, 0x42, 0x42, 0xF2, 0x42, 0x42, 0x42, 0x44, 0x78, 0x00, 0x00,
    0x00, 0x00, 0x00, 0x02, 0x0F, 0x02, 0x3A, 0x46, 0x42, 0x42, 0x42, 0x42, 0x46, 0x3A, 0x00, 0x00,
    0x00, 0x3C, 0x00, 0x00, 0x7E, 0x40, 0x40, 0x40, 0x7C, 0x40, 0x40, 0x40, 0x40, 0x7E, 0x00, 0x00,
    0x00, 0x00, 0x00, 0x3C, 0x00, 0x00, 0x3C, 0x42, 0x42, 0x7E, 0x40, 0x40, 0x42, 0x3C, 0x00, 0x00,
    0x42, 0x42, 0x3C, 0x00, 0x7E, 0x40, 0x40, 0x40, 0x7C, 0x40, 0x40, 0x40, 0x40, 0x7E, 0x00, 0x00,
    0x00, 0x00, 0x42, 0x42, 0x3C, 0x00, 0x3C, 0x42, 0x42, 0x7E, 0x40, 0x40, 0x42, 0x3C, 0x00, 0x00,
    0x10, 0x10, 0x00, 0x00, 0x7E, 0x40, 0x40, 0x40, 0x7C, 0x40, 0x40, 0x40, 0x40, 0x7E, 0x00, 0x00,
    0x00, 0x00, 0x10, 0x10, 0x00, 0x00, 0x3C, 0x42, 0x42, 0x7E, 0x40, 0x40, 0x42, 0x3C, 0x00, 0x00,
    0x00, 0x00, 0x00, 0x00, 0x7E, 0x40, 0x40, 0x40, 0x7C, 0x40, 0x40, 0x40, 0x40, 0x7E, 0x08, 0x06,
    0x00, 0x00, 0x00, 0x00, 0x00, 0x00, 0x3C, 0x42, 0x42, 0x7E, 0x40, 0x40, 0x42, 0x3C, 0x10, 0x0C,
    0x24, 0x18, 0x00, 0x00, 0x7E, 0x40, 0x40, 0x40, 0x7C, 0x40, 0x40, 0x40, 0x40, 0x7E, 0x00, 0x00,
    0x00, 0x00, 0x24, 0x18, 0x00, 0x00, 0x3C, 0x42, 0x42, 0x7E, 0x40, 0x40, 0x42, 0x3C, 0x00, 0x00,
    0x18, 0x24, 0x00, 0x00, 0x3C, 0x42, 0x42, 0x40, 0x40, 0x4E, 0x42, 0x42, 0x46, 0x3A, 0x00, 0x00,
    0x00, 0x00, 0x18, 0x24, 0x00, 0x02, 0x3A, 0x44, 0x44, 0x44, 0x38, 0x20, 0x3C, 0x42, 0x42, 0x3C,
    0x42, 0x42, 0x3C, 0x00, 0x3C, 0x42, 0x42, 0x40, 0x40, 0x4E, 0x42, 0x42, 0x46, 0x3A, 0x00, 0x00,
    0x00, 0x42, 0x42, 0x3C, 0x00, 0x02, 0x3A, 0x44, 0x44, 0x44, 0x38, 0x20, 0x3C, 0x42, 0x42, 0x3C,
    0x10, 0x10, 0x00, 0x00, 0x3C, 0x42, 0x42, 0x40, 0x40, 0x4E, 0x42, 0x42, 0x46, 0x3A, 0x00, 0x00,
    0x00, 0x00, 0x10, 0x10, 0x00, 0x02, 0x3A, 0x44, 0x44, 0x44, 0x38, 0x20, 0x3C, 0x42, 0x42, 0x3C,
    0x00, 0x00, 0x00, 0x00, 0x3C, 0x42, 0x42, 0x40, 0x40, 0x4E, 0x42, 0x42, 0x46, 0x3A, 0x08, 0x30,
    0x00, 0x00, 0x20, 0x20, 0x18, 0x02, 0x3A, 0x44, 0x44, 0x44, 0x38, 0x20, 0x3C, 0x42, 0x42, 0x3C,
    0x18, 0x24, 0x00, 0x00, 0x42, 0x42, 0x42, 0x42, 0x7E, 0x42, 0x42, 0x42, 0x42, 0x42, 0x00, 0x00,
    0x30, 0x48, 0x00, 0x40, 0x40, 0x40, 0x5C, 0x62, 0x42, 0x42, 0x42, 0x42, 0x42, 0x42, 0x00, 0x00,
    0x00, 0x00, 0x00, 0x00, 0x42, 0x42, 0xFF, 0x42, 0x42, 0x7E, 0x42, 0x42, 0x42, 0x42, 0x00, 0x00,
    0x00, 0x00, 0x00, 0x40, 0xF0, 0x40, 0x5C, 0x62, 0x42, 0x42, 0x42, 0x42, 0x42, 0x42, 0x00, 0x00,
    0x32, 0x4C, 0x00, 0x00, 0x3E, 0x08, 0x08, 0x08, 0x08, 0x08, 0x08, 0x08, 0x08, 0x3E, 0x00, 0x00,
    0x00, 0x00, 0x32, 0x4C, 0x00, 0x00, 0x18, 0x08, 0x08, 0x08, 0x08, 0x08, 0x08, 0x3E, 0x00, 0x00,
    0x00, 0x3C, 0x00, 0x00, 0x3E, 0x08, 0x08, 0x08, 0x08, 0x08, 0x08, 0x08, 0x08, 0x3E, 0x00, 0x00,
    0x00, 0x00, 0x00, 0x3C, 0x00, 0x00, 0x18, 0x08, 0x08, 0x08, 0x08, 0x08, 0x08, 0x3E, 0x00, 0x00,
    0x42, 0x42, 0x3C, 0x00, 0x3E, 0x08, 0x08, 0x08, 0x08, 0x08, 0x08, 0x08, 0x08, 0x3E, 0x00, 0x00,
    0x00, 0x00, 0x42, 0x42, 0x3C, 0x00, 0x18, 0x08, 0x08, 0x08, 0x08, 0x08, 0x08, 0x3E, 0x00, 0x00,
    0x00, 0x00, 0x00, 0x00, 0x3E, 0x08, 0x08, 0x08, 0x08, 0x08, 0x08, 0x08, 0x08, 0x3E, 0x08, 0x06,
    0x00, 0x00, 0x00, 0x08, 0x08, 0x00, 0x18, 0x08, 0x08, 0x08, 0x08, 0x08, 0x08, 0x3E, 0x08, 0x06,
    0x08, 0x08, 0x00, 0x00, 0x3E, 0x08, 0x08, 0x08, 0x08, 0x08, 0x08, 0x08, 0x08, 0x3E, 0x00, 0x00,
    0x00, 0x00, 0x00, 0x00, 0x00, 0x00, 0x18, 0x08, 0x08, 0x08, 0x08, 0x08, 0x08, 0x3E, 0x00, 0x00,
    0x00, 0x00, 0x00, 0x00, 0x77, 0x22, 0x22, 0x22, 0x22, 0x22, 0x22, 0x72, 0x02, 0x1C, 0x00, 0x00,
    0x00, 0x00, 0x00, 0x22, 0x22, 0x00, 0x66, 0x22, 0x22, 0x22, 0x22, 0x72, 0x02, 0x02, 0x24, 0x18,
    0x0C, 0x12, 0x00, 0x00, 0x1F, 0x04, 0x04, 0x04, 0x04, 0x04, 0x04, 0x44, 0x44, 0x38, 0x00, 0x00,
    0x00, 0x00, 0x0C, 0x12, 0x00, 0x00, 0x0C, 0x04, 0x04, 0x04, 0x04, 0x04, 0x04, 0x04, 0x48, 0x30,
    0x00, 0x00, 0x00, 0x00, 0x42, 0x44, 0x48, 0x50, 0x60, 0x60, 0x50, 0x48, 0x44, 0x42, 0x20, 0xC0,
    0x00, 0x00, 0x00, 0x40, 0x40, 0x40, 0x44, 0x48, 0x50, 0x60, 0x50, 0x48, 0x44, 0x42, 0x20, 0xC0,
    0x00, 0x00, 0x00, 0x00, 0x00, 0x00, 0x42, 0x44, 0x48, 0x70, 0x70, 0x48, 0x44, 0x42, 0x00, 0x00,
    0x18, 0x60, 0x00, 0x00, 0x40, 0x40, 0x40, 0x40, 0x40, 0x40, 0x40, 0x40, 0x40, 0x7E, 0x00, 0x00,
    0x0C, 0x30, 0x00, 0x18, 0x08, 0x08, 0x08, 0x08, 0x08, 0x08, 0x08, 0x08, 0x08, 0x3E, 0x00, 0x00,
    0x00, 0x00, 0x00, 0x00, 0x40, 0x40, 0x40, 0x40, 0x40, 0x40, 0x40, 0x40, 0x40, 0x7E, 0x08, 0x30,
    0x00, 0x00, 0x00, 0x18, 0x08, 0x08, 0x08, 0x08, 0x08, 0x08, 0x08, 0x08, 0x08, 0x3E, 0x08, 0x30,
    0x00, 0x00, 0x00, 0x00, 0x4C, 0x44, 0x44, 0x48, 0x40, 0x40, 0x40, 0x40, 0x40, 0x7E, 0x00, 0x00,
    0x00, 0x00, 0x00, 0x36, 0x12, 0x12, 0x14, 0x10, 0x10, 0x10, 0x10, 0x10, 0x10, 0x7C, 0x00, 0x00,
    0x00, 0x00, 0x00, 0x00, 0x40, 0x40, 0x40, 0x40, 0x44, 0x44, 0x40, 0x40, 0x40, 0x7E, 0x00, 0x00,
    0x00, 0x00, 0x00, 0x30, 0x10, 0x10, 0x10, 0x10, 0x14, 0x14, 0x10, 0x10, 0x10, 0x7C, 0x00, 0x00,
    0x00, 0x00, 0x00, 0x00, 0x40, 0x40, 0x48, 0x50, 0x60, 0xC0, 0x40, 0x40, 0x40, 0x7E, 0x00, 0x00,
    0x00, 0x00, 0x00, 0x18, 0x08, 0x08, 0x0A, 0x0C, 0x18, 0x28, 0x08, 0x08, 0x08, 0x3E, 0x00, 0x00,
    0x0C, 0x30, 0x00, 0x00, 0x42, 0x62, 0x62, 0x52, 0x52, 0x4A, 0x4A, 0x46, 0x46, 0x42, 0x00, 0x00,
    0x00, 0x00, 0x0C, 0x30, 0x00, 0x00, 0x5C, 0x62, 0x42, 0x42, 0x42, 0x42, 0x42, 0x42, 0x00, 0x00,
    0x00, 0x00, 0x00, 0x00, 0x42, 0x62, 0x62, 0x52, 0x52, 0x4A, 0x4A, 0x46, 0x46, 0x42, 0x20, 0xC0,
    0x00, 0x00, 0x00, 0x00, 0x00, 0x00, 0x5C, 0x62, 0x42, 0x42, 0x42, 0x42, 0x42, 0x42, 0x20, 0xC0,
    0x24, 0x18, 0x00, 0x00, 0x42, 0x62, 0x62, 0x52, 0x52, 0x4A, 0x4A, 0x46, 0x46, 0x42, 0x00, 0x00,
    0x00, 0x00, 0x24, 0x18, 0x00, 0x00, 0x5C, 0x62, 0x42, 0x42, 0x42, 0x42, 0x42, 0x42, 0x00, 0x00,
    0x00, 0x60, 0x20, 0x20, 0x40, 0x00, 0x5C, 0x62, 0x42, 0x42, 0x42, 0x42, 0x42, 0x42, 0x00, 0x00,
    0x00, 0x00, 0x00, 0x00, 0x5C, 0x62, 0x42, 0x42, 0x42, 0x42, 0x42, 0x42, 0x42, 0x4C, 0x00, 0x00,
    0x00, 0x00, 0x00, 0x00, 0x00, 0x00, 0x5C, 0x62, 0x42, 0x42, 0x42, 0x42, 0x42, 0x42, 0x02, 0x0C,
    0x00, 0x3C, 0x00, 0x00, 0x3C, 0x42, 0x42, 0x42, 0x42, 0x42, 0x42, 0x42, 0x42, 0x3C, 0x00, 0x00,
    0x00, 0x00, 0x00, 0x3C, 0x00, 0x00, 0x3C, 0x42, 0x42, 0x42, 0x42, 0x42, 0x42, 0x3C, 0x00, 0x00,
    0x42, 0x42, 0x3C, 0x00, 0x3C, 0x42, 0x42, 0x42, 0x42, 0x42, 0x42, 0x42, 0x42, 0x3C, 0x00, 0x00,
    0x00, 0x00, 0x42, 0x42, 0x3C, 0x00, 0x3C, 0x42, 0x42, 0x42, 0x42, 0x42, 0x42, 0x3C, 0x00, 0x00,
    0x33, 0x44, 0x00, 0x00, 0x3C, 0x42, 0x42, 0x42, 0x42, 0x42, 0x42, 0x42, 0x42, 0x3C, 0x00, 0x00,
    0x00, 0x00, 0x33, 0x44, 0x00, 0x00, 0x3C, 0x42, 0x42, 0x42, 0x42, 0x42, 0x42, 0x3C, 0x00, 0x00,
    0x00, 0x00, 0x00, 0x00, 0x37, 0x48, 0x48, 0x48, 0x4E, 0x48, 0x48, 0x48, 0x48, 0x37, 0x00, 0x00,
    0x00, 0x00, 0x00, 0x00, 0x00, 0x00, 0x36, 0x49, 0x49, 0x4F, 0x48, 0x48, 0x49, 0x36, 0x00, 0x00,
    0x0C, 0x30, 0x00, 0x00, 0x7C, 0x42, 0x42, 0x42, 0x7C, 0x48, 0x44, 0x44, 0x42, 0x42, 0x00, 0x00,
    0x00, 0x00, 0x0C, 0x30, 0x00, 0x00, 0x5C, 0x62, 0x42, 0x40, 0x40, 0x40, 0x40, 0x40, 0x00, 0x00,
    0x00, 0x00, 0x00, 0x00, 0x7C, 0x42, 0x42, 0x42, 0x7C, 0x48, 0x44, 0x44, 0x42, 0x42, 0x20, 0xC0,
    0x00, 0x00, 0x00, 0x00, 0x00, 0x00, 0x5C, 0x62, 0x42, 0x40, 0x40, 0x40, 0x40, 0x40, 0x20, 0xC0,
    0x24, 0x18, 0x00, 0x00, 0x7C, 0x42, 0x42, 0x42, 0x7C, 0x48, 0x44, 0x44, 0x42, 0x42, 0x00, 0x00,
    0x00, 0x00, 0x24, 0x18, 0x00, 0x00, 0x5C, 0x62, 0x42, 0x40, 0x40, 0x40, 0x40, 0x40, 0x00, 0x00,
    0x0C, 0x30, 0x00, 0x00, 0x3C, 0x42, 0x42, 0x40, 0x30, 0x0C, 0x02, 0x42, 0x42, 0x3C, 0x00, 0x00,
    0x00, 0x00, 0x0C, 0x30, 0x00, 0x00, 0x3C, 0x42, 0x40, 0x30, 0x0C, 0x42, 0x42, 0x3C, 0x00, 0x00,
    0x18, 0x24, 0x00, 0x00, 0x3C, 0x42, 0x42, 0x40, 0x30, 0x0C, 0x02, 0x42, 0x42, 0x3C, 0x00, 0x00,
    0x00, 0x00, 0x18, 0x24, 0x00, 0x00, 0x3C, 0x42, 0x40, 0x30, 0x0C, 0x02, 0x42, 0x3C, 0x00, 0x00,
    0x00, 0x00, 0x00, 0x00, 0x3C, 0x42, 0x42, 0x40, 0x30, 0x0C, 0x02, 0x42, 0x42, 0x3C, 0x08, 0x30,
    0x00, 0x00, 0x00, 0x00, 0x00, 0x00, 0x3C, 0x42, 0x40, 0x30, 0x0C, 0x02, 0x42, 0x3C, 0x08, 0x30,
    0x24, 0x18, 0x00, 0x00, 0x3C, 0x42, 0x42, 0x40, 0x30, 0x0C, 0x02, 0x42, 0x42, 0x3C, 0x00, 0x00,
    0x00, 0x00, 0x24, 0x18, 0x00, 0x00, 0x3C, 0x42, 0x40, 0x30, 0x0C, 0x02, 0x42, 0x3C, 0x00, 0x00,
    0x00, 0x00, 0x00, 0x00, 0x7F, 0x08, 0x08, 0x08, 0x08, 0x08, 0x08, 0x08, 0x08, 0x08, 0x08, 0x30,
    0x00, 0x00, 0x00, 0x00, 0x10, 0x10, 0x10, 0x7C, 0x10, 0x10, 0x10, 0x10, 0x10, 0x0C, 0x08, 0x30,
    0x24, 0x18, 0x00, 0x00, 0x7F, 0x08, 0x08, 0x08, 0x08, 0x08, 0x08, 0x08, 0x08, 0x08, 0x00, 0x00,
    0x00, 0x00, 0x06, 0x02, 0x22, 0x24, 0x20, 0xF8, 0x20, 0x20, 0x20, 0x20, 0x20, 0x18, 0x00, 0x00,
    0x00, 0x00, 0x00, 0x00, 0x7F, 0x08, 0x08, 0x08, 0x3E, 0x08, 0x08, 0x08, 0x08, 0x08, 0x00, 0x00,
    0x00, 0x00, 0x00, 0x00, 0x10, 0x10, 0x10, 0x7C, 0x10, 0x10, 0x7C, 0x10, 0x10, 0x0C, 0x00, 0x00,
    0x32, 0x4C, 0x00, 0x00, 0x42, 0x42, 0x42, 0x42, 0x42, 0x42, 0x42, 0x42, 0x42, 0x3C, 0x00, 0x00,
    0x00, 0x00, 0x32, 0x4C, 0x00, 0x00, 0x42, 0x42, 0x42, 0x42, 0x42, 0x42, 0x46, 0x3A, 0x00, 0x00,
    0x00, 0x3C, 0x00, 0x00, 0x42, 0x42, 0x42, 0x42, 0x42, 0x42, 0x42, 0x42, 0x42, 0x3C, 0x00, 0x00,
    0x00, 0x00, 0x00, 0x3C, 0x00, 0x00, 0x42, 0x42, 0x42, 0x42, 0x42, 0x42, 0x46, 0x3A, 0x00, 0x00,
    0x42, 0x42, 0x3C, 0x00, 0x42, 0x42, 0x42, 0x42, 0x42, 0x42, 0x42, 0x42, 0x42, 0x3C, 0x00, 0x00,
    0x00, 0x42, 0x42, 0x3C, 0x00, 0x00, 0x42, 0x42, 0x42, 0x42, 0x42, 0x42, 0x46, 0x3A, 0x00, 0x00,
    0x18, 0x24, 0x18, 0x00, 0x42, 0x42, 0x42, 0x42, 0x42, 0x42, 0x42, 0x42, 0x42, 0x3C, 0x00, 0x00,
    0x00, 0x00, 0x18, 0x24, 0x18, 0x00, 0x42, 0x42, 0x42, 0x42, 0x42, 0x42, 0x46, 0x3A, 0x00, 0x00,
    0x33, 0x44, 0x00, 0x00, 0x42, 0x42, 0x42, 0x42, 0x42, 0x42, 0x42, 0x42, 0x42, 0x3C, 0x00, 0x00,
    0x00, 0x00, 0x33, 0x44, 0x00, 0x00, 0x42, 0x42, 0x42, 0x42, 0x42, 0x42, 0x46, 0x3A, 0x00, 0x00,
    0x00, 0x00, 0x00, 0x00, 0x42, 0x42, 0x42, 0x42, 0x42, 0x42, 0x42, 0x42, 0x42, 0x3C, 0x10, 0x0C,
    0x00, 0x00, 0x00, 0x00, 0x00, 0x00, 0x42, 0x42, 0x42, 0x42, 0x42, 0x42, 0x46, 0x3A, 0x04, 0x03,
    0x18, 0x24, 0x00, 0x00, 0x42, 0x42, 0x42, 0x42, 0x5A, 0x5A, 0x66, 0x66, 0x42, 0x42, 0x00, 0x00,
    0x00, 0x00, 0x18, 0x24, 0x00, 0x00, 0x41, 0x49, 0x49, 0x49, 0x49, 0x49, 0x49, 0x36, 0x00, 0x00,
    0x18, 0x24, 0x00, 0x00, 0x41, 0x41, 0x22, 0x22, 0x14, 0x08, 0x08, 0x08, 0x08, 0x08, 0x00, 0x00,
    0x00, 0x00, 0x18, 0x24, 0x00, 0x00, 0x42, 0x42, 0x42, 0x42, 0x42, 0x26, 0x1A, 0x02, 0x02, 0x3C,
    0x24, 0x24, 0x00, 0x00, 0x41, 0x41, 0x22, 0x22, 0x14, 0x08, 0x08, 0x08, 0x08, 0x08, 0x00, 0x00,
    0x0C, 0x30, 0x00, 0x00, 0x7E, 0x02, 0x02, 0x04, 0x08, 0x10, 0x20, 0x40, 0x40, 0x7E, 0x00, 0x00,
    0x00, 0x00, 0x0C, 0x30, 0x00, 0x00, 0x7E, 0x02, 0x04, 0x08, 0x10, 0x20, 0x40, 0x7E, 0x00, 0x00,
    0x10, 0x10, 0x00, 0x00, 0x7E, 0x02, 0x02, 0x04, 0x08, 0x10, 0x20, 0x40, 0x40, 0x7E, 0x00, 0x00,
    0x00, 0x00, 0x10, 0x10, 0x00, 0x00, 0x7E, 0x02, 0x04, 0x08, 0x10, 0x20, 0x40, 0x7E, 0x00, 0x00,
    0x24, 0x18, 0x00, 0x00, 0x7E, 0x02, 0x02, 0x04, 0x08, 0x10, 0x20, 0x40, 0x40, 0x7E, 0x00, 0x00,
    0x00, 0x00, 0x24, 0x18, 0x00, 0x00, 0x7E, 0x02, 0x04, 0x08, 0x10, 0x20, 0x40, 0x7E, 0x00, 0x00,
    0x00, 0x00, 0x00, 0x0C, 0x10, 0x10, 0x10, 0x70, 0x10, 0x10, 0x10, 0x10, 0x10, 0x10, 0x00, 0x00,
    0x00, 0x00, 0x00, 0x40, 0xF0, 0x40, 0x5C, 0x62, 0x42, 0x42, 0x42, 0x42, 0x62, 0x5C, 0x00, 0x00,
    0x00, 0x00, 0x00, 0x00, 0x7C, 0xA2, 0xA2, 0x22, 0x3C, 0x22, 0x22, 0x22, 0x22, 0x3C, 0x00, 0x00,
    0x00, 0x00, 0x00, 0x00, 0x7E, 0x40, 0x40, 0x40, 0x7C, 0x42, 0x42, 0x42, 0x42, 0x7C, 0x00, 0x00,
    0x00, 0x00, 0x00, 0x7C, 0x40, 0x40, 0x5C, 0x62, 0x42, 0x42, 0x42, 0x42, 0x62, 0x5C, 0x00, 0x00,
    0x00, 0x00, 0x00, 0x00, 0x60, 0x20, 0x20, 0x20, 0x3C, 0x22, 0x22, 0x22, 0x22, 0x3C, 0x00, 0x00,
    0x00, 0x00, 0x00, 0x00, 0x00, 0x00, 0x60, 0x20, 0x20, 0x20, 0x3C, 0x22, 0x22, 0x3C, 0x00, 0x00,
    0x00, 0x00, 0x00, 0x00, 0x3C, 0x42, 0x42, 0x02, 0x02, 0x02, 0x02, 0x42, 0x42, 0x3C, 0x00, 0x00,
    0x00, 0x00, 0x03, 0x04, 0x3C, 0x44, 0x44, 0x40, 0x40, 0x40, 0x40, 0x44, 0x44, 0x38, 0x00, 0x00,
    0x00, 0x00, 0x00, 0x00, 0x03, 0x04, 0x3C, 0x44, 0x40, 0x40, 0x40, 0x40, 0x44, 0x38, 0x00, 0x00,
    0x00, 0x00, 0x00, 0x00, 0x78, 0x44, 0x42, 0x42, 0xF2, 0x42, 0x42, 0x42, 0x44, 0x78, 0x00, 0x00,
    0x00, 0x00, 0x00, 0x00, 0x78, 0xA4, 0xA2, 0x22, 0x22, 0x22, 0x22, 0x22, 0x24, 0x38, 0x00, 0x00,
    0x00, 0x00, 0x00, 0x00, 0x7E, 0x02, 0x02, 0x02, 0x3E, 0x42, 0x42, 0x42, 0x42, 0x3E, 0x00, 0x00,
    0x00, 0x00, 0x00, 0x3E, 0x02, 0x02, 0x3A, 0x46, 0x42, 0x42, 0x42, 0x42, 0x46, 0x3A, 0x00, 0x00,
    0x00, 0x00, 0x00, 0x00, 0x00, 0x00, 0x3C, 0x42, 0x42, 0x42, 0x42, 0x24, 0x18, 0x04, 0x04, 0x38,
    0x00, 0x00, 0x00, 0x00, 0x7E, 0x02, 0x02, 0x02, 0x3E, 0x02, 0x02, 0x02, 0x02, 0x7E, 0x00, 0x00,
    0x00, 0x00, 0x00, 0x00, 0x18, 0x24, 0x42, 0x02, 0x02, 0x7E, 0x42, 0x42, 0x24, 0x18, 0x00, 0x00,
    0x00, 0x00, 0x00, 0x00, 0x3C, 0x42, 0x42, 0x40, 0x38, 0x40, 0x40, 0x42, 0x42, 0x3C, 0x00, 0x00,
    0x00, 0x00, 0x00, 0x00, 0x1F, 0x10, 0x10, 0x10, 0x1E, 0x10, 0x10, 0x10, 0x10, 0x10, 0x60, 0x00,
    0x00, 0x00, 0x00, 0x0C, 0x10, 0x10, 0x10, 0x7C, 0x10, 0x10, 0x10, 0x10, 0x10, 0x10, 0x60, 0x00,
    0x00, 0x00, 0x00, 0x03, 0x3C, 0x44, 0x44, 0x40, 0x40, 0x5C, 0x44, 0x44, 0x4C, 0x34, 0x00, 0x00,
    0x00, 0x00, 0x00, 0x00, 0x42, 0x42, 0x42, 0x24, 0x24, 0x18, 0x18, 0x24, 0x24, 0x18, 0x00, 0x00,
    0x00, 0x00, 0x00, 0x40, 0x40, 0x40, 0x40, 0x72, 0x4A, 0x4A, 0x4A, 0x4A, 0x4A, 0x44, 0x00, 0x00,
    0x00, 0x00, 0x00, 0x00, 0x38, 0x08, 0x08, 0x08, 0x08, 0x08, 0x08, 0x08, 0x08, 0x06, 0x00, 0x00,
    0x00, 0x00, 0x00, 0x00, 0x3E, 0x08, 0x08, 0x08, 0x3E, 0x08, 0x08, 0x08, 0x08, 0x3E, 0x00, 0x00,
    0x00, 0x00, 0x00, 0x00, 0x46, 0x4A, 0x50, 0x50, 0x60, 0x60, 0x50, 0x48, 0x44, 0x42, 0x00, 0x00,
    0x00, 0x00, 0x00, 0x30, 0x48, 0x40, 0x44, 0x48, 0x50, 0x60, 0x50, 0x48, 0x44, 0x42, 0x00, 0x00,
    0x00, 0x00, 0x00, 0x18, 0x08, 0x08, 0x08, 0x3E, 0x08, 0x08, 0x08, 0x08, 0x08, 0x3E, 0x00, 0x00,
    0x00, 0x00, 0x00, 0x00, 0x24, 0x28, 0x10, 0x30, 0x48, 0x18, 0x24, 0x24, 0x42, 0x42, 0x00, 0x00,
    0x00, 0x00, 0x00, 0x00, 0x49, 0x49, 0x49, 0x49, 0x49, 0x49, 0x49, 0x49, 0x49, 0x37, 0x00, 0x00,
    0x00, 0x00, 0x00, 0x00, 0x22, 0x22, 0x32, 0x32, 0x2A, 0x2A, 0x26, 0x26, 0x22, 0x22, 0xC0, 0x00,
    0x00, 0x00, 0x00, 0x00, 0x00, 0x00, 0x5C, 0x62, 0x42, 0x42, 0x42, 0x42, 0x42, 0x42, 0x02, 0x02,
    0x00, 0x00, 0x00, 0x00, 0x3C, 0x42, 0x42, 0x42, 0x7E, 0x42, 0x42, 0x42, 0x42, 0x3C, 0x00, 0x00,
    0x00, 0x00, 0x00, 0x02, 0x3A, 0x44, 0x44, 0x44, 0x44, 0x44, 0x44, 0x44, 0x44, 0x38, 0x00, 0x00,
    0x00, 0x00, 0x00, 0x00, 0x00, 0x02, 0x3A, 0x44, 0x44, 0x44, 0x44, 0x44, 0x44, 0x38, 0x00, 0x00,
    0x00, 0x00, 0x00, 0x00, 0x36, 0x4A, 0x4A, 0x4A, 0x4A, 0x4A, 0x4A, 0x4A, 0x4A, 0x32, 0x02, 0x02,
    0x00, 0x00, 0x00, 0x00, 0x00, 0x00, 0x36, 0x4A, 0x4A, 0x4A, 0x4A, 0x4A, 0x4A, 0x32, 0x02, 0x02,
    0x00, 0x00, 0x00, 0x00, 0x3E, 0x51, 0x51, 0x11, 0x1E, 0x10, 0x10, 0x10, 0x10, 0x10, 0x00, 0x00,
    0x00, 0x00, 0x00, 0x00, 0x00, 0x03, 0x5C, 0x64, 0x44, 0x44, 0x44, 0x44, 0x64, 0x58, 0x40, 0x40,
    0x00, 0x00, 0x00, 0x00, 0x70, 0x20, 0x3C, 0x22, 0x22, 0x3C, 0x28, 0x24, 0x22, 0x21, 0x00, 0x00,
    0x00, 0x00, 0x00, 0x00, 0x3C, 0x42, 0x42, 0x02, 0x0C, 0x30, 0x40, 0x42, 0x42, 0x3C, 0x00, 0x00,
    0x00, 0x00, 0x00, 0x00, 0x00, 0x00, 0x3C, 0x42, 0x02, 0x0C, 0x30, 0x40, 0x42, 0x3C, 0x00, 0x00,
    0x00, 0x00, 0x00, 0x00, 0x7E, 0x40, 0x20, 0x10, 0x08, 0x08, 0x10, 0x20, 0x40, 0x7E, 0x00, 0x00,
    0x00, 0x00, 0x00, 0x20, 0x50, 0x50, 0x30, 0x10, 0x10, 0x10, 0x10, 0x10, 0x10, 0x10, 0x0C, 0x00,
    0x00, 0x00, 0x00, 0x00, 0x10, 0x10, 0x10, 0x7C, 0x10, 0x10, 0x10, 0x10, 0x10, 0x0C, 0x04, 0x18,
    0x00, 0x00, 0x00, 0x00, 0x3F, 0x48, 0x48, 0x08, 0x08, 0x08, 0x08, 0x08, 0x08, 0x08, 0x00, 0x00,
    0x00, 0x00, 0x00, 0x0C, 0x10, 0x10, 0x10, 0x7C, 0x10, 0x10, 0x10, 0x10, 0x10, 0x0C, 0x00, 0x00,
    0x00, 0x00, 0x00, 0x00, 0x7F, 0x08, 0x08, 0x08, 0x08, 0x08, 0x08, 0x08, 0x08, 0x08, 0x06, 0x00,
    0x00, 0x00, 0x01, 0x01, 0x46, 0x44, 0x44, 0x44, 0x44, 0x44, 0x44, 0x44, 0x44, 0x38, 0x00, 0x00,
    0x00, 0x00, 0x00, 0x00, 0x01, 0x01, 0x46, 0x44, 0x44, 0x44, 0x44, 0x44, 0x4C, 0x34, 0x00, 0x00,
    0x00, 0x00, 0x00, 0x00, 0x42, 0x24, 0x24, 0x42, 0x42, 0x42, 0x42, 0x42, 0x24, 0x18, 0x00, 0x00,
    0x00, 0x00, 0x00, 0x00, 0x4C, 0x42, 0x42, 0x42, 0x42, 0x42, 0x42, 0x44, 0x48, 0x30, 0x00, 0x00,
    0x00, 0x00, 0x00, 0x00, 0x46, 0x45, 0x44, 0x28, 0x28, 0x10, 0x10, 0x10, 0x10, 0x10, 0x00, 0x00,
    0x00, 0x00, 0x00, 0x00, 0x00, 0x03, 0x44, 0x44, 0x44, 0x44, 0x44, 0x24, 0x1C, 0x04, 0x04, 0x38,
    0x00, 0x00, 0x00, 0x00, 0x7E, 0x02, 0x04, 0x08, 0x3C, 0x10, 0x20, 0x40, 0x40, 0x7E, 0x00, 0x00,
    0x00, 0x00, 0x00, 0x00, 0x00, 0x00, 0x7E, 0x04, 0x08, 0x3C, 0x10, 0x20, 0x40, 0x7E, 0x00, 0x00,
    0x00, 0x00, 0x00, 0x00, 0x7E, 0x04, 0x08, 0x10, 0x1C, 0x02, 0x02, 0x02, 0x46, 0x3C, 0x00, 0x00,
    0x00, 0x00, 0x00, 0x00, 0x7E, 0x20, 0x10, 0x08, 0x38, 0x40, 0x40, 0x40, 0x62, 0x3C, 0x00, 0x00,
    0x00, 0x00, 0x00, 0x00, 0x00, 0x00, 0x7C, 0x20, 0x10, 0x08, 0x38, 0x40, 0x40, 0x40, 0x42, 0x3C,
    0x00, 0x00, 0x00, 0x00, 0x00, 0x00, 0x3E, 0x04, 0x08, 0x1C, 0x02, 0x02, 0x3C, 0x40, 0x42, 0x3C,
    0x00, 0x00, 0x00, 0x00, 0x3C, 0x42, 0x42, 0x04, 0x08, 0x7E, 0x20, 0x40, 0x40, 0x7E, 0x00, 0x00,
    0x00, 0x00, 0x00, 0x00, 0x7E, 0x20, 0x20, 0x20, 0x3C, 0x02, 0x02, 0x02, 0x42, 0x3C, 0x00, 0x00,
    0x00, 0x00, 0x00, 0x00, 0x00, 0x00, 0x7E, 0x20, 0x20, 0x3C, 0x02, 0x02, 0x42, 0x3C, 0x00, 0x00,
    0x00, 0x00, 0x00, 0x00, 0x10, 0x10, 0x7C, 0x10, 0x10, 0x18, 0x04, 0x04, 0x44, 0x38, 0x00, 0x00,
    0x00, 0x00, 0x00, 0x00, 0x00, 0x00, 0x5C, 0x62, 0x42, 0x42, 0x44, 0x48, 0x50, 0x60, 0x40, 0x40,
    0x00, 0x00, 0x00, 0x10, 0x10, 0x10, 0x10, 0x10, 0x10, 0x10, 0x10, 0x10, 0x10, 0x10, 0x00, 0x00,
    0x00, 0x00, 0x00, 0x28, 0x28, 0x28, 0x28, 0x28, 0x28, 0x28, 0x28, 0x28, 0x28, 0x28, 0x00, 0x00,
    0x00, 0x00, 0x00, 0x10, 0x10, 0x10, 0x10, 0x7C, 0x10, 0x7C, 0x10, 0x10, 0x10, 0x10, 0x00, 0x00,
    0x00, 0x00, 0x00, 0x00, 0x08, 0x08, 0x08, 0x08, 0x08, 0x08, 0x08, 0x00, 0x08, 0x08, 0x00, 0x00,
    0x05, 0x02, 0x00, 0x00, 0x67, 0x51, 0x51, 0x51, 0x52, 0x52, 0x54, 0x54, 0x54, 0x67, 0x00, 0x00,
    0x00, 0x00, 0x05, 0x02, 0x60, 0x50, 0x57, 0x51, 0x51, 0x52, 0x52, 0x54, 0x54, 0x67, 0x00, 0x00,
    0x00, 0x00, 0x05, 0x12, 0x10, 0x10, 0x37, 0x51, 0x51, 0x52, 0x52, 0x54, 0x54, 0x37, 0x00, 0x00,
    0x00, 0x00, 0x00, 0x00, 0x47, 0x41, 0x41, 0x41, 0x41, 0x41, 0x41, 0x49, 0x49, 0x76, 0x00, 0x00,
    0x00, 0x00, 0x00, 0x01, 0x41, 0x40, 0x43, 0x41, 0x41, 0x41, 0x41, 0x41, 0x41, 0x79, 0x02, 0x0C,
    0x00, 0x00, 0x00, 0x61, 0x21, 0x20, 0x23, 0x21, 0x21, 0x21, 0x21, 0x21, 0x21, 0xF9, 0x02, 0x0C,
    0x00, 0x00, 0x00, 0x00, 0x4B, 0x49, 0x49, 0x69, 0x69, 0x59, 0x59, 0x4D, 0x4D, 0x4A, 0x00, 0x00,
    0x00, 0x00, 0x00, 0x01, 0x49, 0x48, 0x6B, 0x69, 0x69, 0x59, 0x59, 0x59, 0x49, 0x49, 0x12, 0x0C,
    0x00, 0x00, 0x00, 0x01, 0x01, 0x00, 0x53, 0x69, 0x49, 0x49, 0x49, 0x49, 0x49, 0x49, 0x12, 0x0C,
    0x24, 0x18, 0x00, 0x00, 0x18, 0x24, 0x24, 0x42, 0x42, 0x7E, 0x42, 0x42, 0x42, 0x42, 0x00, 0x00,
    0x00, 0x00, 0x24, 0x18, 0x00, 0x00, 0x3C, 0x42, 0x02, 0x3E, 0x42, 0x42, 0x46, 0x3A, 0x00, 0x00,
    0x24, 0x18, 0x00, 0x00, 0x3E, 0x08, 0x08, 0x08, 0x08, 0x08, 0x08, 0x08, 0x08, 0x3E, 0x00, 0x00,
    0x00, 0x00, 0x24, 0x18, 0x00, 0x00, 0x18, 0x08, 0x08, 0x08, 0x08, 0x08, 0x08, 0x3E, 0x00, 0x00,
    0x24, 0x18, 0x00, 0x00, 0x3C, 0x42, 0x42, 0x42, 0x42, 0x42, 0x42, 0x42, 0x42, 0x3C, 0x00, 0x00,
    0x00, 0x00, 0x24, 0x18, 0x00, 0x00, 0x3C, 0x42, 0x42, 0x42, 0x42, 0x42, 0x42, 0x3C, 0x00, 0x00,
    0x24, 0x18, 0x00, 0x00, 0x42, 0x42, 0x42, 0x42, 0x42, 0x42, 0x42, 0x42, 0x42, 0x3C, 0x00, 0x00,
    0x00, 0x00, 0x24, 0x18, 0x00, 0x00, 0x42, 0x42, 0x42, 0x42, 0x42, 0x42, 0x46, 0x3A, 0x00, 0x00,
    0x3C, 0x00, 0x24, 0x00, 0x42, 0x42, 0x42, 0x42, 0x42, 0x42, 0x42, 0x42, 0x42, 0x3C, 0x00, 0x00,
    0x00, 0x3C, 0x00, 0x24, 0x24, 0x00, 0x42, 0x42, 0x42, 0x42, 0x42, 0x42, 0x46, 0x3A, 0x00, 0x00,
    0x0C, 0x30, 0x00, 0x24, 0x00, 0x42, 0x42, 0x42, 0x42, 0x42, 0x42, 0x42, 0x42, 0x3C, 0x00, 0x00,
    0x0C, 0x30, 0x00, 0x24, 0x24, 0x00, 0x42, 0x42, 0x42, 0x42, 0x42, 0x42, 0x46, 0x3A, 0x00, 0x00,
    0x24, 0x18, 0x00, 0x24, 0x00, 0x42, 0x42, 0x42, 0x42, 0x42, 0x42, 0x42, 0x42, 0x3C, 0x00, 0x00,
    0x24, 0x18, 0x00, 0x24, 0x24, 0x00, 0x42, 0x42, 0x42, 0x42, 0x42, 0x42, 0x46, 0x3A, 0x00, 0x00,
    0x30, 0x0C, 0x00, 0x24, 0x00, 0x42, 0x42, 0x42, 0x42, 0x42, 0x42, 0x42, 0x42, 0x3C, 0x00, 0x00,
    0x30, 0x0C, 0x00, 0x24, 0x24, 0x00, 0x42, 0x42, 0x42, 0x42, 0x42, 0x42, 0x46, 0x3A, 0x00, 0x00,
    0x00, 0x00, 0x00, 0x00, 0x00, 0x00, 0x3C, 0x42, 0x02, 0x02, 0x7E, 0x42, 0x42, 0x3C, 0x00, 0x00,
    0x3C, 0x00, 0x24, 0x00, 0x18, 0x24, 0x24, 0x42, 0x42, 0x7E, 0x42, 0x42, 0x42, 0x42, 0x00, 0x00,
    0x00, 0x3C, 0x00, 0x24, 0x24, 0x00, 0x3C, 0x42, 0x02, 0x3E, 0x42, 0x42, 0x46, 0x3A, 0x00, 0x00,
    0x3C, 0x00, 0x18, 0x00, 0x18, 0x24, 0x24, 0x42, 0x42, 0x7E, 0x42, 0x42, 0x42, 0x42, 0x00, 0x00,
    0x00, 0x3C, 0x00, 0x10, 0x10, 0x00, 0x3C, 0x42, 0x02, 0x3E, 0x42, 0x42, 0x46, 0x3A, 0x00, 0x00,
    0x00, 0x3C, 0x00, 0x00, 0x1F, 0x28, 0x48, 0x48, 0x7F, 0x48, 0x48, 0x48, 0x48, 0x4F, 0x00, 0x00,
    0x00, 0x00, 0x00, 0x3C, 0x00, 0x00, 0x3E, 0x49, 0x09, 0x3F, 0x48, 0x48, 0x49, 0x3E, 0x00, 0x00,
    0x00, 0x00, 0x00, 0x00, 0x3C, 0x42, 0x42, 0x40, 0x40, 0x4E, 0x42, 0x4F, 0x42, 0x3E, 0x00, 0x00,
    0x00, 0x00, 0x00, 0x00, 0x00, 0x02, 0x3A, 0x44, 0x44, 0x44, 0x38, 0x20, 0x3C, 0x4F, 0x42, 0x3C,
    0x24, 0x18, 0x00, 0x00, 0x3C, 0x42, 0x42, 0x40, 0x40, 0x4E, 0x42, 0x42, 0x46, 0x3A, 0x00, 0x00,
    0x00, 0x00, 0x24, 0x18, 0x00, 0x02, 0x3A, 0x44, 0x44, 0x44, 0x38, 0x20, 0x3C, 0x42, 0x42, 0x3C,
    0x24, 0x18, 0x00, 0x00, 0x42, 0x44, 0x48, 0x50, 0x60, 0x60, 0x50, 0x48, 0x44, 0x42, 0x00, 0x00,
    0x24, 0x18, 0x00, 0x40, 0x40, 0x40, 0x44, 0x48, 0x50, 0x60, 0x50, 0x48, 0x44, 0x42, 0x00, 0x00,
    0x00, 0x00, 0x00, 0x00, 0x3C, 0x42, 0x42, 0x42, 0x42, 0x42, 0x42, 0x42, 0x42, 0x3C, 0x10, 0x0C,
    0x00, 0x00, 0x00, 0x00, 0x00, 0x00, 0x3C, 0x42, 0x42, 0x42, 0x42, 0x42, 0x42, 0x3C, 0x10, 0x0C,
    0x00, 0x3C, 0x00, 0x00, 0x3C, 0x42, 0x42, 0x42, 0x42, 0x42, 0x42, 0x42, 0x42, 0x3C, 0x10, 0x0C,
    0x00, 0x00, 0x00, 0x3C, 0x00, 0x00, 0x3C, 0x42, 0x42, 0x42, 0x42, 0x42, 0x42, 0x3C, 0x10, 0x0C,
    0x24, 0x18, 0x00, 0x00, 0x7E, 0x04, 0x08, 0x10, 0x1C, 0x02, 0x02, 0x02, 0x46, 0x3C, 0x00, 0x00,
    0x00, 0x00, 0x24, 0x18, 0x00, 0x00, 0x3E, 0x04, 0x08, 0x10, 0x1C, 0x02, 0x02, 0x02, 0x42, 0x3C,
    0x00, 0x00, 0x12, 0x0C, 0x00, 0x00, 0x0C, 0x04, 0x04, 0x04, 0x04, 0x04, 0x04, 0x04, 0x48, 0x30,
    0x00, 0x00, 0x00, 0x00, 0x67, 0x51, 0x51, 0x51, 0x52, 0x52, 0x54, 0x54, 0x54, 0x67, 0x00, 0x00,
    0x00, 0x00, 0x00, 0x00, 0x60, 0x50, 0x57, 0x51, 0x51, 0x52, 0x52, 0x54, 0x54, 0x67, 0x00, 0x00,
    0x00, 0x00, 0x00, 0x10, 0x10, 0x10, 0x37, 0x51, 0x51, 0x52, 0x52, 0x54, 0x54, 0x37, 0x00, 0x00,
    0x0C, 0x30, 0x00, 0x00, 0x3C, 0x42, 0x42, 0x40, 0x40, 0x4E, 0x42, 0x42, 0x46, 0x3A, 0x00, 0x00,
    0x00, 0x00, 0x0C, 0x30, 0x00, 0x02, 0x3A, 0x44, 0x44, 0x44, 0x38, 0x20, 0x3C, 0x42, 0x42, 0x3C,
    0x00, 0x00, 0x00, 0x00, 0x48, 0x48, 0x48, 0x4A, 0x7A, 0x4A, 0x4A, 0x4A, 0x4A, 0x44, 0x00, 0x00,
    0x00, 0x00, 0x00, 0x00, 0x5C, 0x62, 0x42, 0x42, 0x44, 0x48, 0x50, 0x60, 0x40, 0x40, 0x40, 0x00,
    0x00, 0x30, 0x0C, 0x00, 0x42, 0x62, 0x62, 0x52, 0x52, 0x4A, 0x4A, 0x46, 0x46, 0x42, 0x00, 0x00,
    0x00, 0x00, 0x00, 0x30, 0x0C, 0x00, 0x5C, 0x62, 0x42, 0x42, 0x42, 0x42, 0x42, 0x42, 0x00, 0x00,
    0x0C, 0x30, 0x18, 0x24, 0x18, 0x18, 0x24, 0x24, 0x42, 0x7E, 0x42, 0x42, 0x42, 0x42, 0x00, 0x00,
    0x0C, 0x30, 0x00, 0x18, 0x24, 0x18, 0x00, 0x3C, 0x42, 0x02, 0x3E, 0x42, 0x46, 0x3A, 0x00, 0x00,
    0x06, 0x18, 0x00, 0x00, 0x1F, 0x28, 0x48, 0x48, 0x7F, 0x48, 0x48, 0x48, 0x48, 0x4F, 0x00, 0x00,
    0x00, 0x00, 0x06, 0x18, 0x00, 0x00, 0x3E, 0x49, 0x09, 0x3F, 0x48, 0x48, 0x49, 0x3E, 0x00, 0x00,
    0x0C, 0x30, 0x00, 0x02, 0x3A, 0x44, 0x46, 0x4A, 0x4A, 0x52, 0x52, 0x62, 0x22, 0x5C, 0x40, 0x00,
    0x00, 0x00, 0x0C, 0x30, 0x00, 0x02, 0x3C, 0x46, 0x4A, 0x4A, 0x52, 0x52, 0x62, 0x3C, 0x40, 0x00,
    0xCC, 0x22, 0x00, 0x00, 0x18, 0x24, 0x24, 0x42, 0x42, 0x7E, 0x42, 0x42, 0x42, 0x42, 0x00, 0x00,
    0x00, 0x00, 0xCC, 0x22, 0x00, 0x00, 0x3C, 0x42, 0x02, 0x3E, 0x42, 0x42, 0x46, 0x3A, 0x00, 0x00,
    0x3C, 0x42, 0x42, 0x00, 0x18, 0x24, 0x24, 0x42, 0x42, 0x7E, 0x42, 0x42, 0x42, 0x42, 0x00, 0x00,
    0x00, 0x00, 0x3C, 0x42, 0x42, 0x00, 0x3C, 0x42, 0x02, 0x3E, 0x42, 0x42, 0x46, 0x3A, 0x00, 0x00,
    0xCC, 0x22, 0x00, 0x00, 0x7E, 0x40, 0x40, 0x40, 0x7C, 0x40, 0x40, 0x40, 0x40, 0x7E, 0x00, 0x00,
    0x00, 0x00, 0xCC, 0x22, 0x00, 0x00, 0x3C, 0x42, 0x42, 0x7E, 0x40, 0x40, 0x42, 0x3C, 0x00, 0x00,
    0x3C, 0x42, 0x42, 0x00, 0x7E, 0x40, 0x40, 0x40, 0x7C, 0x40, 0x40, 0x40, 0x40, 0x7E, 0x00, 0x00,
    0x00, 0x00, 0x3C, 0x42, 0x42, 0x00, 0x3C, 0x42, 0x42, 0x7E, 0x40, 0x40, 0x42, 0x3C, 0x00, 0x00,
    0xCC, 0x22, 0x00, 0x00, 0x3E, 0x08, 0x08, 0x08, 0x08, 0x08, 0x08, 0x08, 0x08, 0x3E, 0x00, 0x00,
    0x00, 0x00, 0xCC, 0x22, 0x00, 0x00, 0x18, 0x08, 0x08, 0x08, 0x08, 0x08, 0x08, 0x3E, 0x00, 0x00,
    0x3C, 0x42, 0x42, 0x00, 0x3E, 0x08, 0x08, 0x08, 0x08, 0x08, 0x08, 0x08, 0x08, 0x3E, 0x00, 0x00,
    0x00, 0x00, 0x3C, 0x42, 0x42, 0x00, 0x18, 0x08, 0x08, 0x08, 0x08, 0x08, 0x08, 0x3E, 0x00, 0x00,
    0xCC, 0x22, 0x00, 0x00, 0x3C, 0x42, 0x42, 0x42, 0x42, 0x42, 0x42, 0x42, 0x42, 0x3C, 0x00, 0x00,
    0x00, 0x00, 0xCC, 0x22, 0x00, 0x00, 0x3C, 0x42, 0x42, 0x42, 0x42, 0x42, 0x42, 0x3C, 0x00, 0x00,
    0x3C, 0x42, 0x42, 0x00, 0x3C, 0x42, 0x42, 0x42, 0x42, 0x42, 0x42, 0x42, 0x42, 0x3C, 0x00, 0x00,
    0x00, 0x00, 0x3C, 0x42, 0x42, 0x00, 0x3C, 0x42, 0x42, 0x42, 0x42, 0x42, 0x42, 0x3C, 0x00, 0x00,
    0xCC, 0x22, 0x00, 0x00, 0x7C, 0x42, 0x42, 0x42, 0x7C, 0x48, 0x44, 0x44, 0x42, 0x42, 0x00, 0x00,
    0x00, 0x00, 0xCC, 0x22, 0x00, 0x00, 0x5C, 0x62, 0x42, 0x40, 0x40, 0x40, 0x40, 0x40, 0x00, 0x00,
    0x3C, 0x42, 0x42, 0x00, 0x7C, 0x42, 0x42, 0x42, 0x7C, 0x48, 0x44, 0x44, 0x42, 0x42, 0x00, 0x00,
    0x00, 0x00, 0x3C, 0x42, 0x42, 0x00, 0x5C, 0x62, 0x42, 0x40, 0x40, 0x40, 0x40, 0x40, 0x00, 0x00,
    0xCC, 0x22, 0x00, 0x00, 0x42, 0x42, 0x42, 0x42, 0x42, 0x42, 0x42, 0x42, 0x42, 0x3C, 0x00, 0x00,
    0x00, 0x00, 0xCC, 0x22, 0x00, 0x00, 0x42, 0x42, 0x42, 0x42, 0x42, 0x42, 0x46, 0x3A, 0x00, 0x00,
    0x3C, 0x42, 0x42, 0x00, 0x42, 0x42, 0x42, 0x42, 0x42, 0x42, 0x42, 0x42, 0x42, 0x3C, 0x00, 0x00,
    0x00, 0x00, 0x3C, 0x42, 0x42, 0x00, 0x42, 0x42, 0x42, 0x42, 0x42, 0x42, 0x46, 0x3A, 0x00, 0x00,
    0x00, 0x00, 0x00, 0x00, 0x3C, 0x42, 0x42, 0x40, 0x30, 0x0C, 0x02, 0x42, 0x42, 0x3C, 0x08, 0x10,
    0x00, 0x00, 0x00, 0x00, 0x00, 0x00, 0x3C, 0x42, 0x40, 0x30, 0x0C, 0x02, 0x42, 0x3C, 0x08, 0x10,
    0x00, 0x00, 0x00, 0x00, 0x7F, 0x08, 0x08, 0x08, 0x08, 0x08, 0x08, 0x08, 0x08, 0x08, 0x02, 0x04,
    0x00, 0x00, 0x00, 0x00, 0x10, 0x10, 0x10, 0x7C, 0x10, 0x10, 0x10, 0x10, 0x10, 0x0C, 0x20, 0x40,
    0x00, 0x00, 0x00, 0x00, 0x3C, 0x42, 0x42, 0x02, 0x0C, 0x34, 0x02, 0x02, 0x02, 0x0C, 0x30, 0x00,
    0x00, 0x00, 0x00, 0x00, 0x00, 0x00, 0x3C, 0x42, 0x02, 0x02, 0x0C, 0x32, 0x02, 0x02, 0x0C, 0x30,
    0x00, 0x24, 0x18, 0x00, 0x42, 0x42, 0x42, 0x42, 0x7E, 0x42, 0x42, 0x42, 0x42, 0x42, 0x00, 0x00,
    0x00, 0x24, 0x18, 0x00, 0x40, 0x40, 0x40, 0x5C, 0x62, 0x42, 0x42, 0x42, 0x42, 0x42, 0x00, 0x00,
    0x00, 0x00, 0x00, 0x00, 0x5C, 0x62, 0x42, 0x42, 0x42, 0x42, 0x42, 0x42, 0x42, 0x42, 0x02, 0x02,
    0x00, 0x00, 0x00, 0x02, 0x02, 0x02, 0x3A, 0x46, 0x42, 0x42, 0x42, 0x42, 0x47, 0x3B, 0x02, 0x04,
    0x00, 0x00, 0x00, 0x00, 0x08, 0x24, 0x42, 0x42, 0x24, 0x3C, 0x42, 0x42, 0x42, 0x3C, 0x00, 0x00,
    0x00, 0x00, 0x00, 0x00, 0x00, 0x00, 0x12, 0x22, 0x24, 0x18, 0x24, 0x22, 0x22, 0x1C, 0x00, 0x00,
    0x00, 0x00, 0x00, 0x00, 0x7E, 0x02, 0x02, 0x04, 0x08, 0x10, 0x20, 0x40, 0x40, 0x7E, 0x02, 0x04,
    0x00, 0x00, 0x00, 0x00, 0x00, 0x00, 0x7E, 0x02, 0x04, 0x08, 0x10, 0x20, 0x40, 0x7E, 0x02, 0x04,
    0x00, 0x00, 0x08, 0x00, 0x18, 0x24, 0x24, 0x42, 0x42, 0x7E, 0x42, 0x42, 0x42, 0x42, 0x00, 0x00,
    0x00, 0x00, 0x00, 0x00, 0x08, 0x00, 0x3C, 0x42, 0x02, 0x3E, 0x42, 0x42, 0x46, 0x3A, 0x00, 0x00,
    0x00, 0x00, 0x00, 0x00, 0x7E, 0x40, 0x40, 0x40, 0x7C, 0x40, 0x40, 0x40, 0x40, 0x7E, 0x08, 0x30,
    0x00, 0x00, 0x00, 0x00, 0x00, 0x00, 0x3C, 0x42, 0x42, 0x7E, 0x40, 0x40, 0x42, 0x3C, 0x08, 0x30,
    0x3C, 0x00, 0x24, 0x00, 0x3C, 0x42, 0x42, 0x42, 0x42, 0x42, 0x42, 0x42, 0x42, 0x3C, 0x00, 0x00,
    0x00, 0x00, 0x3C, 0x00, 0x24, 0x00, 0x3C, 0x42, 0x42, 0x42, 0x42, 0x42, 0x42, 0x3C, 0x00, 0x00,
    0x3C, 0x00, 0x32, 0x4C, 0x00, 0x3C, 0x42, 0x42, 0x42, 0x42, 0x42, 0x42, 0x42, 0x3C, 0x00, 0x00,
    0x00, 0x3C, 0x00, 0x32, 0x4C, 0x00, 0x3C, 0x42, 0x42, 0x42, 0x42, 0x42, 0x42, 0x3C, 0x00, 0x00,
    0x00, 0x00, 0x08, 0x00, 0x3C, 0x42, 0x42, 0x42, 0x42, 0x42, 0x42, 0x42, 0x42, 0x3C, 0x00, 0x00,
    0x00, 0x00, 0x00, 0x00, 0x08, 0x00, 0x3C, 0x42, 0x42, 0x42, 0x42, 0x42, 0x42, 0x3C, 0x00, 0x00,
    0x3C, 0x00, 0x08, 0x00, 0x3C, 0x42, 0x42, 0x42, 0x42, 0x42, 0x42, 0x42, 0x42, 0x3C, 0x00, 0x00,
    0x00, 0x00, 0x3C, 0x00, 0x08, 0x00, 0x3C, 0x42, 0x42, 0x42, 0x42, 0x42, 0x42, 0x3C, 0x00, 0x00,
    0x00, 0x00, 0x3E, 0x00, 0x41, 0x41, 0x22, 0x22, 0x14, 0x08, 0x08, 0x08, 0x08, 0x08, 0x00, 0x00,
    0x00, 0x00, 0x00, 0x00, 0x3C, 0x00, 0x42, 0x42, 0x42, 0x42, 0x42, 0x26, 0x1A, 0x02, 0x02, 0x3C,
    0x00, 0x00, 0x00, 0x18, 0x08, 0x08, 0x08, 0x08, 0x08, 0x08, 0x08, 0x08, 0x0C, 0x0C, 0x10, 0x20,
    0x00, 0x00, 0x00, 0x00, 0x00, 0x00, 0x5C, 0x62, 0x42, 0x42, 0x42, 0x42, 0x43, 0x43, 0x02, 0x04,
    0x00, 0x00, 0x00, 0x00, 0x10, 0x10, 0x10, 0x7C, 0x10, 0x10, 0x10, 0x10, 0x16, 0x0E, 0x08, 0x10,
    0x00, 0x00, 0x00, 0x00, 0x00, 0x00, 0x0C, 0x04, 0x04, 0x04, 0x04, 0x04, 0x04, 0x04, 0x48, 0x30,
    0x00, 0x00, 0x00, 0x10, 0x10, 0x10, 0x54, 0xBA, 0x92, 0x92, 0x92, 0x92, 0xBA, 0x54, 0x00, 0x00,
    0x00, 0x00, 0x00, 0x00, 0x00, 0x00, 0x54, 0xBA, 0x92, 0x92, 0x92, 0x92, 0xBA, 0x54, 0x10, 0x10,
    0x00, 0x00, 0x00, 0x02, 0x1A, 0x24, 0x2C, 0x4A, 0x52, 0x7E, 0x62, 0x42, 0x42, 0xC2, 0x00, 0x00,
    0x00, 0x00, 0x00, 0x02, 0x3C, 0x46, 0x4A, 0x48, 0x50, 0x50, 0x60, 0x62, 0x42, 0x7C, 0x80, 0x00,
    0x00, 0x00, 0x00, 0x00, 0x02, 0x04, 0x3C, 0x4A, 0x50, 0x50, 0x60, 0x60, 0x42, 0x7C, 0x80, 0x00,
    0x00, 0x00, 0x00, 0x00, 0x20, 0x20, 0x20, 0x20, 0x78, 0x20, 0x20, 0x20, 0x20, 0x3E, 0x00, 0x00,
    0x00, 0x00, 0x01, 0x02, 0x7F, 0x0C, 0x0C, 0x08, 0x08, 0x18, 0x18, 0x28, 0x28, 0x48, 0x00, 0x00,
    0x00, 0x00, 0x00, 0x00, 0x00, 0x00, 0x3C, 0x42, 0x40, 0x30, 0x0C, 0x02, 0x42, 0x3C, 0x09, 0x06,
    0x00, 0x00, 0x00, 0x00, 0x00, 0x00, 0x7E, 0x02, 0x04, 0x08, 0x10, 0x20, 0x40, 0x60, 0x10, 0x0E,
    0x00, 0x00, 0x00, 0x00, 0x3C, 0x42, 0x42, 0x02, 0x04, 0x08, 0x08, 0x08, 0x08, 0x08, 0x00, 0x00,
    0x00, 0x00, 0x00, 0x00, 0x00, 0x00, 0x3C, 0x42, 0x42, 0x02, 0x04, 0x08, 0x08, 0x08, 0x00, 0x00,
    0x00, 0x00, 0x00, 0x00, 0x3C, 0x22, 0x22, 0x22, 0x3C, 0x22, 0x7A, 0x22, 0x22, 0x3C, 0x00, 0x00,
    0x00, 0x00, 0x00, 0x00, 0x44, 0x44, 0x44, 0x44, 0x44, 0xFE, 0x44, 0x44, 0x44, 0x38, 0x00, 0x00,
    0x00, 0x00, 0x00, 0x00, 0x18, 0x18, 0x18, 0x24, 0x24, 0x24, 0x24, 0x42, 0x42, 0x42, 0x00, 0x00,
    0x00, 0x00, 0x04, 0x04, 0x7E, 0x48, 0x48, 0x50, 0x7C, 0x50, 0x50, 0x60, 0x60, 0x7E, 0x40, 0x40,
    0x00, 0x00, 0x00, 0x00, 0x00, 0x02, 0x3C, 0x46, 0x4A, 0x7E, 0x50, 0x60, 0x42, 0x7C, 0x80, 0x00,
    0x00, 0x00, 0x00, 0x00, 0x1F, 0x04, 0x04, 0x04, 0x04, 0x1F, 0x04, 0x44, 0x44, 0x38, 0x00, 0x00,
    0x00, 0x00, 0x00, 0x04, 0x04, 0x00, 0x0C, 0x04, 0x04, 0x1F, 0x04, 0x04, 0x04, 0x04, 0x48, 0x30,
    0x00, 0x00, 0x00, 0x00, 0x38, 0x44, 0x44, 0x44, 0x44, 0x44, 0x44, 0x44, 0x4C, 0x34, 0x04, 0x03,
    0x00, 0x00, 0x00, 0x00, 0x00, 0x00, 0x34, 0x4C, 0x44, 0x44, 0x44, 0x44, 0x4C, 0x34, 0x04, 0x03,
    0x00, 0x00, 0x00, 0x00, 0x3C, 0x22, 0x22, 0x22, 0x7C, 0x28, 0x24, 0x24, 0x22, 0x22, 0x00, 0x00,
    0x00, 0x00, 0x00, 0x00, 0x00, 0x00, 0x2C, 0x32, 0x22, 0x70, 0x20, 0x20, 0x20, 0x20, 0x00, 0x00,
    0x00, 0x00, 0x00, 0x00, 0x41, 0x41, 0x22, 0x7F, 0x14, 0x08, 0x08, 0x08, 0x08, 0x08, 0x00, 0x00,
    0x00, 0x00, 0x00, 0x00, 0x00, 0x00, 0x22, 0x22, 0x22, 0x7F, 0x22, 0x12, 0x0E, 0x02, 0x02, 0x1C,
    0x30, 0x0C, 0x00, 0x00, 0x00, 0x00, 0x00, 0x00, 0x00, 0x00, 0x00, 0x00, 0x00, 0x00, 0x00, 0x00,
    0x0C, 0x30, 0x00, 0x00, 0x00, 0x00, 0x00, 0x00, 0x00, 0x00, 0x00, 0x00, 0x00, 0x00, 0x00, 0x00,
    0x18, 0x24, 0x00, 0x00, 0x00, 0x00, 0x00, 0x00, 0x00, 0x00, 0x00, 0x00, 0x00, 0x00, 0x00, 0x00,
    0x00, 0x32, 0x4C, 0x00, 0x00, 0x00, 0x00, 0x00, 0x00, 0x00, 0x00, 0x00, 0x00, 0x00, 0x00, 0x00,
    0x00, 0x00, 0x7E, 0x00, 0x00, 0x00, 0x00, 0x00, 0x00, 0x00, 0x00, 0x00, 0x00, 0x00, 0x00, 0x00,
    0x00, 0x00, 0xFF, 0x00, 0x00, 0x00, 0x00, 0x00, 0x00, 0x00, 0x00, 0x00, 0x00, 0x00, 0x00, 0x00,
    0x00, 0x42, 0x42, 0x3C, 0x00, 0x00, 0x00, 0x00, 0x00, 0x00, 0x00, 0x00, 0x00, 0x00, 0x00, 0x00,
    0x00, 0x18, 0x18, 0x00, 0x00, 0x00, 0x00, 0x00, 0x00, 0x00, 0x00, 0x00, 0x00, 0x00, 0x00, 0x00,
    0x00, 0x66, 0x66, 0x00, 0x00, 0x00, 0x00, 0x00, 0x00, 0x00, 0x00, 0x00, 0x00, 0x00, 0x00, 0x00,
    0x18, 0x24, 0x04, 0x08, 0x08, 0x00, 0x00, 0x00, 0x00, 0x00, 0x00, 0x00, 0x00, 0x00, 0x00, 0x00,
    0x18, 0x24, 0x24, 0x18, 0x00, 0x00, 0x00, 0x00, 0x00, 0x00, 0x00, 0x00, 0x00, 0x00, 0x00, 0x00,
    0x33, 0x44, 0x00, 0x00, 0x00, 0x00, 0x00, 0x00, 0x00, 0x00, 0x00, 0x00, 0x00, 0x00, 0x00, 0x00,
    0x00, 0x42, 0x24, 0x18, 0x00, 0x00, 0x00, 0x00, 0x00, 0x00, 0x00, 0x00, 0x00, 0x00, 0x00, 0x00,
    0x00, 0x08, 0x08, 0x08, 0x00, 0x00, 0x00, 0x00, 0x00, 0x00, 0x00, 0x00, 0x00, 0x00, 0x00, 0x00,
    0x00, 0x24, 0x24, 0x24, 0x00, 0x00, 0x00, 0x00, 0x00, 0x00, 0x00, 0x00, 0x00, 0x00, 0x00, 0x00,
    0xCC, 0x22, 0x00, 0x00, 0x00, 0x00, 0x00, 0x00, 0x00, 0x00, 0x00, 0x00, 0x00, 0x00, 0x00, 0x00,
    0x18, 0x5A, 0x42, 0x3C, 0x00, 0x00, 0x00, 0x00, 0x00, 0x00, 0x00, 0x00, 0x00, 0x00, 0x00, 0x00,
    0x00, 0x3C, 0x42, 0x42, 0x00, 0x00, 0x00, 0x00, 0x00, 0x00, 0x00, 0x00, 0x00, 0x00, 0x00, 0x00,
    0x00, 0x08, 0x10, 0x18, 0x00, 0x00, 0x00, 0x00, 0x00, 0x00, 0x00, 0x00, 0x00, 0x00, 0x00, 0x00,
    0x00, 0x18, 0x08, 0x10, 0x00, 0x00, 0x00, 0x00, 0x00, 0x00, 0x00, 0x00, 0x00, 0x00, 0x00, 0x00,
    0x00, 0x18, 0x10, 0x08, 0x00, 0x00, 0x00, 0x00, 0x00, 0x00, 0x00, 0x00, 0x00, 0x00, 0x00, 0x00,
    0x00, 0x03, 0x01, 0x02, 0x00, 0x00, 0x00, 0x00, 0x00, 0x00, 0x00, 0x00, 0x00, 0x00, 0x00, 0x00,
    0x00, 0x00, 0x00, 0x00, 0x00, 0x00, 0x00, 0x00, 0x00, 0x00, 0x00, 0x00, 0x00, 0x10, 0x08, 0x04,
    0x00, 0x00, 0x00, 0x00, 0x00, 0x00, 0x00, 0x00, 0x00, 0x00, 0x00, 0x00, 0x00, 0x08, 0x10, 0x20,
    0x00, 0x00, 0x00, 0x00, 0x00, 0x00, 0x00, 0x00, 0x00, 0x00, 0x00, 0x00, 0x00, 0x08, 0x38, 0x08,
    0x00, 0x00, 0x00, 0x00, 0x00, 0x00, 0x00, 0x00, 0x00, 0x00, 0x00, 0x00, 0x00, 0x10, 0x1C, 0x10,
    0x00, 0x1E, 0x02, 0x02, 0x00, 0x00, 0x00, 0x00, 0x00, 0x00, 0x00, 0x00, 0x00, 0x00, 0x00, 0x00,
    0x00, 0x00, 0x04, 0x0A, 0x02, 0x04, 0x08, 0x00, 0x00, 0x00, 0x00, 0x00, 0x00, 0x00, 0x00, 0x00,
    0x00, 0x00, 0x00, 0x00, 0x00, 0x00, 0x00, 0x00, 0x00, 0x00, 0x00, 0x00, 0x00, 0x18, 0x20, 0x18,
    0x00, 0x00, 0x00, 0x00, 0x00, 0x00, 0x00, 0x00, 0x00, 0x00, 0x00, 0x00, 0x00, 0x10, 0x10, 0x38,
    0x00, 0x00, 0x00, 0x00, 0x00, 0x00, 0x00, 0x00, 0x00, 0x00, 0x00, 0x00, 0x00, 0x38, 0x10, 0x10,
    0x00, 0x00, 0x00, 0x00, 0x00, 0x00, 0x00, 0x00, 0x00, 0x00, 0x00, 0x00, 0x00, 0x10, 0x38, 0x10,
    0x00, 0x00, 0x00, 0x00, 0x00, 0x00, 0x00, 0x00, 0x00, 0x00, 0x00, 0x00, 0x00, 0x00, 0x00, 0x3C,
    0x00, 0x00, 0x00, 0x00, 0x00, 0x00, 0x00, 0x00, 0x00, 0x00, 0x00, 0x00, 0x02, 0x02, 0x12, 0x0C,
    0x00, 0x00, 0x00, 0x00, 0x00, 0x00, 0x00, 0x00, 0x00, 0x00, 0x00, 0x00, 0x08, 0x08, 0x09, 0x06,
    0x00, 0x00, 0x00, 0x00, 0x00, 0x00, 0x00, 0x00, 0x00, 0x00, 0x00, 0x00, 0x00, 0x00, 0x18, 0x18,
    0x00, 0x00, 0x00, 0x00, 0x00, 0x00, 0x00, 0x00, 0x00, 0x00, 0x00, 0x00, 0x00, 0x00, 0x66, 0x66,
    0x00, 0x00, 0x00, 0x00, 0x00, 0x00, 0x00, 0x00, 0x00, 0x00, 0x00, 0x00, 0x00, 0x18, 0x24, 0x18,
    0x00, 0x00, 0x00, 0x00, 0x00, 0x00, 0x00, 0x00, 0x00, 0x00, 0x00, 0x00, 0x00, 0x18, 0x08, 0x10,
    0x00, 0x00, 0x00, 0x00, 0x00, 0x00, 0x00, 0x00, 0x00, 0x00, 0x00, 0x00, 0x10, 0x18, 0x04, 0x38,
    0x00, 0x00, 0x00, 0x00, 0x00, 0x00, 0x00, 0x00, 0x00, 0x00, 0x00, 0x00, 0x00, 0x08, 0x08, 0x06,
    0x00, 0x00, 0x00, 0x00, 0x00, 0x00, 0x00, 0x00, 0x00, 0x00, 0x00, 0x00, 0x00, 0x10, 0x10, 0x10,
    0x00, 0x00, 0x00, 0x00, 0x00, 0x00, 0x00, 0x00, 0x00, 0x00, 0x00, 0x00, 0x00, 0x00, 0x7E, 0x42,
    0x00, 0x00, 0x00, 0x00, 0x00, 0x00, 0x00, 0x00, 0x00, 0x00, 0x00, 0x00, 0x00, 0x92, 0x92, 0x6C,
    0x00, 0x00, 0x00, 0x00, 0x00, 0x00, 0x00, 0x00, 0x00, 0x00, 0x00, 0x00, 0x00, 0x42, 0x24, 0x18,
    0x00, 0x00, 0x00, 0x00, 0x00, 0x00, 0x00, 0x00, 0x00, 0x00, 0x00, 0x00, 0x00, 0x18, 0x24, 0x42,
    0x00, 0x00, 0x00, 0x00, 0x00, 0x00, 0x00, 0x00, 0x00, 0x00, 0x00, 0x00, 0x00, 0x42, 0x42, 0x3C,
    0x00, 0x00, 0x00, 0x00, 0x00, 0x00, 0x00, 0x00, 0x00, 0x00, 0x00, 0x00, 0x00, 0x3C, 0x42, 0x42,
    0x00, 0x00, 0x00, 0x00, 0x00, 0x00, 0x00, 0x00, 0x00, 0x00, 0x00, 0x00, 0x00, 0x00, 0x32, 0x4C,
    0x00, 0x00, 0x00, 0x00, 0x00, 0x00, 0x00, 0x00, 0x00, 0x00, 0x00, 0x00, 0x00, 0x00, 0x00, 0x7E,
    0x00, 0x00, 0x00, 0x00, 0x00, 0x00, 0x00, 0x00, 0x00, 0x00, 0x00, 0x00, 0x00, 0x00, 0x00, 0xFF,
    0x00, 0x00, 0x00, 0x00, 0x00, 0x00, 0x00, 0x00, 0x00, 0x00, 0x00, 0x00, 0x00, 0xFF, 0x00, 0xFF,
    0x00, 0x00, 0x00, 0x00, 0x00, 0x00, 0x00, 0x00, 0x32, 0x4C, 0x00, 0x00, 0x00, 0x00, 0x00, 0x00,
    0x00, 0x00, 0x00, 0x00, 0x00, 0x00, 0x00, 0x00, 0x3C, 0x00, 0x00, 0x00, 0x00, 0x00, 0x00, 0x00,
    0x00, 0x00, 0x00, 0x00, 0x00, 0x00, 0x00, 0x00, 0xFF, 0x00, 0x00, 0x00, 0x00, 0x00, 0x00, 0x00,
    0x00, 0x00, 0x00, 0x00, 0x00, 0x00, 0x04, 0x08, 0x10, 0x20, 0x40, 0x00, 0x00, 0x00, 0x00, 0x00,
    0x00, 0x00, 0x02, 0x02, 0x04, 0x04, 0x08, 0x08, 0x10, 0x10, 0x20, 0x20, 0x40, 0x40, 0x00, 0x00,
    0x00, 0x00, 0x00, 0x00, 0x00, 0x00, 0x00, 0x00, 0x00, 0x00, 0x00, 0x00, 0x18, 0x04, 0x04, 0x18,
    0x00, 0x00, 0x00, 0x00, 0x00, 0x00, 0x00, 0x00, 0x00, 0x00, 0x00, 0x00, 0x00, 0x00, 0x42, 0x7E,
    0x00, 0x00, 0x00, 0x00, 0x00, 0x00, 0x00, 0x00, 0x00, 0x00, 0x00, 0x00, 0x00, 0x3C, 0x24, 0x3C,
    0x00, 0x00, 0x00, 0x00, 0x00, 0x00, 0x00, 0x00, 0x00, 0x00, 0x00, 0x00, 0x00, 0x6C, 0x92, 0x10,
    0x66, 0x18, 0x66, 0x00, 0x00, 0x00, 0x00, 0x00, 0x00, 0x00, 0x00, 0x00, 0x00, 0x00, 0x00, 0x00,
    0x08, 0x10, 0x10, 0x08, 0x10, 0x00, 0x00, 0x00, 0x00, 0x00, 0x00, 0x00, 0x00, 0x00, 0x00, 0x00,
    0xFF, 0x00, 0xFF, 0x00, 0x00, 0x00, 0x00, 0x00, 0x00, 0x00, 0x00, 0x00, 0x00, 0x00, 0x00, 0x00,
    0x00, 0x40, 0x20, 0x10, 0x00, 0x00, 0x00, 0x00, 0x00, 0x00, 0x00, 0x00, 0x00, 0x00, 0x00, 0x00,
    0x00, 0x02, 0x04, 0x08, 0x00, 0x00, 0x00, 0x00, 0x00, 0x00, 0x00, 0x00, 0x00, 0x00, 0x00, 0x00,
    0x00, 0x34, 0x48, 0x00, 0x00, 0x00, 0x00, 0x00, 0x00, 0x00, 0x00, 0x00, 0x00, 0x00, 0x00, 0x00,
    0x00, 0x18, 0x08, 0x10, 0x00, 0x00, 0x00, 0x00, 0x00, 0x00, 0x00, 0x00, 0x00, 0x00, 0x00, 0x00,
    0x10, 0x10, 0x54, 0x44, 0x00, 0x00, 0x00, 0x00, 0x00, 0x00, 0x00, 0x00, 0x00, 0x00, 0x00, 0x00,
    0x00, 0x00, 0x00, 0x00, 0x00, 0x00, 0x00, 0x00, 0x00, 0x00, 0x00, 0x00, 0x10, 0x10, 0x10, 0x0C,
    0x00, 0x7E, 0x42, 0x00, 0x00, 0x00, 0x00, 0x00, 0x00, 0x00, 0x00, 0x00, 0x00, 0x00, 0x00, 0x00,
    0x00, 0x00, 0x00, 0x00, 0x00, 0x00, 0x00, 0x00, 0x00, 0x00, 0x00, 0x00, 0x00, 0x7E, 0x00, 0x7E,
    0x00, 0x00, 0x00, 0x00, 0x00, 0x00, 0x00, 0x00, 0x00, 0x00, 0x00, 0x00, 0x00, 0x00, 0x24, 0x24,
    0x00, 0x00, 0x00, 0x00, 0x00, 0x00, 0x00, 0x00, 0x00, 0x00, 0x00, 0x00, 0x00, 0x00, 0x18, 0x08,
    0x08, 0x3A, 0x5C, 0x10, 0x00, 0x00, 0x00, 0x00, 0x00, 0x00, 0x00, 0x00, 0x00, 0x00, 0x00, 0x00,
    0x04, 0x71, 0x8E, 0x20, 0x00, 0x00, 0x00, 0x00, 0x00, 0x00, 0x00, 0x00, 0x00, 0x00, 0x00, 0x00,
    0x32, 0x4C, 0x32, 0x4C, 0x00, 0x00, 0x00, 0x00, 0x00, 0x00, 0x00, 0x00, 0x00, 0x00, 0x00, 0x00,
    0x00, 0x00, 0x00, 0x00, 0x00, 0x00, 0x00, 0x00, 0x00, 0x00, 0x00, 0x00, 0x00, 0x22, 0x7F, 0x22,
    0x00, 0x00, 0x00, 0x00, 0x00, 0x00, 0x00, 0x00, 0x00, 0x00, 0x00, 0x00, 0x00, 0x08, 0x1C, 0x08,
    0xAA, 0xAA, 0x00, 0x01, 0x80, 0x00, 0x00, 0x01, 0xB9, 0xC2, 0x42, 0x03, 0xC2, 0xE2, 0x42, 0x2B,
    0xB9, 0xC4, 0x00, 0x01, 0x82, 0x40, 0x00, 0x01, 0x84, 0x20, 0x00, 0x01, 0x82, 0x40, 0x55, 0x55,
    0x08, 0x04, 0x02, 0x04, 0x08, 0x00, 0x00, 0x00, 0x00, 0x00, 0x00, 0x00, 0x00, 0x00, 0x00, 0x00,
    0x18, 0x20, 0x20, 0x18, 0x00, 0x00, 0x00, 0x00, 0x00, 0x00, 0x00, 0x00, 0x00, 0x00, 0x00, 0x00,
    0x3C, 0x42, 0x5A, 0x18, 0x00, 0x00, 0x00, 0x00, 0x00, 0x00, 0x00, 0x00, 0x00, 0x00, 0x00, 0x00,
    0x00, 0x00, 0x00, 0x00, 0x00, 0x00, 0x00, 0x00, 0x00, 0x00, 0x00, 0x00, 0x00, 0x24, 0x18, 0x24,
    0x00, 0x00, 0x00, 0x00, 0x00, 0x00, 0x00, 0x00, 0x00, 0x00, 0x00, 0x08, 0x10, 0x20, 0x10, 0x08,
    0x00, 0x00, 0x00, 0x00, 0x00, 0x00, 0x00, 0x00, 0x00, 0x00, 0x00, 0x10, 0x08, 0x04, 0x08, 0x10,
    0x00, 0x00, 0x00, 0x00, 0x00, 0x00, 0x00, 0x00, 0x00, 0x00, 0x00, 0x80, 0x40, 0x24, 0x4A, 0x91,
    0x18, 0x04, 0x04, 0x18, 0x00, 0x00, 0x00, 0x00, 0x00, 0x00, 0x00, 0x00, 0x00, 0x00, 0x00, 0x00,
    0x00, 0x03, 0x03, 0x00, 0x00, 0x00, 0x00, 0x00, 0x00, 0x00, 0x00, 0x00, 0x00, 0x00, 0x00, 0x00,
    0x00, 0x00, 0x00, 0x00, 0x00, 0x00, 0x00, 0x00, 0x00, 0x00, 0x00, 0x00, 0x54, 0x38, 0x7C, 0x38,
    0x00, 0x00, 0x00, 0x00, 0x00, 0x00, 0x00, 0x00, 0x00, 0x00, 0x00, 0x00, 0x00, 0x6C, 0x92, 0x6C,
    0x08, 0x10, 0x3E, 0x04, 0x08, 0x00, 0x00, 0x00, 0x00, 0x00, 0x00, 0x00, 0x00, 0x00, 0x00, 0x00,
    0x00, 0x00, 0x00, 0x00, 0x00, 0x00, 0x00, 0x00, 0x00, 0x00, 0x00, 0x00, 0x00, 0x00, 0x00, 0x00,
    0x00, 0x00, 0x00, 0x00, 0x00, 0x00, 0x00, 0x00, 0x00, 0x00, 0x40, 0x02, 0x30, 0x0C, 0x0F, 0xF0,
    0x00, 0x00, 0x40, 0x02, 0x30, 0x0C, 0x0F, 0xF0, 0x00, 0x00, 0x00, 0x00, 0x00, 0x00, 0x00, 0x00,
    0x00, 0x00, 0x00, 0x00, 0x00, 0x00, 0x00, 0x00, 0x00, 0x00, 0x00, 0x00, 0x00, 0x00, 0x00, 0x00,
    0x00, 0x00, 0x00, 0x00, 0x1F, 0xF8, 0x00, 0x00, 0x00, 0x00, 0x00, 0x00, 0x00, 0x00, 0x00, 0x00,
    0x00, 0x00, 0x00, 0x00, 0x00, 0x00, 0x00, 0x00, 0x00, 0x00, 0x00, 0x00, 0x00, 0x00, 0x00, 0x00,
    0x00, 0x00, 0x00, 0x00, 0x00, 0x00, 0x00, 0x00, 0x00, 0x00, 0x00, 0x00, 0x00, 0x00, 0x00, 0x00,
    0x00, 0x00, 0x00, 0x00, 0x00, 0x00, 0x00, 0x00, 0x00, 0x00, 0x00, 0x00, 0x00, 0x00, 0x1F, 0xF8,
    0x00, 0x00, 0x1E, 0x02, 0x21, 0x84, 0x40, 0x78, 0x00, 0x00, 0x00, 0x00, 0x00, 0x00, 0x00, 0x00,
    0x00, 0x00, 0x00, 0x00, 0x00, 0x00, 0x00, 0x00, 0x00, 0x00, 0x00, 0x00, 0x00, 0x00, 0x00, 0x00,
    0x00, 0x00, 0x0F, 0xF0, 0x30, 0x0C, 0x40, 0x02, 0x00, 0x00, 0x00, 0x00, 0x00, 0x00, 0x00, 0x00,
    0x00, 0x00, 0x00, 0x00, 0x00, 0x00, 0x00, 0x00, 0x00, 0x00, 0x00, 0x00, 0x00, 0x00, 0x00, 0x00,
    0x00, 0x00, 0x00, 0x00, 0x00, 0x00, 0x00, 0x00, 0x00, 0x00, 0x00, 0x00, 0x00, 0x00, 0x00, 0x00,
    0x00, 0x00, 0x00, 0x00, 0x00, 0x00, 0x00, 0x08, 0x00, 0x0C, 0x7F, 0xFE, 0x00, 0x0C, 0x00, 0x08,
    0x3C, 0x44, 0x44, 0x4C, 0x34, 0x00, 0x00, 0x00, 0x00, 0x00, 0x00, 0x00, 0x00, 0x00, 0x00, 0x00,
    0x38, 0x44, 0x78, 0x40, 0x3C, 0x00, 0x00, 0x00, 0x00, 0x00, 0x00, 0x00, 0x00, 0x00, 0x00, 0x00,
    0x10, 0x00, 0x30, 0x10, 0x38, 0x00, 0x00, 0x00, 0x00, 0x00, 0x00, 0x00, 0x00, 0x00, 0x00, 0x00,
    0x38, 0x44, 0x44, 0x44, 0x38, 0x00, 0x00, 0x00, 0x00, 0x00, 0x00, 0x00, 0x00, 0x00, 0x00, 0x00,
    0x44, 0x44, 0x44, 0x44, 0x3C, 0x00, 0x00, 0x00, 0x00, 0x00, 0x00, 0x00, 0x00, 0x00, 0x00, 0x00,
    0x1C, 0x20, 0x20, 0x20, 0x1C, 0x00, 0x00, 0x00, 0x00, 0x00, 0x00, 0x00, 0x00, 0x00, 0x00, 0x00,
    0x04, 0x04, 0x1C, 0x24, 0x1C, 0x00, 0x00, 0x00, 0x00, 0x00, 0x00, 0x00, 0x00, 0x00, 0x00, 0x00,
    0x20, 0x20, 0x38, 0x24, 0x24, 0x00, 0x00, 0x00, 0x00, 0x00, 0x00, 0x00, 0x00, 0x00, 0x00, 0x00,
    0x00, 0x00, 0xEC, 0x92, 0x92, 0x00, 0x00, 0x00, 0x00, 0x00, 0x00, 0x00, 0x00, 0x00, 0x00, 0x00,
    0x00, 0x38, 0x24, 0x20, 0x20, 0x00, 0x00, 0x00, 0x00, 0x00, 0x00, 0x00, 0x00, 0x00, 0x00, 0x00,
    0x20, 0x78, 0x20, 0x20, 0x18, 0x00, 0x00, 0x00, 0x00, 0x00, 0x00, 0x00, 0x00, 0x00, 0x00, 0x00,
    0x00, 0x44, 0x44, 0x28, 0x10, 0x00, 0x00, 0x00, 0x00, 0x00, 0x00, 0x00, 0x00, 0x00, 0x00, 0x00,
    0x44, 0x28, 0x10, 0x28, 0x44, 0x00, 0x00, 0x00, 0x00, 0x00, 0x00, 0x00, 0x00, 0x00, 0x00, 0x00,
    0x00, 0x00, 0x00, 0x00, 0x40, 0x40, 0x40, 0x40, 0x7C, 0x40, 0x40, 0x40, 0x40, 0x40, 0x00, 0x00,
    0x00, 0x00, 0x00, 0x00, 0x00, 0x00, 0x60, 0x10, 0x10, 0x1E, 0x10, 0x10, 0x10, 0x10, 0x00, 0x00,
    0x00, 0x00, 0x00, 0x00, 0x7F, 0x49, 0x49, 0x49, 0x08, 0x08, 0x08, 0x08, 0x08, 0x08, 0x00, 0x00,
    0x00, 0x00, 0x00, 0x00, 0x7C, 0x54, 0x54, 0x54, 0x10, 0x10, 0x10, 0x10, 0x10, 0x10, 0x00, 0x00,
    0x00, 0x00, 0x00, 0x00, 0x0C, 0x18, 0x10, 0x20, 0x00, 0x00, 0x00, 0x00, 0x00, 0x00, 0x00, 0x00,
    0x00, 0x00, 0x00, 0x00, 0x00, 0x00, 0x00, 0x00, 0x00, 0x00, 0x00, 0x00, 0x04, 0x08, 0x18, 0x30,
    0x00, 0x00, 0x00, 0x00, 0x42, 0x46, 0x46, 0x4A, 0x4A, 0x52, 0x52, 0x62, 0x62, 0x42, 0x00, 0x00,
    0x00, 0x00, 0x00, 0x00, 0x00, 0x00, 0x44, 0x4C, 0x4C, 0x54, 0x54, 0x64, 0x64, 0x44, 0x00, 0x00,
    0x00, 0x00, 0x7F, 0xFE, 0x73, 0x8E, 0x6D, 0xF6, 0x6D, 0xC6, 0x6D, 0xF6, 0x73, 0x8E, 0x7F, 0xFE,
    0x7F, 0xFE, 0x61, 0xCE, 0x7D, 0xB6, 0x7B, 0xCE, 0x77, 0xB6, 0x77, 0xCE, 0x7F, 0xFE, 0x00, 0x00,
    0x00, 0x00, 0x7F, 0xFE, 0x73, 0x8E, 0x6D, 0xF6, 0x6D, 0xC6, 0x6D, 0xF6, 0x73, 0x8E, 0x7F, 0xFE,
    0x7F, 0xFE, 0x61, 0xCE, 0x7D, 0xB6, 0x7B, 0xC6, 0x77, 0xF6, 0x77, 0xCE, 0x7F, 0xFE, 0x00, 0x00,
    0x00, 0x00, 0x00, 0x00, 0x00, 0x00, 0x00, 0x00, 0x00, 0x00, 0x00, 0x00, 0x20, 0x20, 0x20, 0x18,
    0x00, 0x00, 0x00, 0x00, 0x00, 0x00, 0x3C, 0x42, 0x02, 0x02, 0x02, 0x02, 0x42, 0x3C, 0x00, 0x00,
    0x00, 0x00, 0x00, 0x00, 0x00, 0x00, 0x3C, 0x42, 0x40, 0x58, 0x58, 0x40, 0x42, 0x3C, 0x00, 0x00,
    0x00, 0x00, 0x00, 0x00, 0x00, 0x00, 0x3C, 0x42, 0x02, 0x1A, 0x1A, 0x02, 0x42, 0x3C, 0x00, 0x00,
    0x00, 0x00, 0x00, 0x00, 0x00, 0x00, 0x18, 0x18, 0x00, 0x00, 0x00, 0x18, 0x08, 0x08, 0x10, 0x00,
    0x00, 0x00, 0x00, 0x00, 0x1F, 0x04, 0x04, 0x04, 0x04, 0x04, 0x04, 0x44, 0x44, 0x38, 0x00, 0x00,
    0x00, 0x00, 0x7F, 0xFE, 0x73, 0x8E, 0x6D, 0xF6, 0x6D, 0xC6, 0x6D, 0xF6, 0x73, 0x8E, 0x7F, 0xFE,
    0x7F, 0xFE, 0x73, 0xCE, 0x6D, 0xB6, 0x73, 0xB6, 0x6D, 0xB6, 0x73, 0xCE, 0x7F, 0xFE, 0x00, 0x00,
    0x00, 0x00, 0x7F, 0xFE, 0x73, 0x8E, 0x6D, 0xF6, 0x6D, 0xC6, 0x6D, 0xF6, 0x73, 0x8E, 0x7F, 0xFE,
    0x7F, 0xFE, 0x73, 0xEE, 0x6D, 0xCE, 0x73, 0xEE, 0x6D, 0xEE, 0x73, 0xC6, 0x7F, 0xFE, 0x00, 0x00,
    0x00, 0x00, 0x7F, 0xFE, 0x73, 0x8E, 0x6D, 0xF6, 0x6D, 0xC6, 0x6D, 0xF6, 0x73, 0x8E, 0x7F, 0xFE,
    0x7F, 0xFE, 0x73, 0x86, 0x6D, 0xF6, 0x73, 0x86, 0x6D, 0xBE, 0x73, 0x86, 0x7F, 0xFE, 0x00, 0x00,
    0x00, 0x00, 0x7F, 0xFE, 0x73, 0x8E, 0x6D, 0xF6, 0x6D, 0xC6, 0x6D, 0xF6, 0x73, 0x8E, 0x7F, 0xFE,
    0x7F, 0xFE, 0x73, 0x8E, 0x6D, 0xF6, 0x73, 0xC6, 0x6D, 0xF6, 0x73, 0x8E, 0x7F, 0xFE, 0x00, 0x00,
    0x00, 0x04, 0x08, 0x10, 0x00, 0x00, 0x00, 0x00, 0x00, 0x00, 0x00, 0x00, 0x00, 0x00, 0x00, 0x00,
    0x04, 0x08, 0x54, 0x44, 0x00, 0x00, 0x00, 0x00, 0x00, 0x00, 0x00, 0x00, 0x00, 0x00, 0x00, 0x00,
    0x00, 0x00, 0x20, 0x40, 0x98, 0x24, 0x24, 0x42, 0x42, 0x7E, 0x42, 0x42, 0x42, 0x42, 0x00, 0x00,
    0x00, 0x00, 0x00, 0x00, 0x00, 0x00, 0x00, 0x00, 0x18, 0x18, 0x00, 0x00, 0x00, 0x00, 0x00, 0x00,
    0x00, 0x00, 0x20, 0x40, 0xBF, 0x20, 0x20, 0x20, 0x3E, 0x20, 0x20, 0x20, 0x20, 0x3F, 0x00, 0x00,
    0x00, 0x00, 0x20, 0x40, 0xA1, 0x21, 0x21, 0x21, 0x3F, 0x21, 0x21, 0x21, 0x21, 0x21, 0x00, 0x00,
    0x00, 0x00, 0x20, 0x40, 0xBE, 0x08, 0x08, 0x08, 0x08, 0x08, 0x08, 0x08, 0x08, 0x3E, 0x00, 0x00,
    0x00, 0x00, 0x7F, 0xFE, 0x73, 0x8E, 0x6D, 0xF6, 0x6D, 0xC6, 0x6D, 0xF6, 0x73, 0x8E, 0x7F, 0xFE,
    0x7F, 0xFE, 0x73, 0x8E, 0x6D, 0xB6, 0x73, 0x8E, 0x6D, 0xB6, 0x73, 0x8E, 0x7F, 0xFE, 0x00, 0x00,
    0x00, 0x00, 0x20, 0x40, 0xBC, 0x42, 0x42, 0x42, 0x42, 0x42, 0x42, 0x42, 0x42, 0x3C, 0x00, 0x00,
    0x00, 0x00, 0x7F, 0xFE, 0x73, 0x8E, 0x6D, 0xF6, 0x6D, 0xC6, 0x6D, 0xF6, 0x73, 0x8E, 0x7F, 0xFE,
    0x7F, 0xFE, 0x73, 0x8E, 0x6D, 0xB6, 0x73, 0xB6, 0x6D, 0xB6, 0x73, 0x8E, 0x7F, 0xFE, 0x00, 0x00,
    0x00, 0x00, 0x20, 0x40, 0xC1, 0x41, 0x22, 0x22, 0x14, 0x08, 0x08, 0x08, 0x08, 0x08, 0x00, 0x00,
    0x00, 0x00, 0x20, 0x40, 0xBE, 0x41, 0x41, 0x41, 0x41, 0x41, 0x22, 0x14, 0x14, 0x77, 0x00, 0x00,
    0x04, 0x08, 0x10, 0x44, 0x44, 0x00, 0x30, 0x10, 0x10, 0x10, 0x10, 0x10, 0x10, 0x0C, 0x00, 0x00,
    0x00, 0x00, 0x00, 0x00, 0x18, 0x24, 0x24, 0x42, 0x42, 0x7E, 0x42, 0x42, 0x42, 0x42, 0x00, 0x00,
    0x00, 0x00, 0x00, 0x00, 0x7C, 0x42, 0x42, 0x42, 0x7C, 0x42, 0x42, 0x42, 0x42, 0x7C, 0x00, 0x00,
    0x00, 0x00, 0x00, 0x00, 0x7E, 0x42, 0x40, 0x40, 0x40, 0x40, 0x40, 0x40, 0x40, 0x40, 0x00, 0x00,
    0x00, 0x00, 0x00, 0x00, 0x08, 0x08, 0x14, 0x14, 0x22, 0x22, 0x22, 0x41, 0x41, 0x7F, 0x00, 0x00,
    0x00, 0x00, 0x00, 0x00, 0x7E, 0x40, 0x40, 0x40, 0x7C, 0x40, 0x40, 0x40, 0x40, 0x7E, 0x00, 0x00,
    0x00, 0x00, 0x00, 0x00, 0x7E, 0x02, 0x02, 0x04, 0x08, 0x10, 0x20, 0x40, 0x40, 0x7E, 0x00, 0x00,
    0x00, 0x00, 0x00, 0x00, 0x42, 0x42, 0x42, 0x42, 0x7E, 0x42, 0x42, 0x42, 0x42, 0x42, 0x00, 0x00,
    0x00, 0x00, 0x00, 0x00, 0x3C, 0x42, 0x42, 0x42, 0x5A, 0x5A, 0x42, 0x42, 0x42, 0x3C, 0x00, 0x00,
    0x00, 0x00, 0x00, 0x00, 0x3E, 0x08, 0x08, 0x08, 0x08, 0x08, 0x08, 0x08, 0x08, 0x3E, 0x00, 0x00,
    0x00, 0x00, 0x00, 0x00, 0x42, 0x44, 0x48, 0x50, 0x60, 0x60, 0x50, 0x48, 0x44, 0x42, 0x00, 0x00,
    0x00, 0x00, 0x00, 0x00, 0x08, 0x08, 0x14, 0x14, 0x22, 0x22, 0x22, 0x41, 0x41, 0x41, 0x00, 0x00,
    0x00, 0x00, 0x00, 0x00, 0x42, 0x42, 0x66, 0x66, 0x5A, 0x5A, 0x42, 0x42, 0x42, 0x42, 0x00, 0x00,
    0x00, 0x00, 0x00, 0x00, 0x42, 0x62, 0x62, 0x52, 0x52, 0x4A, 0x4A, 0x46, 0x46, 0x42, 0x00, 0x00,
    0x00, 0x00, 0x00, 0x00, 0x7E, 0x00, 0x00, 0x00, 0x3C, 0x00, 0x00, 0x00, 0x00, 0x7E, 0x00, 0x00,
    0x00, 0x00, 0x00, 0x00, 0x3C, 0x42, 0x42, 0x42, 0x42, 0x42, 0x42, 0x42, 0x42, 0x3C, 0x00, 0x00,
    0x00, 0x00, 0x00, 0x00, 0x7F, 0x22, 0x22, 0x22, 0x22, 0x22, 0x22, 0x22, 0x22, 0x22, 0x00, 0x00,
    0x00, 0x00, 0x00, 0x00, 0x7C, 0x42, 0x42, 0x42, 0x7C, 0x40, 0x40, 0x40, 0x40, 0x40, 0x00, 0x00,
    0x00, 0x00, 0x7F, 0xFE, 0x73, 0x8E, 0x6D, 0xF6, 0x6D, 0xC6, 0x6D, 0xF6, 0x73, 0x8E, 0x7F, 0xFE,
    0x7F, 0xFE, 0x61, 0x86, 0x6D, 0xF6, 0x61, 0x86, 0x6D, 0xBE, 0x6D, 0x86, 0x7F, 0xFE, 0x00, 0x00,
    0x00, 0x00, 0x00, 0x00, 0x7E, 0x40, 0x20, 0x10, 0x08, 0x08, 0x10, 0x20, 0x40, 0x7E, 0x00, 0x00,
    0x00, 0x00, 0x00, 0x00, 0x7F, 0x08, 0x08, 0x08, 0x08, 0x08, 0x08, 0x08, 0x08, 0x08, 0x00, 0x00,
    0x00, 0x00, 0x00, 0x00, 0x41, 0x41, 0x22, 0x22, 0x14, 0x08, 0x08, 0x08, 0x08, 0x08, 0x00, 0x00,
    0x00, 0x00, 0x00, 0x00, 0x7F, 0x08, 0x3E, 0x49, 0x49, 0x49, 0x49, 0x3E, 0x08, 0x7F, 0x00, 0x00,
    0x00, 0x00, 0x00, 0x00, 0x42, 0x42, 0x24, 0x24, 0x18, 0x18, 0x24, 0x24, 0x42, 0x42, 0x00, 0x00,
    0x00, 0x00, 0x00, 0x00, 0x49, 0x49, 0x49, 0x49, 0x49, 0x3E, 0x08, 0x08, 0x08, 0x08, 0x00, 0x00,
    0x00, 0x00, 0x00, 0x00, 0x3E, 0x41, 0x41, 0x41, 0x41, 0x41, 0x22, 0x14, 0x14, 0x77, 0x00, 0x00,
    0x24, 0x24, 0x00, 0x00, 0x3E, 0x08, 0x08, 0x08, 0x08, 0x08, 0x08, 0x08, 0x08, 0x3E, 0x00, 0x00,
    0x24, 0x24, 0x00, 0x00, 0x41, 0x41, 0x22, 0x22, 0x14, 0x08, 0x08, 0x08, 0x08, 0x08, 0x00, 0x00,
    0x00, 0x04, 0x08, 0x10, 0x00, 0x00, 0x32, 0x4A, 0x44, 0x44, 0x44, 0x44, 0x4A, 0x32, 0x00, 0x00,
    0x00, 0x04, 0x08, 0x10, 0x00, 0x00, 0x3E, 0x40, 0x40, 0x3C, 0x40, 0x40, 0x40, 0x3E, 0x00, 0x00,
    0x00, 0x04, 0x08, 0x10, 0x00, 0x00, 0x5C, 0x62, 0x42, 0x42, 0x42, 0x42, 0x42, 0x42, 0x02, 0x02,
    0x00, 0x04, 0x08, 0x10, 0x00, 0x00, 0x30, 0x10, 0x10, 0x10, 0x10, 0x10, 0x10, 0x0C, 0x00, 0x00,
    0x04, 0x08, 0x10, 0x44, 0x44, 0x00, 0x42, 0x42, 0x42, 0x42, 0x42, 0x42, 0x42, 0x3C, 0x00, 0x00,
    0x00, 0x00, 0x00, 0x00, 0x00, 0x00, 0x32, 0x4A, 0x44, 0x44, 0x44, 0x44, 0x4A, 0x32, 0x00, 0x00,
    0x00, 0x00, 0x00, 0x00, 0x38, 0x44, 0x44, 0x44, 0x7C, 0x42, 0x42, 0x42, 0x62, 0x5C, 0x40, 0x40,
    0x00, 0x00, 0x00, 0x00, 0x00, 0x00, 0x42, 0x22, 0x22, 0x14, 0x14, 0x14, 0x08, 0x08, 0x08, 0x08,
    0x00, 0x00, 0x00, 0x00, 0x1C, 0x20, 0x20, 0x20, 0x18, 0x24, 0x42, 0x42, 0x42, 0x3C, 0x00, 0x00,
    0x00, 0x00, 0x00, 0x00, 0x00, 0x00, 0x3C, 0x42, 0x40, 0x3C, 0x40, 0x40, 0x42, 0x3C, 0x00, 0x00,
    0x00, 0x00, 0x00, 0x00, 0x7F, 0x06, 0x18, 0x20, 0x20, 0x40, 0x40, 0x40, 0x20, 0x1C, 0x02, 0x1C,
    0x00, 0x00, 0x00, 0x00, 0x00, 0x00, 0x5C, 0x62, 0x42, 0x42, 0x42, 0x42, 0x42, 0x42, 0x02, 0x02,
    0x00, 0x00, 0x00, 0x00, 0x18, 0x24, 0x42, 0x42, 0x7E, 0x42, 0x42, 0x42, 0x24, 0x18, 0x00, 0x00,
    0x00, 0x00, 0x00, 0x00, 0x00, 0x00, 0x30, 0x10, 0x10, 0x10, 0x10, 0x10, 0x10, 0x0C, 0x00, 0x00,
    0x00, 0x00, 0x00, 0x00, 0x00, 0x00, 0x22, 0x24, 0x28, 0x30, 0x30, 0x28, 0x24, 0x22, 0x00, 0x00,
    0x00, 0x00, 0x00, 0x00, 0x20, 0x20, 0x10, 0x10, 0x08, 0x18, 0x24, 0x24, 0x42, 0x42, 0x00, 0x00,
    0x00, 0x00, 0x00, 0x00, 0x00, 0x00, 0x42, 0x42, 0x42, 0x42, 0x42, 0x42, 0x66, 0x59, 0x40, 0x40,
    0x00, 0x00, 0x00, 0x00, 0x00, 0x00, 0x42, 0x42, 0x42, 0x44, 0x44, 0x48, 0x50, 0x60, 0x00, 0x00,
    0x00, 0x00, 0x00, 0x00, 0x7E, 0x30, 0x40, 0x40, 0x38, 0x40, 0x40, 0x40, 0x20, 0x1C, 0x02, 0x1C,
    0x00, 0x00, 0x00, 0x00, 0x00, 0x00, 0x3C, 0x42, 0x42, 0x42, 0x42, 0x42, 0x42, 0x3C, 0x00, 0x00,
    0x00, 0x00, 0x00, 0x00, 0x00, 0x00, 0x7E, 0x24, 0x24, 0x24, 0x24, 0x24, 0x24, 0x24, 0x00, 0x00,
    0x00, 0x00, 0x00, 0x00, 0x00, 0x00, 0x3C, 0x42, 0x42, 0x42, 0x42, 0x42, 0x62, 0x5C, 0x40, 0x40,
    0x00, 0x00, 0x00, 0x00, 0x00, 0x00, 0x1E, 0x20, 0x40, 0x40, 0x40, 0x40, 0x20, 0x1C, 0x02, 0x1C,
    0x00, 0x00, 0x00, 0x00, 0x00, 0x00, 0x3F, 0x48, 0x44, 0x44, 0x44, 0x44, 0x44, 0x38, 0x00, 0x00,
    0x00, 0x00, 0x00, 0x00, 0x00, 0x00, 0x7E, 0x10, 0x10, 0x10, 0x10, 0x10, 0x10, 0x0C, 0x00, 0x00,
    0x00, 0x00, 0x00, 0x00, 0x00, 0x00, 0x42, 0x42, 0x42, 0x42, 0x42, 0x42, 0x42, 0x3C, 0x00, 0x00,
    0x00, 0x00, 0x00, 0x00, 0x00, 0x00, 0x26, 0x49, 0x49, 0x49, 0x49, 0x49, 0x49, 0x3E, 0x08, 0x08,
    0x00, 0x00, 0x00, 0x00, 0x00, 0x00, 0xC1, 0x21, 0x12, 0x14, 0x18, 0x28, 0x48, 0x44, 0x84, 0x83,
    0x00, 0x00, 0x00, 0x00, 0x00, 0x00, 0x49, 0x49, 0x49, 0x49, 0x49, 0x49, 0x49, 0x3E, 0x08, 0x08,
    0x00, 0x00, 0x00, 0x00, 0x00, 0x00, 0x22, 0x41, 0x41, 0x49, 0x49, 0x49, 0x49, 0x36, 0x00, 0x00,
    0x00, 0x00, 0x24, 0x24, 0x00, 0x00, 0x30, 0x10, 0x10, 0x10, 0x10, 0x10, 0x10, 0x0C, 0x00, 0x00,
    0x00, 0x00, 0x24, 0x24, 0x00, 0x00, 0x42, 0x42, 0x42, 0x42, 0x42, 0x42, 0x42, 0x3C, 0x00, 0x00,
    0x00, 0x04, 0x08, 0x10, 0x00, 0x00, 0x3C, 0x42, 0x42, 0x42, 0x42, 0x42, 0x42, 0x3C, 0x00, 0x00,
    0x00, 0x04, 0x08, 0x10, 0x00, 0x00, 0x42, 0x42, 0x42, 0x42, 0x42, 0x42, 0x42, 0x3C, 0x00, 0x00,
    0x00, 0x04, 0x08, 0x10, 0x00, 0x00, 0x22, 0x41, 0x41, 0x49, 0x49, 0x49, 0x49, 0x36, 0x00, 0x00,
    0x00, 0x00, 0x00, 0x00, 0x42, 0x44, 0x48, 0x50, 0x60, 0x60, 0x50, 0x48, 0x44, 0x42, 0x04, 0x08,
    0x00, 0x00, 0x00, 0x00, 0x1C, 0x22, 0x42, 0x44, 0x78, 0x44, 0x42, 0x42, 0x44, 0x38, 0x00, 0x00,
    0x00, 0x00, 0x00, 0x00, 0x0C, 0x12, 0x12, 0x12, 0x0F, 0x22, 0x62, 0x22, 0x22, 0x1C, 0x00, 0x00,
    0x00, 0x00, 0x00, 0x00, 0x36, 0x55, 0x14, 0x14, 0x08, 0x08, 0x08, 0x08, 0x08, 0x1C, 0x00, 0x00,
    0x00, 0x00, 0x20, 0x40, 0xB6, 0x55, 0x14, 0x14, 0x08, 0x08, 0x08, 0x08, 0x08, 0x1C, 0x00, 0x00,
    0x00, 0x36, 0x36, 0x00, 0x36, 0x55, 0x14, 0x14, 0x08, 0x08, 0x08, 0x08, 0x08, 0x1C, 0x00, 0x00,
    0x00, 0x00, 0x00, 0x00, 0x08, 0x08, 0x3E, 0x49, 0x49, 0x49, 0x49, 0x49, 0x49, 0x3E, 0x08, 0x08,
    0x00, 0x00, 0x00, 0x00, 0x00, 0x00, 0x7F, 0x22, 0x41, 0x41, 0x49, 0x49, 0x49, 0x36, 0x00, 0x00,
    0x00, 0x00, 0x00, 0x00, 0x00, 0x00, 0x82, 0x44, 0x2C, 0x2C, 0x34, 0x34, 0x22, 0x41, 0x02, 0x0C,
    0x00, 0x00, 0x00, 0x00, 0x3C, 0x42, 0x42, 0x42, 0x42, 0x42, 0x42, 0x42, 0x42, 0x3C, 0x18, 0x3C,
    0x00, 0x00, 0x00, 0x00, 0x00, 0x00, 0x3C, 0x42, 0x42, 0x42, 0x42, 0x42, 0x42, 0x3C, 0x18, 0x18,
    0x00, 0x00, 0x00, 0x00, 0x1C, 0x22, 0x41, 0x40, 0x40, 0x40, 0x40, 0x40, 0x20, 0x1C, 0x02, 0x1C,
    0x00, 0x00, 0x00, 0x00, 0x01, 0x02, 0x1C, 0x20, 0x40, 0x40, 0x40, 0x40, 0x20, 0x1C, 0x02, 0x1C,
    0x00, 0x00, 0x00, 0x00, 0x7E, 0x40, 0x40, 0x40, 0x7C, 0x44, 0x44, 0x40, 0x40, 0x40, 0x00, 0x00,
    0x00, 0x00, 0x00, 0x00, 0x00, 0x00, 0x7E, 0x40, 0x40, 0x40, 0x7C, 0x44, 0x44, 0x40, 0x40, 0x40,
    0x00, 0x00, 0x00, 0x00, 0x60, 0x20, 0x20, 0x20, 0x20, 0x3E, 0x04, 0x04, 0x08, 0x08, 0x00, 0x00,
    0x00, 0x00, 0x00, 0x00, 0x00, 0x00, 0x20, 0x10, 0x10, 0x22, 0x3C, 0x44, 0x08, 0x08, 0x08, 0x06,
    0x00, 0x00, 0x00, 0x00, 0x78, 0x84, 0x0C, 0x12, 0x22, 0x06, 0x0A, 0x12, 0x02, 0x04, 0x00, 0x00,
    0x00, 0x00, 0x00, 0x00, 0x00, 0x00, 0x30, 0x08, 0x0C, 0x14, 0x22, 0x06, 0x0A, 0x12, 0x02, 0x04,
    0x00, 0x00, 0x00, 0x00, 0x44, 0x92, 0x92, 0x92, 0x92, 0x92, 0x92, 0x92, 0x92, 0x6E, 0x02, 0x1C,
    0x00, 0x00, 0x00, 0x00, 0x00, 0x00, 0x44, 0x92, 0x92, 0x92, 0x92, 0x92, 0x92, 0x6E, 0x02, 0x1C,
    0x00, 0x00, 0x00, 0x00, 0x22, 0x42, 0x42, 0x42, 0x42, 0x46, 0x3A, 0x02, 0x02, 0x02, 0x02, 0x02,
    0x00, 0x00, 0x00, 0x00, 0x00, 0x00, 0x12, 0x22, 0x22, 0x22, 0x22, 0x1E, 0x02, 0x02, 0x02, 0x02,
    0x00, 0x00, 0x00, 0x00, 0x40, 0x40, 0x40, 0x5C, 0x62, 0x41, 0x41, 0x41, 0x41, 0x41, 0x02, 0x1C,
    0x00, 0x00, 0x00, 0x00, 0x00, 0x00, 0x40, 0x40, 0x40, 0x5C, 0x62, 0x41, 0x41, 0x41, 0x02, 0x1C,
    0x00, 0x00, 0x00, 0x00, 0x3C, 0x42, 0x42, 0x02, 0x04, 0x08, 0x10, 0x20, 0x40, 0x40, 0x43, 0x3C,
    0x00, 0x00, 0x00, 0x00, 0x00, 0x00, 0x3C, 0x42, 0x42, 0x04, 0x08, 0x10, 0x20, 0x40, 0x43, 0x3C,
    0x00, 0x00, 0x00, 0x00, 0xC3, 0xA5, 0x24, 0x18, 0x18, 0x24, 0x24, 0x42, 0x42, 0x7E, 0x81, 0x00,
    0x00, 0x00, 0x00, 0x00, 0x00, 0x00, 0x24, 0x5A, 0x18, 0x18, 0x18, 0x24, 0x42, 0x7E, 0x00, 0x00,
    0x00, 0x00, 0x00, 0x00, 0x3E, 0x41, 0x40, 0x5C, 0x62, 0x42, 0x42, 0x42, 0x42, 0x3C, 0x00, 0x00,
    0x00, 0x00, 0x00, 0x00, 0x00, 0x00, 0x3E, 0x41, 0x40, 0x5C, 0x62, 0x42, 0x42, 0x3C, 0x00, 0x00,
    0x00, 0x00, 0x00, 0x00, 0x10, 0x10, 0xFE, 0x92, 0x10, 0x10, 0x10, 0x10, 0x10, 0x10, 0x10, 0x10,
    0x00, 0x00, 0x00, 0x00, 0x00, 0x00, 0x10, 0x10, 0xFE, 0x92, 0x10, 0x10, 0x10, 0x10, 0x10, 0x10,
    0x00, 0x00, 0x00, 0x00, 0x00, 0x00, 0x82, 0x44, 0x2C, 0x2C, 0x34, 0x34, 0x22, 0x41, 0x00, 0x00,
    0x00, 0x00, 0x00, 0x00, 0x00, 0x00, 0x3C, 0x42, 0x42, 0x42, 0x7C, 0x40, 0x40, 0x3C, 0x02, 0x00,
    0x00, 0x00, 0x00, 0x00, 0x00, 0x00, 0x3C, 0x42, 0x40, 0x40, 0x40, 0x40, 0x42, 0x3C, 0x00, 0x00,
    0x00, 0x00, 0x00, 0x04, 0x04, 0x00, 0x0C, 0x04, 0x04, 0x04, 0x04, 0x04, 0x04, 0x04, 0x48, 0x30,
    0x00, 0x00, 0x00, 0x00, 0x3C, 0x42, 0x42, 0x42, 0x7E, 0x42, 0x42, 0x42, 0x42, 0x3C, 0x00, 0x00,
    0x00, 0x00, 0x00, 0x00, 0x00, 0x00, 0x1C, 0x20, 0x40, 0x78, 0x40, 0x40, 0x20, 0x1C, 0x00, 0x00,
    0x00, 0x00, 0x00, 0x00, 0x00, 0x00, 0x70, 0x08, 0x04, 0x3C, 0x04, 0x04, 0x08, 0x70, 0x00, 0x00,
    0x00, 0x00, 0x00, 0x00, 0x40, 0x78, 0x44, 0x42, 0x42, 0x42, 0x42, 0x42, 0x44, 0x78, 0x40, 0x40,
    0x00, 0x00, 0x00, 0x00, 0x40, 0x40, 0x5C, 0x62, 0x42, 0x42, 0x42, 0x42, 0x62, 0x5C, 0x40, 0x40,
    0x00, 0x00, 0x00, 0x00, 0x3C, 0x42, 0x42, 0x40, 0x40, 0x40, 0x40, 0x42, 0x42, 0x3C, 0x00, 0x00,
    0x00, 0x00, 0x00, 0x00, 0x42, 0x42, 0x66, 0x66, 0x5A, 0x5A, 0x42, 0x42, 0x42, 0x42, 0x00, 0x00,
    0x00, 0x00, 0x00, 0x00, 0x00, 0x00, 0x44, 0x6C, 0x6C, 0x54, 0x44, 0x44, 0x44, 0x43, 0x40, 0x40,
    0x00, 0x00, 0x00, 0x00, 0x00, 0x00, 0x3C, 0x42, 0x42, 0x42, 0x42, 0x62, 0x5C, 0x40, 0xF8, 0x40,
    0x00, 0x00, 0x00, 0x00, 0x3C, 0x42, 0x42, 0x02, 0x02, 0x02, 0x02, 0x42, 0x42, 0x3C, 0x00, 0x00,
    0x00, 0x00, 0x00, 0x00, 0x3C, 0x42, 0x42, 0x40, 0x58, 0x58, 0x40, 0x42, 0x42, 0x3C, 0x00, 0x00,
    0x00, 0x00, 0x00, 0x00, 0x3C, 0x42, 0x42, 0x02, 0x1A, 0x1A, 0x02, 0x42, 0x42, 0x3C, 0x00, 0x00,
    0x00, 0x30, 0x0C, 0x00, 0x7E, 0x40, 0x40, 0x40, 0x7C, 0x40, 0x40, 0x40, 0x40, 0x7E, 0x00, 0x00,
    0x24, 0x24, 0x00, 0x00, 0x7E, 0x40, 0x40, 0x40, 0x7C, 0x40, 0x40, 0x40, 0x40, 0x7E, 0x00, 0x00,
    0x00, 0x00, 0x00, 0x00, 0x7E, 0x10, 0x10, 0x10, 0x1E, 0x11, 0x11, 0x11, 0x11, 0x16, 0x00, 0x00,
    0x0C, 0x30, 0x00, 0x00, 0x7E, 0x40, 0x40, 0x40, 0x40, 0x40, 0x40, 0x40, 0x40, 0x40, 0x00, 0x00,
    0x00, 0x00, 0x00, 0x00, 0x1C, 0x22, 0x40, 0x40, 0x7C, 0x40, 0x40, 0x40, 0x22, 0x1C, 0x00, 0x00,
    0x00, 0x00, 0x00, 0x00, 0x3C, 0x42, 0x42, 0x40, 0x30, 0x0C, 0x02, 0x42, 0x42, 0x3C, 0x00, 0x00,
    0x00, 0x00, 0x00, 0x00, 0x3E, 0x08, 0x08, 0x08, 0x08, 0x08, 0x08, 0x08, 0x08, 0x3E, 0x00, 0x00,
    0x24, 0x24, 0x00, 0x00, 0x3E, 0x08, 0x08, 0x08, 0x08, 0x08, 0x08, 0x08, 0x08, 0x3E, 0x00, 0x00,
    0x00, 0x00, 0x00, 0x00, 0x0E, 0x04, 0x04, 0x04, 0x04, 0x04, 0x04, 0x44, 0x44, 0x38, 0x00, 0x00,
    0x00, 0x00, 0x00, 0x00, 0x78, 0x48, 0x48, 0x48, 0x4E, 0x49, 0x49, 0x49, 0x49, 0x8E, 0x00, 0x00,
    0x00, 0x00, 0x00, 0x00, 0x48, 0x48, 0x48, 0x48, 0x7E, 0x49, 0x49, 0x49, 0x49, 0x4E, 0x00, 0x00,
    0x00, 0x00, 0x00, 0x00, 0x7E, 0x10, 0x10, 0x10, 0x1E, 0x11, 0x11, 0x11, 0x11, 0x11, 0x00, 0x00,
    0x0C, 0x30, 0x00, 0x00, 0x46, 0x48, 0x48, 0x50, 0x50, 0x60, 0x50, 0x48, 0x44, 0x42, 0x00, 0x00,
    0x00, 0x30, 0x0C, 0x00, 0x42, 0x46, 0x46, 0x4A, 0x4A, 0x52, 0x52, 0x62, 0x62, 0x42, 0x00, 0x00,
    0x42, 0x42, 0x3C, 0x00, 0x41, 0x41, 0x22, 0x22, 0x14, 0x14, 0x08, 0x08, 0x10, 0x30, 0x00, 0x00,
    0x00, 0x00, 0x00, 0x00, 0x41, 0x41, 0x41, 0x41, 0x41, 0x41, 0x41, 0x41, 0x41, 0x7F, 0x08, 0x08,
    0x00, 0x00, 0x00, 0x00, 0x18, 0x24, 0x24, 0x42, 0x42, 0x7E, 0x42, 0x42, 0x42, 0x42, 0x00, 0x00,
    0x00, 0x00, 0x00, 0x00, 0x7C, 0x40, 0x40, 0x40, 0x7C, 0x42, 0x42, 0x42, 0x42, 0x7C, 0x00, 0x00,
    0x00, 0x00, 0x00, 0x00, 0x7C, 0x42, 0x42, 0x42, 0x7C, 0x42, 0x42, 0x42, 0x42, 0x7C, 0x00, 0x00,
    0x00, 0x00, 0x00, 0x00, 0x7E, 0x40, 0x40, 0x40, 0x40, 0x40, 0x40, 0x40, 0x40, 0x40, 0x00, 0x00,
    0x00, 0x00, 0x00, 0x00, 0x0E, 0x12, 0x12, 0x12, 0x22, 0x22, 0x22, 0x42, 0x42, 0xFF, 0x81, 0x81,
    0x00, 0x00, 0x00, 0x00, 0x7E, 0x40, 0x40, 0x40, 0x7C, 0x40, 0x40, 0x40, 0x40, 0x7E, 0x00, 0x00,
    0x00, 0x00, 0x00, 0x00, 0x49, 0x49, 0x2A, 0x2A, 0x1C, 0x1C, 0x2A, 0x2A, 0x49, 0x49, 0x00, 0x00,
    0x00, 0x00, 0x00, 0x00, 0x3C, 0x42, 0x02, 0x02, 0x3C, 0x04, 0x02, 0x02, 0x42, 0x3C, 0x00, 0x00,
    0x00, 0x00, 0x00, 0x00, 0x42, 0x46, 0x46, 0x4A, 0x4A, 0x52, 0x52, 0x62, 0x62, 0x42, 0x00, 0x00,
    0x00, 0x24, 0x18, 0x00, 0x42, 0x46, 0x46, 0x4A, 0x4A, 0x52, 0x52, 0x62, 0x62, 0x42, 0x00, 0x00,
    0x00, 0x00, 0x00, 0x00, 0x46, 0x48, 0x48, 0x50, 0x50, 0x60, 0x50, 0x48, 0x44, 0x42, 0x00, 0x00,
    0x00, 0x00, 0x00, 0x00, 0x1E, 0x12, 0x12, 0x12, 0x12, 0x12, 0x12, 0x22, 0x22, 0x42, 0x00, 0x00,
    0x00, 0x00, 0x00, 0x00, 0x42, 0x42, 0x66, 0x66, 0x5A, 0x5A, 0x42, 0x42, 0x42, 0x42, 0x00, 0x00,
    0x00, 0x00, 0x00, 0x00, 0x42, 0x42, 0x42, 0x42, 0x7E, 0x42, 0x42, 0x42, 0x42, 0x42, 0x00, 0x00,
    0x00, 0x00, 0x00, 0x00, 0x3C, 0x42, 0x42, 0x42, 0x42, 0x42, 0x42, 0x42, 0x42, 0x3C, 0x00, 0x00,
    0x00, 0x00, 0x00, 0x00, 0x7E, 0x42, 0x42, 0x42, 0x42, 0x42, 0x42, 0x42, 0x42, 0x42, 0x00, 0x00,
    0x00, 0x00, 0x00, 0x00, 0x7C, 0x42, 0x42, 0x42, 0x7C, 0x40, 0x40, 0x40, 0x40, 0x40, 0x00, 0x00,
    0x00, 0x00, 0x00, 0x00, 0x3C, 0x42, 0x42, 0x40, 0x40, 0x40, 0x40, 0x42, 0x42, 0x3C, 0x00, 0x00,
    0x00, 0x00, 0x00, 0x00, 0x7F, 0x08, 0x08, 0x08, 0x08, 0x08, 0x08, 0x08, 0x08, 0x08, 0x00, 0x00,
    0x00, 0x00, 0x00, 0x00, 0x41, 0x41, 0x22, 0x22, 0x14, 0x14, 0x08, 0x08, 0x10, 0x30, 0x00, 0x00,
    0x00, 0x00, 0x00, 0x08, 0x3E, 0x49, 0x49, 0x49, 0x49, 0x49, 0x3E, 0x08, 0x08, 0x08, 0x00, 0x00,
    0x00, 0x00, 0x00, 0x00, 0x42, 0x42, 0x24, 0x24, 0x18, 0x18, 0x24, 0x24, 0x42, 0x42, 0x00, 0x00,
    0x00, 0x00, 0x00, 0x00, 0x42, 0x42, 0x42, 0x42, 0x42, 0x42, 0x42, 0x42, 0x42, 0x7F, 0x01, 0x01,
    0x00, 0x00, 0x00, 0x00, 0x42, 0x42, 0x42, 0x42, 0x42, 0x46, 0x3A, 0x02, 0x02, 0x02, 0x00, 0x00,
    0x00, 0x00, 0x00, 0x00, 0x49, 0x49, 0x49, 0x49, 0x49, 0x49, 0x49, 0x49, 0x49, 0x7F, 0x00, 0x00,
    0x00, 0x00, 0x00, 0x00, 0x92, 0x92, 0x92, 0x92, 0x92, 0x92, 0x92, 0x92, 0x92, 0xFF, 0x01, 0x01,
    0x00, 0x00, 0x00, 0x00, 0x70, 0x10, 0x10, 0x10, 0x1E, 0x11, 0x11, 0x11, 0x11, 0x1E, 0x00, 0x00,
    0x00, 0x00, 0x00, 0x00, 0x42, 0x42, 0x42, 0x42, 0x72, 0x4A, 0x4A, 0x4A, 0x4A, 0x72, 0x00, 0x00,
    0x00, 0x00, 0x00, 0x00, 0x40, 0x40, 0x40, 0x40, 0x7C, 0x42, 0x42, 0x42, 0x42, 0x7C, 0x00, 0x00,
    0x00, 0x00, 0x00, 0x00, 0x38, 0x44, 0x02, 0x02, 0x3E, 0x02, 0x02, 0x02, 0x44, 0x38, 0x00, 0x00,
    0x00, 0x00, 0x00, 0x00, 0x4C, 0x52, 0x52, 0x52, 0x72, 0x52, 0x52, 0x52, 0x52, 0x4C, 0x00, 0x00,
    0x00, 0x00, 0x00, 0x00, 0x3E, 0x42, 0x42, 0x42, 0x3E, 0x12, 0x22, 0x22, 0x42, 0x42, 0x00, 0x00,
    0x00, 0x00, 0x00, 0x00, 0x00, 0x00, 0x3C, 0x42, 0x02, 0x3E, 0x42, 0x42, 0x46, 0x3A, 0x00, 0x00,
    0x00, 0x00, 0x02, 0x1C, 0x20, 0x40, 0x7C, 0x42, 0x42, 0x42, 0x42, 0x42, 0x42, 0x3C, 0x00, 0x00,
    0x00, 0x00, 0x00, 0x00, 0x00, 0x00, 0x7C, 0x42, 0x42, 0x7C, 0x42, 0x42, 0x42, 0x7C, 0x00, 0x00,
    0x00, 0x00, 0x00, 0x00, 0x00, 0x00, 0x7E, 0x40, 0x40, 0x40, 0x40, 0x40, 0x40, 0x40, 0x00, 0x00,
    0x00, 0x00, 0x00, 0x00, 0x00, 0x00, 0x1E, 0x12, 0x22, 0x22, 0x42, 0x42, 0x42, 0x7F, 0x41, 0x00,
    0x00, 0x00, 0x00, 0x00, 0x00, 0x00, 0x3C, 0x42, 0x42, 0x7E, 0x40, 0x40, 0x42, 0x3C, 0x00, 0x00,
    0x00, 0x00, 0x00, 0x00, 0x00, 0x00, 0x49, 0x49, 0x2A, 0x1C, 0x1C, 0x2A, 0x49, 0x49, 0x00, 0x00,
    0x00, 0x00, 0x00, 0x00, 0x00, 0x00, 0x3C, 0x42, 0x02, 0x3C, 0x04, 0x02, 0x42, 0x3C, 0x00, 0x00,
    0x00, 0x00, 0x00, 0x00, 0x00, 0x00, 0x46, 0x46, 0x4A, 0x4A, 0x52, 0x52, 0x62, 0x62, 0x00, 0x00,
    0x00, 0x00, 0x24, 0x18, 0x00, 0x00, 0x46, 0x46, 0x4A, 0x4A, 0x52, 0x52, 0x62, 0x62, 0x00, 0x00,
    0x00, 0x00, 0x00, 0x00, 0x00, 0x00, 0x46, 0x48, 0x50, 0x60, 0x50, 0x48, 0x44, 0x42, 0x00, 0x00,
    0x00, 0x00, 0x00, 0x00, 0x00, 0x00, 0x1E, 0x12, 0x12, 0x12, 0x12, 0x22, 0x22, 0x42, 0x00, 0x00,
    0x00, 0x00, 0x00, 0x00, 0x00, 0x00, 0x42, 0x66, 0x66, 0x5A, 0x5A, 0x42, 0x42, 0x42, 0x00, 0x00,
    0x00, 0x00, 0x00, 0x00, 0x00, 0x00, 0x42, 0x42, 0x42, 0x7E, 0x42, 0x42, 0x42, 0x42, 0x00, 0x00,
    0x00, 0x00, 0x00, 0x00, 0x00, 0x00, 0x3C, 0x42, 0x42, 0x42, 0x42, 0x42, 0x42, 0x3C, 0x00, 0x00,
    0x00, 0x00, 0x00, 0x00, 0x00, 0x00, 0x7E, 0x42, 0x42, 0x42, 0x42, 0x42, 0x42, 0x42, 0x00, 0x00,
    0x00, 0x00, 0x00, 0x00, 0x00, 0x00, 0x5C, 0x62, 0x42, 0x42, 0x42, 0x42, 0x62, 0x5C, 0x40, 0x40,
    0x00, 0x00, 0x00, 0x00, 0x00, 0x00, 0x3C, 0x42, 0x40, 0x40, 0x40, 0x40, 0x42, 0x3C, 0x00, 0x00,
    0x00, 0x00, 0x00, 0x00, 0x00, 0x00, 0x7F, 0x08, 0x08, 0x08, 0x08, 0x08, 0x08, 0x08, 0x00, 0x00,
    0x00, 0x00, 0x00, 0x00, 0x00, 0x00, 0x42, 0x42, 0x24, 0x24, 0x18, 0x18, 0x10, 0x10, 0x20, 0x60,
    0x00, 0x00, 0x00, 0x08, 0x08, 0x08, 0x3E, 0x49, 0x49, 0x49, 0x49, 0x49, 0x49, 0x3E, 0x08, 0x08,
    0x00, 0x00, 0x00, 0x00, 0x00, 0x00, 0x42, 0x42, 0x24, 0x18, 0x18, 0x24, 0x42, 0x42, 0x00, 0x00,
    0x00, 0x00, 0x00, 0x00, 0x00, 0x00, 0x42, 0x42, 0x42, 0x42, 0x42, 0x42, 0x42, 0x7F, 0x01, 0x01,
    0x00, 0x00, 0x00, 0x00, 0x00, 0x00, 0x42, 0x42, 0x42, 0x42, 0x46, 0x3A, 0x02, 0x02, 0x00, 0x00,
    0x00, 0x00, 0x00, 0x00, 0x00, 0x00, 0x49, 0x49, 0x49, 0x49, 0x49, 0x49, 0x49, 0x7F, 0x00, 0x00,
    0x00, 0x00, 0x00, 0x00, 0x00, 0x00, 0x92, 0x92, 0x92, 0x92, 0x92, 0x92, 0x92, 0xFF, 0x01, 0x01,
    0x00, 0x00, 0x00, 0x00, 0x00, 0x00, 0x70, 0x10, 0x10, 0x1E, 0x11, 0x11, 0x11, 0x1E, 0x00, 0x00,
    0x00, 0x00, 0x00, 0x00, 0x00, 0x00, 0x42, 0x42, 0x42, 0x72, 0x4A, 0x4A, 0x4A, 0x72, 0x00, 0x00,
    0x00, 0x00, 0x00, 0x00, 0x00, 0x00, 0x40, 0x40, 0x40, 0x7C, 0x42, 0x42, 0x42, 0x7C, 0x00, 0x00,
    0x00, 0x00, 0x00, 0x00, 0x00, 0x00, 0x38, 0x44, 0x02, 0x3E, 0x02, 0x02, 0x44, 0x38, 0x00, 0x00,
    0x00, 0x00, 0x00, 0x00, 0x00, 0x00, 0x4C, 0x52, 0x52, 0x72, 0x52, 0x52, 0x52, 0x4C, 0x00, 0x00,
    0x00, 0x00, 0x00, 0x00, 0x00, 0x00, 0x3E, 0x42, 0x42, 0x42, 0x3E, 0x12, 0x22, 0x42, 0x00, 0x00,
    0x00, 0x00, 0x30, 0x0C, 0x00, 0x00, 0x3C, 0x42, 0x42, 0x7E, 0x40, 0x40, 0x42, 0x3C, 0x00, 0x00,
    0x00, 0x00, 0x24, 0x24, 0x00, 0x00, 0x3C, 0x42, 0x42, 0x7E, 0x40, 0x40, 0x42, 0x3C, 0x00, 0x00,
    0x00, 0x00, 0x00, 0x40, 0xF0, 0x40, 0x5C, 0x62, 0x42, 0x42, 0x42, 0x42, 0x42, 0x42, 0x02, 0x0C,
    0x00, 0x00, 0x0C, 0x30, 0x00, 0x00, 0x7E, 0x40, 0x40, 0x40, 0x40, 0x40, 0x40, 0x40, 0x00, 0x00,
    0x00, 0x00, 0x00, 0x00, 0x00, 0x00, 0x1C, 0x22, 0x40, 0x7C, 0x40, 0x40, 0x22, 0x1C, 0x00, 0x00,
    0x00, 0x00, 0x00, 0x00, 0x00, 0x00, 0x3C, 0x42, 0x40, 0x30, 0x0C, 0x02, 0x42, 0x3C, 0x00, 0x00,
    0x00, 0x00, 0x00, 0x08, 0x08, 0x00, 0x18, 0x08, 0x08, 0x08, 0x08, 0x08, 0x08, 0x3E, 0x00, 0x00,
    0x00, 0x00, 0x00, 0x24, 0x24, 0x00, 0x18, 0x08, 0x08, 0x08, 0x08, 0x08, 0x08, 0x3E, 0x00, 0x00,
    0x00, 0x00, 0x00, 0x04, 0x04, 0x00, 0x0C, 0x04, 0x04, 0x04, 0x04, 0x04, 0x04, 0x04, 0x48, 0x30,
    0x00, 0x00, 0x00, 0x00, 0x00, 0x00, 0x78, 0x48, 0x48, 0x4E, 0x49, 0x49, 0x49, 0x8E, 0x00, 0x00,
    0x00, 0x00, 0x00, 0x00, 0x00, 0x00, 0x48, 0x48, 0x48, 0x7E, 0x49, 0x49, 0x49, 0x4E, 0x00, 0x00,
    0x00, 0x00, 0x00, 0x40, 0xF0, 0x40, 0x5C, 0x62, 0x42, 0x42, 0x42, 0x42, 0x42, 0x42, 0x00, 0x00,
    0x00, 0x00, 0x0C, 0x30, 0x00, 0x00, 0x46, 0x48, 0x50, 0x60, 0x50, 0x48, 0x44, 0x42, 0x00, 0x00,
    0x00, 0x00, 0x30, 0x0C, 0x00, 0x00, 0x46, 0x46, 0x4A, 0x4A, 0x52, 0x52, 0x62, 0x62, 0x00, 0x00,
    0x00, 0x42, 0x42, 0x3C, 0x00, 0x00, 0x42, 0x42, 0x24, 0x24, 0x18, 0x18, 0x10, 0x10, 0x20, 0x60,
    0x00, 0x00, 0x00, 0x00, 0x00, 0x00, 0x22, 0x22, 0x22, 0x22, 0x22, 0x22, 0x22, 0x3E, 0x08, 0x08,
    0x00, 0x00, 0x00, 0x00, 0x49, 0x49, 0x49, 0x49, 0x49, 0x49, 0x49, 0x49, 0x5A, 0x24, 0x00, 0x00,
    0x00, 0x00, 0x00, 0x00, 0x00, 0x00, 0x00, 0x49, 0x49, 0x49, 0x49, 0x49, 0x5A, 0x24, 0x00, 0x00,
    0x00, 0x00, 0x00, 0x00, 0x10, 0x7C, 0x10, 0x10, 0x1E, 0x11, 0x11, 0x11, 0x11, 0x1E, 0x00, 0x00,
    0x00, 0x00, 0x00, 0x00, 0x20, 0x20, 0x78, 0x20, 0x20, 0x3C, 0x22, 0x22, 0x22, 0x3C, 0x00, 0x00,
    0x00, 0x00, 0x00, 0x00, 0x46, 0x49, 0x50, 0x50, 0x7E, 0x50, 0x50, 0x50, 0x49, 0x46, 0x00, 0x00,
    0x00, 0x00, 0x00, 0x00, 0x00, 0x00, 0x46, 0x49, 0x50, 0x7E, 0x50, 0x50, 0x49, 0x46, 0x00, 0x00,
    0x00, 0x00, 0x00, 0x00, 0x08, 0x08, 0x14, 0x14, 0x22, 0x36, 0x2A, 0x49, 0x49, 0x49, 0x00, 0x00,
    0x00, 0x00, 0x00, 0x00, 0x00, 0x00, 0x08, 0x14, 0x14, 0x22, 0x36, 0x49, 0x49, 0x49, 0x00, 0x00,
    0x00, 0x00, 0x00, 0x00, 0x48, 0x48, 0x54, 0x54, 0x52, 0x76, 0x6A, 0x49, 0x49, 0x49, 0x00, 0x00,
    0x00, 0x00, 0x00, 0x00, 0x00, 0x00, 0x48, 0x54, 0x54, 0x52, 0x76, 0x49, 0x49, 0x49, 0x00, 0x00,
    0x00, 0x00, 0x00, 0x00, 0x3E, 0x22, 0x22, 0x14, 0x08, 0x1C, 0x2A, 0x49, 0x49, 0x49, 0x00, 0x00,
    0x00, 0x00, 0x00, 0x00, 0x00, 0x00, 0x3E, 0x22, 0x14, 0x08, 0x3E, 0x49, 0x49, 0x49, 0x00, 0x00,
    0x00, 0x00, 0x00, 0x00, 0x5F, 0x51, 0x51, 0x4A, 0x74, 0x4E, 0x55, 0x55, 0x55, 0x55, 0x00, 0x00,
    0x00, 0x00, 0x00, 0x00, 0x00, 0x00, 0x5F, 0x51, 0x4A, 0x74, 0x4E, 0x55, 0x55, 0x55, 0x00, 0x00,
    0x00, 0x00, 0x24, 0x18, 0x3C, 0x42, 0x02, 0x02, 0x3C, 0x04, 0x02, 0x02, 0x02, 0x3C, 0x40, 0x40,
    0x00, 0x00, 0x00, 0x24, 0x18, 0x00, 0x3C, 0x42, 0x02, 0x3C, 0x04, 0x02, 0x02, 0x3C, 0x40, 0x40,
    0x00, 0x00, 0x00, 0x00, 0x49, 0x49, 0x49, 0x49, 0x49, 0x3E, 0x08, 0x08, 0x08, 0x08, 0x00, 0x00,
    0x00, 0x00, 0x00, 0x00, 0x00, 0x00, 0x00, 0x00, 0x49, 0x49, 0x49, 0x49, 0x49, 0x3E, 0x08, 0x08,
    0x00, 0x00, 0x00, 0x00, 0x3C, 0x42, 0x42, 0x42, 0x7E, 0x42, 0x42, 0x42, 0x42, 0x3C, 0x00, 0x00,
    0x00, 0x00, 0x00, 0x00, 0x00, 0x00, 0x3C, 0x42, 0x42, 0x7E, 0x42, 0x42, 0x42, 0x3C, 0x00, 0x00,
    0x00, 0x00, 0x00, 0x00, 0x43, 0x44, 0x44, 0x44, 0x28, 0x28, 0x28, 0x10, 0x10, 0x10, 0x00, 0x00,
    0x00, 0x00, 0x00, 0x00, 0x00, 0x00, 0x46, 0x48, 0x48, 0x28, 0x28, 0x28, 0x10, 0x10, 0x00, 0x00,
    0x66, 0x11, 0x00, 0x00, 0x43, 0x44, 0x44, 0x44, 0x28, 0x28, 0x28, 0x10, 0x10, 0x10, 0x00, 0x00,
    0x00, 0x00, 0x66, 0x11, 0x00, 0x00, 0x46, 0x48, 0x48, 0x28, 0x28, 0x28, 0x10, 0x10, 0x00, 0x00,
    0x00, 0x00, 0x00, 0x00, 0x20, 0x50, 0x59, 0x59, 0x59, 0x55, 0x56, 0x54, 0x54, 0x24, 0x08, 0x08,
    0x00, 0x00, 0x00, 0x00, 0x00, 0x00, 0x29, 0x59, 0x59, 0x55, 0x56, 0x54, 0x54, 0x24, 0x08, 0x08,
    0x00, 0x00, 0x00, 0x08, 0x3E, 0x49, 0x41, 0x41, 0x41, 0x41, 0x41, 0x41, 0x49, 0x3E, 0x08, 0x00,
    0x00, 0x00, 0x00, 0x00, 0x00, 0x08, 0x3E, 0x49, 0x41, 0x41, 0x41, 0x41, 0x49, 0x3E, 0x08, 0x00,
    0x3C, 0x43, 0x18, 0x04, 0x08, 0x00, 0x36, 0x41, 0x41, 0x49, 0x49, 0x49, 0x49, 0x36, 0x00, 0x00,
    0x00, 0x00, 0x00, 0x3C, 0x43, 0x18, 0x04, 0x08, 0x00, 0x36, 0x41, 0x49, 0x49, 0x36, 0x00, 0x00,
    0x00, 0x7F, 0x08, 0x00, 0x49, 0x49, 0x49, 0x49, 0x49, 0x49, 0x49, 0x49, 0x5A, 0x24, 0x00, 0x00,
    0x00, 0x00, 0x00, 0x00, 0x7F, 0x08, 0x00, 0x49, 0x49, 0x49, 0x49, 0x49, 0x5A, 0x24, 0x00, 0x00,
    0x00, 0x00, 0x00, 0x00, 0x3C, 0x42, 0x42, 0x40, 0x40, 0x40, 0x40, 0x40, 0x3C, 0x04, 0x04, 0x04,
    0x00, 0x00, 0x00, 0x00, 0x00, 0x00, 0x3C, 0x42, 0x42, 0x40, 0x40, 0x40, 0x3C, 0x04, 0x04, 0x04,
    0x00, 0x00, 0x00, 0x00, 0x00, 0x00, 0x12, 0x0C, 0x44, 0x2A, 0x11, 0x18, 0x24, 0x00, 0x00, 0x00,
    0x00, 0x08, 0x78, 0x40, 0x00, 0x00, 0x00, 0x00, 0x00, 0x00, 0x00, 0x00, 0x00, 0x00, 0x00, 0x00,
    0x02, 0x05, 0x09, 0x10, 0x00, 0x00, 0x00, 0x00, 0x00, 0x00, 0x00, 0x00, 0x00, 0x00, 0x00, 0x00,
    0x00, 0x38, 0x40, 0x30, 0x00, 0x00, 0x00, 0x00, 0x00, 0x00, 0x00, 0x00, 0x00, 0x00, 0x00, 0x00,
    0x00, 0x38, 0x04, 0x18, 0x00, 0x00, 0x00, 0x00, 0x00, 0x00, 0x00, 0x00, 0x00, 0x00, 0x00, 0x00,
    0x00, 0x30, 0x4C, 0x83, 0x00, 0x00, 0x00, 0x00, 0x00, 0x00, 0x00, 0x00, 0x00, 0x00, 0x00, 0x00,
    0x00, 0x00, 0x00, 0x00, 0x01, 0x00, 0x02, 0x80, 0x10, 0x10, 0x28, 0x28, 0x00, 0x00, 0x00, 0x00,
    0x40, 0x08, 0xA0, 0x14, 0x00, 0x00, 0x00, 0x00, 0x00, 0x00, 0x10, 0x10, 0x29, 0x28, 0x02, 0x80,
    0x00, 0x00, 0x00, 0x00, 0x00, 0x80, 0x10, 0x84, 0x09, 0x88, 0x0C, 0x30, 0x00, 0x00, 0x00, 0x00,
    0x00, 0x08, 0x70, 0x0E, 0x10, 0x00, 0x00, 0x00, 0x00, 0x00, 0x0C, 0xD8, 0x08, 0x88, 0x10, 0x84,
    0x00, 0x24, 0x18, 0x00, 0x42, 0x46, 0x46, 0x4A, 0x4A, 0x52, 0x52, 0x62, 0x62, 0x43, 0x02, 0x04,
    0x00, 0x00, 0x24, 0x18, 0x00, 0x00, 0x46, 0x46, 0x4A, 0x4A, 0x52, 0x52, 0x62, 0x63, 0x02, 0x04,
    0x00, 0x00, 0x00, 0x00, 0x20, 0x70, 0x20, 0x20, 0x20, 0x3C, 0x22, 0x22, 0x26, 0x3C, 0x00, 0x00,
    0x00, 0x00, 0x00, 0x00, 0x00, 0x00, 0x00, 0x20, 0x70, 0x20, 0x3C, 0x22, 0x22, 0x3C, 0x00, 0x00,
    0x00, 0x00, 0x00, 0x00, 0x7C, 0x42, 0x4A, 0x44, 0x7A, 0x40, 0x40, 0x40, 0x40, 0x40, 0x00, 0x00,
    0x00, 0x00, 0x00, 0x00, 0x00, 0x00, 0x5C, 0x62, 0x42, 0x42, 0x42, 0x4A, 0x64, 0x5A, 0x40, 0x40,
    0x00, 0x00, 0x02, 0x02, 0x7E, 0x40, 0x40, 0x40, 0x40, 0x40, 0x40, 0x40, 0x40, 0x40, 0x00, 0x00,
    0x00, 0x00, 0x00, 0x00, 0x02, 0x02, 0x7E, 0x40, 0x40, 0x40, 0x40, 0x40, 0x40, 0x40, 0x00, 0x00,
    0x00, 0x00, 0x00, 0x00, 0x1F, 0x10, 0x10, 0x10, 0x10, 0x7C, 0x10, 0x10, 0x10, 0x10, 0x00, 0x00,
    0x00, 0x00, 0x00, 0x00, 0x00, 0x00, 0x1F, 0x10, 0x10, 0x10, 0x7C, 0x10, 0x10, 0x10, 0x00, 0x00,
    0x00, 0x00, 0x00, 0x00, 0x7E, 0x40, 0x40, 0x40, 0x40, 0x7C, 0x42, 0x42, 0x42, 0x42, 0x0C, 0x00,
    0x00, 0x00, 0x00, 0x00, 0x00, 0x00, 0x7E, 0x40, 0x40, 0x40, 0x7C, 0x42, 0x42, 0x42, 0x0C, 0x00,
    0x00, 0x00, 0x00, 0x00, 0x49, 0x49, 0x2A, 0x2A, 0x1C, 0x1C, 0x2A, 0x2A, 0x49, 0x49, 0x01, 0x01,
    0x00, 0x00, 0x00, 0x00, 0x00, 0x00, 0x49, 0x49, 0x2A, 0x1C, 0x1C, 0x2A, 0x49, 0x49, 0x01, 0x01,
    0x00, 0x00, 0x00, 0x00, 0x3C, 0x42, 0x02, 0x02, 0x3C, 0x04, 0x02, 0x02, 0x42, 0x3C, 0x08, 0x30,
    0x00, 0x00, 0x00, 0x00, 0x00, 0x00, 0x3C, 0x42, 0x02, 0x3C, 0x04, 0x02, 0x42, 0x3C, 0x08, 0x30,
    0x00, 0x00, 0x00, 0x00, 0x46, 0x48, 0x48, 0x50, 0x50, 0x60, 0x50, 0x48, 0x44, 0x42, 0x02, 0x02,
    0x00, 0x00, 0x00, 0x00, 0x00, 0x00, 0x46, 0x48, 0x50, 0x60, 0x50, 0x48, 0x44, 0x42, 0x02, 0x02,
    0x00, 0x00, 0x00, 0x00, 0x43, 0x44, 0x54, 0x54, 0x78, 0x54, 0x54, 0x54, 0x42, 0x41, 0x00, 0x00,
    0x00, 0x00, 0x00, 0x00, 0x00, 0x00, 0x43, 0x54, 0x54, 0x78, 0x54, 0x54, 0x42, 0x41, 0x00, 0x00,
    0x00, 0x00, 0x00, 0x00, 0x23, 0x74, 0x24, 0x28, 0x28, 0x30, 0x28, 0x24, 0x22, 0x21, 0x00, 0x00,
    0x00, 0x00, 0x00, 0x00, 0x00, 0x00, 0x23, 0x74, 0x28, 0x30, 0x28, 0x24, 0x22, 0x21, 0x00, 0x00,
    0x00, 0x00, 0x00, 0x00, 0xE3, 0x24, 0x24, 0x28, 0x28, 0x30, 0x28, 0x24, 0x22, 0x21, 0x00, 0x00,
    0x00, 0x00, 0x00, 0x00, 0x00, 0x00, 0xE3, 0x24, 0x28, 0x30, 0x28, 0x24, 0x22, 0x21, 0x00, 0x00,
    0x00, 0x00, 0x00, 0x00, 0x42, 0x42, 0x42, 0x42, 0x7E, 0x42, 0x42, 0x42, 0x42, 0x43, 0x01, 0x01,
    0x00, 0x00, 0x00, 0x00, 0x00, 0x00, 0x42, 0x42, 0x42, 0x7E, 0x42, 0x42, 0x42, 0x43, 0x01, 0x01,
    0x00, 0x00, 0x00, 0x00, 0x47, 0x44, 0x44, 0x44, 0x7C, 0x44, 0x44, 0x44, 0x44, 0x44, 0x00, 0x00,
    0x00, 0x00, 0x00, 0x00, 0x00, 0x00, 0x47, 0x44, 0x44, 0x7C, 0x44, 0x44, 0x44, 0x44, 0x00, 0x00,
    0x00, 0x00, 0x00, 0x00, 0x78, 0x48, 0x48, 0x48, 0x48, 0x4E, 0x49, 0x49, 0x49, 0x49, 0x01, 0x06,
    0x00, 0x00, 0x00, 0x00, 0x00, 0x00, 0x78, 0x48, 0x48, 0x48, 0x4E, 0x49, 0x49, 0x49, 0x01, 0x06,
    0x00, 0x00, 0x00, 0x20, 0x4C, 0x52, 0x52, 0x52, 0x52, 0x52, 0x52, 0x52, 0x2C, 0x18, 0x06, 0x00,
    0x00, 0x00, 0x00, 0x00, 0x00, 0x00, 0x20, 0x4C, 0x52, 0x52, 0x52, 0x52, 0x2C, 0x18, 0x06, 0x00,
    0x00, 0x00, 0x00, 0x00, 0x3C, 0x42, 0x42, 0x40, 0x40, 0x40, 0x40, 0x42, 0x42, 0x3C, 0x08, 0x30,
    0x00, 0x00, 0x00, 0x00, 0x00, 0x00, 0x3C, 0x42, 0x42, 0x40, 0x40, 0x42, 0x42, 0x3C, 0x08, 0x30,
    0x00, 0x00, 0x00, 0x00, 0x7F, 0x08, 0x08, 0x08, 0x08, 0x08, 0x08, 0x08, 0x08, 0x0C, 0x04, 0x04,
    0x00, 0x00, 0x00, 0x00, 0x00, 0x00, 0x7F, 0x08, 0x08, 0x08, 0x08, 0x08, 0x08, 0x0C, 0x04, 0x04,
    0x00, 0x00, 0x00, 0x00, 0x41, 0x41, 0x22, 0x22, 0x14, 0x08, 0x08, 0x08, 0x08, 0x08, 0x00, 0x00,
    0x00, 0x00, 0x00, 0x00, 0x00, 0x00, 0x22, 0x22, 0x22, 0x14, 0x14, 0x08, 0x08, 0x08, 0x08, 0x08,
    0x00, 0x00, 0x00, 0x00, 0x41, 0x41, 0x22, 0x22, 0x14, 0x08, 0x08, 0x3E, 0x08, 0x08, 0x00, 0x00,
    0x00, 0x00, 0x00, 0x00, 0x00, 0x00, 0x22, 0x22, 0x22, 0x14, 0x14, 0x08, 0x3E, 0x08, 0x08, 0x08,
    0x00, 0x00, 0x00, 0x00, 0x42, 0x42, 0x24, 0x24, 0x18, 0x18, 0x24, 0x24, 0x42, 0x43, 0x01, 0x01,
    0x00, 0x00, 0x00, 0x00, 0x00, 0x00, 0x42, 0x42, 0x24, 0x18, 0x18, 0x24, 0x42, 0x43, 0x01, 0x01,
    0x00, 0x00, 0x00, 0x00, 0xFA, 0x22, 0x22, 0x22, 0x22, 0x22, 0x22, 0x22, 0x22, 0x3F, 0x01, 0x01,
    0x00, 0x00, 0x00, 0x00, 0x00, 0x00, 0xFA, 0x22, 0x22, 0x22, 0x22, 0x22, 0x22, 0x3F, 0x01, 0x01,
    0x00, 0x00, 0x00, 0x00, 0x42, 0x42, 0x42, 0x42, 0x42, 0x46, 0x3A, 0x02, 0x02, 0x03, 0x01, 0x01,
    0x00, 0x00, 0x00, 0x00, 0x00, 0x00, 0x42, 0x42, 0x42, 0x42, 0x46, 0x3A, 0x02, 0x03, 0x01, 0x01,
    0x00, 0x00, 0x00, 0x00, 0x42, 0x42, 0x42, 0x42, 0x52, 0x56, 0x3A, 0x12, 0x12, 0x02, 0x00, 0x00,
    0x00, 0x00, 0x00, 0x00, 0x00, 0x00, 0x42, 0x42, 0x42, 0x52, 0x56, 0x3A, 0x12, 0x02, 0x00, 0x00,
    0x00, 0x00, 0x00, 0x00, 0x40, 0x40, 0x40, 0x5C, 0x62, 0x42, 0x42, 0x42, 0x42, 0x42, 0x00, 0x00,
    0x00, 0x00, 0x00, 0x00, 0x00, 0x00, 0x40, 0x40, 0x5C, 0x62, 0x42, 0x42, 0x42, 0x42, 0x00, 0x00,
    0x00, 0x00, 0x00, 0x00, 0x4C, 0x52, 0x52, 0x52, 0x3E, 0x10, 0x10, 0x12, 0x12, 0x0C, 0x00, 0x00,
    0x00, 0x00, 0x00, 0x00, 0x00, 0x00, 0x4C, 0x52, 0x52, 0x3E, 0x10, 0x10, 0x12, 0x0C, 0x00, 0x00,
    0x00, 0x00, 0x00, 0x00, 0x4C, 0x52, 0x52, 0x52, 0x3E, 0x10, 0x10, 0x12, 0x12, 0x0C, 0x08, 0x08,
    0x00, 0x00, 0x00, 0x00, 0x00, 0x00, 0x4C, 0x52, 0x52, 0x3E, 0x10, 0x10, 0x12, 0x0C, 0x08, 0x08,
    0x00, 0x00, 0x00, 0x00, 0x3E, 0x08, 0x08, 0x08, 0x08, 0x08, 0x08, 0x08, 0x08, 0x3E, 0x00, 0x00,
    0x41, 0x41, 0x3E, 0x00, 0x49, 0x49, 0x2A, 0x2A, 0x1C, 0x1C, 0x2A, 0x2A, 0x49, 0x49, 0x00, 0x00,
    0x00, 0x22, 0x22, 0x1C, 0x00, 0x00, 0x49, 0x49, 0x2A, 0x1C, 0x1C, 0x2A, 0x49, 0x49, 0x00, 0x00,
    0x00, 0x00, 0x00, 0x00, 0x46, 0x48, 0x48, 0x50, 0x60, 0x7C, 0x42, 0x42, 0x42, 0x42, 0x02, 0x0C,
    0x00, 0x00, 0x00, 0x00, 0x00, 0x00, 0x46, 0x48, 0x50, 0x60, 0x7C, 0x42, 0x42, 0x42, 0x02, 0x0C,
    0x00, 0x00, 0x00, 0x00, 0x1E, 0x12, 0x12, 0x12, 0x12, 0x12, 0x12, 0x22, 0x22, 0x43, 0x02, 0x04,
    0x00, 0x00, 0x00, 0x00, 0x00, 0x00, 0x1E, 0x12, 0x12, 0x12, 0x12, 0x22, 0x22, 0x43, 0x02, 0x04,
    0x00, 0x00, 0x00, 0x00, 0x42, 0x42, 0x42, 0x42, 0x7E, 0x42, 0x42, 0x42, 0x42, 0x42, 0x02, 0x0C,
    0x00, 0x00, 0x00, 0x00, 0x00, 0x00, 0x42, 0x42, 0x42, 0x7E, 0x42, 0x42, 0x42, 0x42, 0x02, 0x0C,
    0x00, 0x00, 0x00, 0x00, 0x42, 0x42, 0x42, 0x42, 0x7E, 0x42, 0x42, 0x42, 0x42, 0x43, 0x02, 0x04,
    0x00, 0x00, 0x00, 0x00, 0x00, 0x00, 0x42, 0x42, 0x42, 0x7E, 0x42, 0x42, 0x42, 0x43, 0x02, 0x04,
    0x00, 0x00, 0x00, 0x00, 0x42, 0x42, 0x42, 0x42, 0x42, 0x46, 0x3A, 0x02, 0x02, 0x06, 0x04, 0x04,
    0x00, 0x00, 0x00, 0x00, 0x00, 0x00, 0x42, 0x42, 0x42, 0x42, 0x46, 0x3A, 0x02, 0x06, 0x04, 0x04,
    0x00, 0x00, 0x00, 0x00, 0x42, 0x42, 0x66, 0x66, 0x5A, 0x5A, 0x42, 0x42, 0x42, 0x43, 0x02, 0x04,
    0x00, 0x00, 0x00, 0x00, 0x00, 0x00, 0x42, 0x66, 0x66, 0x5A, 0x5A, 0x42, 0x42, 0x43, 0x02, 0x04,
    0x00, 0x00, 0x00, 0x00, 0x1C, 0x08, 0x08, 0x08, 0x08, 0x08, 0x08, 0x08, 0x08, 0x1C, 0x00, 0x00,
    0x42, 0x42, 0x3C, 0x00, 0x18, 0x24, 0x24, 0x42, 0x42, 0x7E, 0x42, 0x42, 0x42, 0x42, 0x00, 0x00,
    0x00, 0x42, 0x42, 0x3C, 0x00, 0x00, 0x3C, 0x42, 0x02, 0x3E, 0x42, 0x42, 0x46, 0x3A, 0x00, 0x00,
    0x24, 0x24, 0x00, 0x00, 0x18, 0x24, 0x24, 0x42, 0x42, 0x7E, 0x42, 0x42, 0x42, 0x42, 0x00, 0x00,
    0x00, 0x00, 0x24, 0x24, 0x00, 0x00, 0x3C, 0x42, 0x02, 0x3E, 0x42, 0x42, 0x46, 0x3A, 0x00, 0x00,
    0x00, 0x00, 0x00, 0x00, 0x1F, 0x28, 0x48, 0x48, 0x7F, 0x48, 0x48, 0x48, 0x48, 0x4F, 0x00, 0x00,
    0x00, 0x00, 0x00, 0x00, 0x00, 0x00, 0x3E, 0x49, 0x09, 0x3F, 0x48, 0x48, 0x49, 0x3E, 0x00, 0x00,
    0x42, 0x42, 0x3C, 0x00, 0x7E, 0x40, 0x40, 0x40, 0x7C, 0x40, 0x40, 0x40, 0x40, 0x7E, 0x00, 0x00,
    0x00, 0x00, 0x42, 0x42, 0x3C, 0x00, 0x3C, 0x42, 0x42, 0x7E, 0x40, 0x40, 0x42, 0x3C, 0x00, 0x00,
    0x00, 0x00, 0x00, 0x00, 0x18, 0x24, 0x42, 0x02, 0x02, 0x7E, 0x42, 0x42, 0x24, 0x18, 0x00, 0x00,
    0x00, 0x00, 0x00, 0x00, 0x00, 0x00, 0x3C, 0x42, 0x02, 0x02, 0x7E, 0x42, 0x42, 0x3C, 0x00, 0x00,
    0x24, 0x24, 0x00, 0x00, 0x18, 0x24, 0x42, 0x02, 0x02, 0x7E, 0x42, 0x42, 0x24, 0x18, 0x00, 0x00,
    0x00, 0x00, 0x24, 0x24, 0x00, 0x00, 0x3C, 0x42, 0x02, 0x02, 0x7E, 0x42, 0x42, 0x3C, 0x00, 0x00,
    0x24, 0x24, 0x00, 0x00, 0x49, 0x49, 0x2A, 0x2A, 0x1C, 0x1C, 0x2A, 0x2A, 0x49, 0x49, 0x00, 0x00,
    0x00, 0x00, 0x24, 0x24, 0x00, 0x00, 0x49, 0x49, 0x2A, 0x1C, 0x1C, 0x2A, 0x49, 0x49, 0x00, 0x00,
    0x24, 0x24, 0x00, 0x00, 0x3C, 0x42, 0x02, 0x02, 0x3C, 0x04, 0x02, 0x02, 0x42, 0x3C, 0x00, 0x00,
    0x00, 0x00, 0x24, 0x24, 0x00, 0x00, 0x3C, 0x42, 0x02, 0x3C, 0x04, 0x02, 0x42, 0x3C, 0x00, 0x00,
    0x00, 0x00, 0x00, 0x00, 0x7E, 0x04, 0x08, 0x10, 0x1C, 0x02, 0x02, 0x02, 0x46, 0x3C, 0x00, 0x00,
    0x00, 0x00, 0x00, 0x00, 0x00, 0x00, 0x3E, 0x04, 0x08, 0x10, 0x1C, 0x02, 0x02, 0x02, 0x42, 0x3C,
    0x00, 0x3C, 0x00, 0x00, 0x42, 0x46, 0x46, 0x4A, 0x4A, 0x52, 0x52, 0x62, 0x62, 0x42, 0x00, 0x00,
    0x00, 0x00, 0x00, 0x3C, 0x00, 0x00, 0x46, 0x46, 0x4A, 0x4A, 0x52, 0x52, 0x62, 0x62, 0x00, 0x00,
    0x24, 0x24, 0x00, 0x00, 0x42, 0x46, 0x46, 0x4A, 0x4A, 0x52, 0x52, 0x62, 0x62, 0x42, 0x00, 0x00,
    0x00, 0x00, 0x24, 0x24, 0x00, 0x00, 0x46, 0x46, 0x4A, 0x4A, 0x52, 0x52, 0x62, 0x62, 0x00, 0x00,
    0x24, 0x24, 0x00, 0x00, 0x3C, 0x42, 0x42, 0x42, 0x42, 0x42, 0x42, 0x42, 0x42, 0x3C, 0x00, 0x00,
    0x00, 0x00, 0x24, 0x24, 0x00, 0x00, 0x3C, 0x42, 0x42, 0x42, 0x42, 0x42, 0x42, 0x3C, 0x00, 0x00,
    0x00, 0x00, 0x00, 0x00, 0x3C, 0x42, 0x42, 0x42, 0x7E, 0x42, 0x42, 0x42, 0x42, 0x3C, 0x00, 0x00,
    0x00, 0x00, 0x00, 0x00, 0x00, 0x00, 0x3C, 0x42, 0x42, 0x7E, 0x42, 0x42, 0x42, 0x3C, 0x00, 0x00,
    0x24, 0x24, 0x00, 0x00, 0x3C, 0x42, 0x42, 0x42, 0x7E, 0x42, 0x42, 0x42, 0x42, 0x3C, 0x00, 0x00,
    0x00, 0x00, 0x24, 0x24, 0x00, 0x00, 0x3C, 0x42, 0x42, 0x7E, 0x42, 0x42, 0x42, 0x3C, 0x00, 0x00,
    0x00, 0x00, 0x24, 0x00, 0x3C, 0x42, 0x02, 0x02, 0x3E, 0x02, 0x02, 0x02, 0x42, 0x3C, 0x00, 0x00,
    0x00, 0x00, 0x00, 0x00, 0x24, 0x00, 0x3C, 0x42, 0x02, 0x1E, 0x02, 0x02, 0x42, 0x3C, 0x00, 0x00,
    0x00, 0x3E, 0x00, 0x00, 0x41, 0x41, 0x22, 0x22, 0x14, 0x14, 0x08, 0x08, 0x10, 0x30, 0x00, 0x00,
    0x00, 0x00, 0x00, 0x3C, 0x00, 0x00, 0x42, 0x42, 0x24, 0x24, 0x18, 0x18, 0x10, 0x10, 0x20, 0x60,
    0x24, 0x24, 0x00, 0x00, 0x41, 0x41, 0x22, 0x22, 0x14, 0x14, 0x08, 0x08, 0x10, 0x30, 0x00, 0x00,
    0x00, 0x00, 0x24, 0x24, 0x00, 0x00, 0x42, 0x42, 0x24, 0x24, 0x18, 0x18, 0x10, 0x10, 0x20, 0x60,
    0x33, 0x44, 0x00, 0x00, 0x41, 0x41, 0x22, 0x22, 0x14, 0x14, 0x08, 0x08, 0x10, 0x30, 0x00, 0x00,
    0x00, 0x00, 0x33, 0x44, 0x00, 0x00, 0x42, 0x42, 0x24, 0x24, 0x18, 0x18, 0x10, 0x10, 0x20, 0x60,
    0x24, 0x24, 0x00, 0x00, 0x42, 0x42, 0x42, 0x42, 0x42, 0x46, 0x3A, 0x02, 0x02, 0x02, 0x00, 0x00,
    0x00, 0x00, 0x24, 0x24, 0x00, 0x00, 0x42, 0x42, 0x42, 0x42, 0x46, 0x3A, 0x02, 0x02, 0x00, 0x00,
    0x00, 0x00, 0x00, 0x00, 0x7E, 0x40, 0x40, 0x40, 0x40, 0x40, 0x40, 0x40, 0x40, 0x60, 0x20, 0x20,
    0x00, 0x00, 0x00, 0x00, 0x00, 0x00, 0x7E, 0x40, 0x40, 0x40, 0x40, 0x40, 0x40, 0x60, 0x20, 0x20,
    0x24, 0x24, 0x00, 0x00, 0x42, 0x42, 0x42, 0x42, 0x72, 0x4A, 0x4A, 0x4A, 0x4A, 0x72, 0x00, 0x00,
    0x00, 0x00, 0x24, 0x24, 0x00, 0x00, 0x42, 0x42, 0x42, 0x72, 0x4A, 0x4A, 0x4A, 0x72, 0x00, 0x00,
    0x00, 0x00, 0x00, 0x00, 0x1F, 0x10, 0x10, 0x10, 0x10, 0x7C, 0x10, 0x10, 0x10, 0x18, 0x08, 0x18,
    0x00, 0x00, 0x00, 0x00, 0x00, 0x00, 0x1F, 0x10, 0x10, 0x7C, 0x10, 0x10, 0x10, 0x18, 0x08, 0x18,
    0x00, 0x00, 0x00, 0x00, 0x42, 0x42, 0x24, 0x24, 0x18, 0x18, 0x24, 0x24, 0x42, 0x42, 0x02, 0x04,
    0x00, 0x00, 0x00, 0x00, 0x00, 0x00, 0x42, 0x42, 0x24, 0x18, 0x18, 0x24, 0x42, 0x42, 0x02, 0x04,
    0x00, 0x00, 0x00, 0x00, 0x42, 0x42, 0x24, 0x24, 0x18, 0x7E, 0x24, 0x24, 0x42, 0x42, 0x00, 0x00,
    0x00, 0x00, 0x00, 0x00, 0x00, 0x00, 0x42, 0x42, 0x24, 0x18, 0x7E, 0x24, 0x42, 0x42, 0x00, 0x00,
    0x00, 0x00, 0x00, 0x02, 0x02, 0x02, 0x3E, 0x42, 0x42, 0x42, 0x42, 0x42, 0x46, 0x3A, 0x00, 0x00,
    0x00, 0x00, 0x00, 0x02, 0x02, 0x02, 0x02, 0x3A, 0x46, 0x42, 0x42, 0x42, 0x46, 0x3A, 0x00, 0x00,
    0x00, 0x00, 0x00, 0x04, 0x04, 0x04, 0x3C, 0x44, 0x44, 0x45, 0x45, 0x45, 0x4D, 0x36, 0x00, 0x00,
    0x00, 0x00, 0x00, 0x04, 0x04, 0x04, 0x04, 0x34, 0x4C, 0x44, 0x44, 0x45, 0x4D, 0x36, 0x00, 0x00,
    0x00, 0x00, 0x00, 0x00, 0x38, 0x44, 0x44, 0x04, 0x18, 0x05, 0x05, 0x05, 0x05, 0x02, 0x00, 0x00,
    0x00, 0x00, 0x00, 0x00, 0x00, 0x00, 0x38, 0x44, 0x44, 0x04, 0x18, 0x05, 0x05, 0x02, 0x00, 0x00,
    0x00, 0x00, 0x00, 0x00, 0x38, 0x44, 0x44, 0x04, 0x18, 0x04, 0x04, 0x04, 0x04, 0x03, 0x01, 0x01,
    0x00, 0x00, 0x00, 0x00, 0x00, 0x00, 0x38, 0x44, 0x44, 0x04, 0x18, 0x04, 0x04, 0x03, 0x01, 0x01,
    0x00, 0x00, 0x00, 0x00, 0x3C, 0x24, 0x24, 0x24, 0x24, 0x25, 0x25, 0x45, 0x45, 0x82, 0x00, 0x00,
    0x00, 0x00, 0x00, 0x00, 0x00, 0x00, 0x3C, 0x24, 0x24, 0x24, 0x24, 0x45, 0x45, 0x82, 0x00, 0x00,
    0x00, 0x00, 0x00, 0x00, 0x44, 0x44, 0x44, 0x44, 0x7C, 0x45, 0x45, 0x45, 0x45, 0x46, 0x00, 0x00,
    0x00, 0x00, 0x00, 0x00, 0x00, 0x00, 0x44, 0x44, 0x44, 0x7C, 0x44, 0x45, 0x45, 0x46, 0x00, 0x00,
    0x00, 0x00, 0x00, 0x00, 0x3C, 0x42, 0x42, 0x40, 0x40, 0x4E, 0x42, 0x42, 0x44, 0x38, 0x00, 0x00,
    0x00, 0x00, 0x00, 0x00, 0x00, 0x00, 0x3C, 0x42, 0x40, 0x40, 0x4E, 0x42, 0x42, 0x3C, 0x00, 0x00,
    0x00, 0x00, 0x00, 0x00, 0x7F, 0x08, 0x08, 0x08, 0x08, 0x09, 0x09, 0x09, 0x09, 0x0E, 0x00, 0x00,
    0x00, 0x00, 0x00, 0x00, 0x00, 0x00, 0x7F, 0x08, 0x08, 0x08, 0x09, 0x09, 0x09, 0x0E, 0x00, 0x00,
    0x00, 0x00, 0x00, 0x00, 0x3C, 0x42, 0x40, 0x40, 0x3C, 0x20, 0x40, 0x40, 0x42, 0x3C, 0x00, 0x00,
    0x00, 0x00, 0x00, 0x00, 0x00, 0x00, 0x3C, 0x42, 0x40, 0x3C, 0x20, 0x40, 0x42, 0x3C, 0x00, 0x00,
    0x00, 0x00, 0x00, 0x00, 0x1E, 0x12, 0x12, 0x12, 0x12, 0x12, 0x12, 0x22, 0x22, 0x42, 0x0A, 0x0C,
    0x00, 0x00, 0x00, 0x00, 0x00, 0x00, 0x1E, 0x12, 0x12, 0x12, 0x12, 0x22, 0x22, 0x42, 0x0A, 0x0C,
    0x00, 0x00, 0x00, 0x00, 0x71, 0x51, 0x4A, 0x4A, 0x44, 0x44, 0x4A, 0x4A, 0x51, 0x91, 0x00, 0x00,
    0x00, 0x00, 0x00, 0x00, 0x00, 0x00, 0x71, 0x51, 0x4A, 0x44, 0x44, 0x4A, 0x51, 0x91, 0x00, 0x00,
    0x00, 0x00, 0x00, 0x00, 0xE1, 0x92, 0x94, 0x98, 0x90, 0xF0, 0x88, 0x84, 0x82, 0x81, 0x00, 0x00,
    0x00, 0x00, 0x00, 0x00, 0x00, 0x00, 0x01, 0xE2, 0x94, 0x98, 0x98, 0x94, 0xE2, 0x81, 0x80, 0x80,
    0x00, 0x00, 0x00, 0x00, 0x7F, 0x88, 0x88, 0x88, 0x7F, 0x28, 0x48, 0x48, 0x88, 0x8F, 0x00, 0x00,
    0x00, 0x00, 0x00, 0x00, 0x00, 0x00, 0x7E, 0x89, 0x89, 0x7F, 0x28, 0x28, 0x49, 0x46, 0x00, 0x00,
    0x00, 0x00, 0x00, 0x00, 0x3C, 0x42, 0x42, 0x42, 0x42, 0x42, 0x42, 0x5A, 0x66, 0x3C, 0x03, 0x00,
    0x00, 0x00, 0x00, 0x00, 0x00, 0x00, 0x3A, 0x46, 0x42, 0x42, 0x42, 0x42, 0x46, 0x3A, 0x02, 0x02,
    0x00, 0x00, 0x00, 0x00, 0x42, 0x42, 0x42, 0x42, 0x5A, 0x5A, 0x66, 0x66, 0x42, 0x42, 0x00, 0x00,
    0x00, 0x00, 0x00, 0x00, 0x00, 0x00, 0x41, 0x49, 0x49, 0x49, 0x49, 0x49, 0x49, 0x36, 0x00, 0x00,
    0x00, 0x00, 0x00, 0x00, 0x4A, 0x44, 0x4A, 0x50, 0x60, 0x60, 0x50, 0x48, 0x44, 0x42, 0x00, 0x00,
    0x00, 0x00, 0x00, 0x00, 0x00, 0x00, 0x54, 0x48, 0x54, 0x60, 0x50, 0x48, 0x44, 0x42, 0x00, 0x00,
    0x00, 0x00, 0x00, 0x00, 0x70, 0x50, 0x50, 0x50, 0x5E, 0x51, 0x51, 0x91, 0x91, 0x91, 0x05, 0x02,
    0x00, 0x00, 0x00, 0x00, 0x00, 0x00, 0x70, 0x50, 0x50, 0x5E, 0x51, 0x51, 0x91, 0x91, 0x05, 0x02,
    0x00, 0x00, 0x00, 0x00, 0x90, 0x90, 0x90, 0x90, 0xFE, 0x91, 0x91, 0x91, 0x91, 0x91, 0x05, 0x02,
    0x00, 0x00, 0x00, 0x00, 0x00, 0x00, 0x90, 0x90, 0x90, 0xFE, 0x91, 0x91, 0x91, 0x91, 0x05, 0x02,
    0x00, 0x00, 0x00, 0x00, 0x7C, 0x44, 0x44, 0x44, 0x44, 0x44, 0x44, 0x44, 0x44, 0x46, 0x02, 0x02,
    0x00, 0x00, 0x00, 0x00, 0x00, 0x00, 0x7C, 0x44, 0x44, 0x44, 0x44, 0x44, 0x44, 0x46, 0x02, 0x02,
    0x00, 0x00, 0x00, 0x00, 0x40, 0x40, 0x40, 0x5C, 0x62, 0x42, 0x42, 0x42, 0x42, 0x43, 0x01, 0x01,
    0x00, 0x00, 0x00, 0x00, 0x00, 0x00, 0x40, 0x40, 0x5C, 0x62, 0x42, 0x42, 0x42, 0x43, 0x01, 0x01,
    0x00, 0x00, 0x00, 0x00, 0x11, 0x11, 0x11, 0x11, 0x1F, 0x11, 0x11, 0x11, 0x11, 0x11, 0x50, 0x20,
    0x00, 0x00, 0x00, 0x00, 0x00, 0x00, 0x11, 0x11, 0x11, 0x1F, 0x11, 0x11, 0x11, 0x11, 0x50, 0x20,
    0x00, 0x00, 0x00, 0x00, 0x00, 0x00, 0x00, 0x00, 0x0C, 0x46, 0x14, 0x48, 0x14, 0x48, 0x14, 0x50,
    0x27, 0xE0, 0x24, 0x60, 0x24, 0x50, 0x44, 0x48, 0x44, 0x44, 0xFE, 0x42, 0x82, 0x00, 0x82, 0x00,
    0x00, 0x00, 0x00, 0x00, 0x00, 0x00, 0x00, 0x00, 0x00, 0x00, 0x00, 0x00, 0x1C, 0x46, 0x14, 0x48,
    0x24, 0x50, 0x27, 0xE0, 0x44, 0x50, 0x44, 0x48, 0x44, 0x44, 0x7E, 0x42, 0x42, 0x00, 0x00, 0x00,
    0x00, 0x00, 0x00, 0x00, 0x4C, 0x4C, 0x54, 0x54, 0x54, 0x7C, 0x24, 0x24, 0x44, 0x7E, 0x42, 0x42,
    0x00, 0x00, 0x00, 0x00, 0x00, 0x00, 0x4C, 0x54, 0x54, 0x54, 0x7C, 0x24, 0x24, 0x24, 0x7E, 0x42,
    0x00, 0x00, 0x00, 0x00, 0x1E, 0x12, 0x12, 0x12, 0x12, 0x12, 0x12, 0x22, 0x22, 0x43, 0x01, 0x01,
    0x00, 0x00, 0x00, 0x00, 0x00, 0x00, 0x1E, 0x12, 0x12, 0x12, 0x12, 0x22, 0x22, 0x43, 0x01, 0x01,
    0x00, 0x00, 0x00, 0x00, 0x18, 0x24, 0x24, 0x42, 0x42, 0x7E, 0x42, 0x42, 0x42, 0x18, 0x24, 0x18,
    0x00, 0x00, 0x00, 0x00, 0x00, 0x00, 0x3C, 0x42, 0x02, 0x3E, 0x42, 0x46, 0x3A, 0x18, 0x24, 0x18,
    0x00, 0x10, 0x00, 0x00, 0x7C, 0x42, 0x42, 0x42, 0x7C, 0x42, 0x42, 0x42, 0x42, 0x7C, 0x00, 0x00,
    0x00, 0x00, 0x00, 0x48, 0x40, 0x40, 0x5C, 0x62, 0x42, 0x42, 0x42, 0x42, 0x62, 0x5C, 0x00, 0x00,
    0x00, 0x00, 0x00, 0x00, 0x7C, 0x42, 0x42, 0x42, 0x7C, 0x42, 0x42, 0x42, 0x42, 0x7C, 0x00, 0x10,
    0x00, 0x00, 0x00, 0x40, 0x40, 0x40, 0x5C, 0x62, 0x42, 0x42, 0x42, 0x42, 0x62, 0x5C, 0x00, 0x08,
    0x00, 0x00, 0x00, 0x00, 0x7C, 0x42, 0x42, 0x42, 0x7C, 0x42, 0x42, 0x42, 0x42, 0x7C, 0x00, 0x3C,
    0x00, 0x00, 0x00, 0x40, 0x40, 0x40, 0x5C, 0x62, 0x42, 0x42, 0x42, 0x42, 0x62, 0x5C, 0x00, 0x3C,
    0x08, 0x10, 0x20, 0x00, 0x3C, 0x42, 0x42, 0x40, 0x40, 0x40, 0x40, 0x42, 0x42, 0x3C, 0x08, 0x30,
    0x00, 0x00, 0x08, 0x10, 0x20, 0x00, 0x3C, 0x42, 0x40, 0x40, 0x40, 0x40, 0x42, 0x3C, 0x08, 0x30,
    0x00, 0x10, 0x00, 0x00, 0x78, 0x44, 0x42, 0x42, 0x42, 0x42, 0x42, 0x42, 0x44, 0x78, 0x00, 0x00,
    0x00, 0x00, 0x00, 0x12, 0x02, 0x02, 0x3A, 0x46, 0x42, 0x42, 0x42, 0x42, 0x46, 0x3A, 0x00, 0x00,
    0x00, 0x00, 0x00, 0x00, 0x78, 0x44, 0x42, 0x42, 0x42, 0x42, 0x42, 0x42, 0x44, 0x78, 0x00, 0x10,
    0x00, 0x00, 0x00, 0x02, 0x02, 0x02, 0x3A, 0x46, 0x42, 0x42, 0x42, 0x42, 0x46, 0x3A, 0x00, 0x10,
    0x00, 0x00, 0x00, 0x00, 0x78, 0x44, 0x42, 0x42, 0x42, 0x42, 0x42, 0x42, 0x44, 0x78, 0x00, 0x3C,
    0x00, 0x00, 0x00, 0x02, 0x02, 0x02, 0x3A, 0x46, 0x42, 0x42, 0x42, 0x42, 0x46, 0x3A, 0x00, 0x3C,
    0x00, 0x00, 0x00, 0x00, 0x78, 0x44, 0x42, 0x42, 0x42, 0x42, 0x42, 0x42, 0x44, 0x78, 0x10, 0x20,
    0x00, 0x00, 0x00, 0x02, 0x02, 0x02, 0x3A, 0x46, 0x42, 0x42, 0x42, 0x42, 0x46, 0x3A, 0x08, 0x10,
    0x00, 0x00, 0x00, 0x00, 0x78, 0x44, 0x42, 0x42, 0x42, 0x42, 0x42, 0x42, 0x44, 0x78, 0x30, 0x48,
    0x00, 0x00, 0x00, 0x02, 0x02, 0x02, 0x3A, 0x46, 0x42, 0x42, 0x42, 0x42, 0x46, 0x3A, 0x18, 0x24,
    0x10, 0x08, 0x3C, 0x00, 0x7E, 0x40, 0x40, 0x40, 0x7C, 0x40, 0x40, 0x40, 0x40, 0x7E, 0x00, 0x00,
    0x20, 0x10, 0x08, 0x00, 0x3C, 0x00, 0x3C, 0x42, 0x42, 0x7E, 0x40, 0x40, 0x42, 0x3C, 0x00, 0x00,
    0x08, 0x10, 0x3C, 0x00, 0x7E, 0x40, 0x40, 0x40, 0x7C, 0x40, 0x40, 0x40, 0x40, 0x7E, 0x00, 0x00,
    0x08, 0x10, 0x20, 0x00, 0x3C, 0x00, 0x3C, 0x42, 0x42, 0x7E, 0x40, 0x40, 0x42, 0x3C, 0x00, 0x00,
    0x00, 0x00, 0x00, 0x00, 0x7E, 0x40, 0x40, 0x40, 0x7C, 0x40, 0x40, 0x40, 0x40, 0x7E, 0x18, 0x24,
    0x00, 0x00, 0x00, 0x00, 0x00, 0x00, 0x3C, 0x42, 0x42, 0x7E, 0x40, 0x40, 0x42, 0x3C, 0x18, 0x24,
    0x00, 0x00, 0x00, 0x00, 0x7E, 0x40, 0x40, 0x40, 0x7C, 0x40, 0x40, 0x40, 0x40, 0x7E, 0x32, 0x4C,
    0x00, 0x00, 0x00, 0x00, 0x00, 0x00, 0x3C, 0x42, 0x42, 0x7E, 0x40, 0x40, 0x42, 0x3C, 0x32, 0x4C,
    0x00, 0x22, 0x1C, 0x00, 0x7E, 0x40, 0x40, 0x40, 0x7C, 0x40, 0x40, 0x40, 0x40, 0x7E, 0x04, 0x18,
    0x00, 0x00, 0x22, 0x1C, 0x00, 0x00, 0x3C, 0x42, 0x42, 0x7E, 0x40, 0x40, 0x42, 0x3C, 0x08, 0x30,
    0x00, 0x10, 0x00, 0x00, 0x7E, 0x40, 0x40, 0x40, 0x7C, 0x40, 0x40, 0x40, 0x40, 0x40, 0x00, 0x00,
    0x08, 0x00, 0x00, 0x0C, 0x10, 0x10, 0x10, 0x7C, 0x10, 0x10, 0x10, 0x10, 0x10, 0x10, 0x00, 0x00,
    0x00, 0x00, 0x3C, 0x00, 0x3C, 0x42, 0x42, 0x40, 0x40, 0x4E, 0x42, 0x42, 0x46, 0x3A, 0x00, 0x00,
    0x00, 0x00, 0x00, 0x00, 0x78, 0x02, 0x3A, 0x44, 0x44, 0x44, 0x38, 0x20, 0x3C, 0x42, 0x42, 0x3C,
    0x00, 0x00, 0x10, 0x00, 0x44, 0x44, 0x44, 0x44, 0x7C, 0x44, 0x44, 0x44, 0x44, 0x44, 0x00, 0x00,
    0x00, 0x00, 0x00, 0x48, 0x40, 0x40, 0x5C, 0x62, 0x42, 0x42, 0x42, 0x42, 0x42, 0x42, 0x00, 0x00,
    0x00, 0x00, 0x00, 0x00, 0x44, 0x44, 0x44, 0x44, 0x7C, 0x44, 0x44, 0x44, 0x44, 0x44, 0x00, 0x10,
    0x00, 0x00, 0x00, 0x40, 0x40, 0x40, 0x5C, 0x62, 0x42, 0x42, 0x42, 0x42, 0x42, 0x42, 0x00, 0x08,
    0x00, 0x24, 0x00, 0x00, 0x42, 0x42, 0x42, 0x42, 0x7E, 0x42, 0x42, 0x42, 0x42, 0x42, 0x00, 0x00,
    0x24, 0x00, 0x00, 0x40, 0x40, 0x40, 0x5C, 0x62, 0x42, 0x42, 0x42, 0x42, 0x42, 0x42, 0x00, 0x00,
    0x00, 0x00, 0x00, 0x00, 0x42, 0x42, 0x42, 0x42, 0x7E, 0x42, 0x42, 0x42, 0x62, 0x62, 0x10, 0x60,
    0x00, 0x00, 0x00, 0x40, 0x40, 0x40, 0x5C, 0x62, 0x42, 0x42, 0x42, 0x42, 0x62, 0x62, 0x10, 0x60,
    0x00, 0x00, 0x00, 0x00, 0x82, 0x82, 0x82, 0x82, 0xFE, 0x82, 0x82, 0x82, 0x82, 0x82, 0x28, 0x38,
    0x00, 0x00, 0x00, 0x40, 0x40, 0x40, 0x4E, 0x51, 0x61, 0x41, 0x41, 0x41, 0x41, 0x41, 0x14, 0x1C,
    0x00, 0x00, 0x00, 0x00, 0x3E, 0x08, 0x08, 0x08, 0x08, 0x08, 0x08, 0x08, 0x08, 0x3E, 0x32, 0x4C,
    0x00, 0x00, 0x00, 0x08, 0x08, 0x00, 0x18, 0x08, 0x08, 0x08, 0x08, 0x08, 0x08, 0x3E, 0x32, 0x4C,
    0x04, 0x08, 0x2A, 0x00, 0x3E, 0x08, 0x08, 0x08, 0x08, 0x08, 0x08, 0x08, 0x08, 0x3E, 0x00, 0x00,
    0x00, 0x02, 0x04, 0x08, 0x22, 0x00, 0x18, 0x08, 0x08, 0x08, 0x08, 0x08, 0x08, 0x3E, 0x00, 0x00,
    0x00, 0x04, 0x08, 0x10, 0x42, 0x44, 0x48, 0x50, 0x60, 0x60, 0x50, 0x48, 0x44, 0x42, 0x00, 0x00,
    0x00, 0x02, 0x04, 0x48, 0x40, 0x40, 0x44, 0x48, 0x50, 0x60, 0x50, 0x48, 0x44, 0x42, 0x00, 0x00,
    0x00, 0x00, 0x00, 0x00, 0x42, 0x44, 0x48, 0x50, 0x60, 0x60, 0x50, 0x48, 0x44, 0x42, 0x00, 0x10,
    0x00, 0x00, 0x00, 0x40, 0x40, 0x40, 0x44, 0x48, 0x50, 0x60, 0x50, 0x48, 0x44, 0x42, 0x00, 0x10,
    0x00, 0x00, 0x00, 0x00, 0x42, 0x44, 0x48, 0x50, 0x60, 0x60, 0x50, 0x48, 0x44, 0x42, 0x00, 0x3C,
    0x00, 0x00, 0x00, 0x40, 0x40, 0x40, 0x44, 0x48, 0x50, 0x60, 0x50, 0x48, 0x44, 0x42, 0x00, 0x3C,
    0x00, 0x00, 0x00, 0x00, 0x40, 0x40, 0x40, 0x40, 0x40, 0x40, 0x40, 0x40, 0x40, 0x7E, 0x00, 0x10,
    0x00, 0x00, 0x00, 0x18, 0x08, 0x08, 0x08, 0x08, 0x08, 0x08, 0x08, 0x08, 0x08, 0x3E, 0x00, 0x08,
    0x00, 0x00, 0x3C, 0x00, 0x40, 0x40, 0x40, 0x40, 0x40, 0x40, 0x40, 0x40, 0x40, 0x7E, 0x00, 0x10,
    0x00, 0x3C, 0x00, 0x18, 0x08, 0x08, 0x08, 0x08, 0x08, 0x08, 0x08, 0x08, 0x08, 0x3E, 0x00, 0x08,
    0x00, 0x00, 0x00, 0x00, 0x40, 0x40, 0x40, 0x40, 0x40, 0x40, 0x40, 0x40, 0x40, 0x7E, 0x00, 0x3C,
    0x00, 0x00, 0x00, 0x18, 0x08, 0x08, 0x08, 0x08, 0x08, 0x08, 0x08, 0x08, 0x08, 0x3E, 0x00, 0x1C,
    0x00, 0x00, 0x00, 0x00, 0x40, 0x40, 0x40, 0x40, 0x40, 0x40, 0x40, 0x40, 0x40, 0x7E, 0x18, 0x24,
    0x00, 0x00, 0x00, 0x18, 0x08, 0x08, 0x08, 0x08, 0x08, 0x08, 0x08, 0x08, 0x08, 0x3E, 0x18, 0x24,
    0x00, 0x04, 0x08, 0x10, 0x42, 0x42, 0x66, 0x66, 0x5A, 0x5A, 0x42, 0x42, 0x42, 0x42, 0x00, 0x00,
    0x00, 0x00, 0x04, 0x08, 0x10, 0x00, 0x76, 0x49, 0x49, 0x49, 0x49, 0x49, 0x49, 0x49, 0x00, 0x00,
    0x00, 0x00, 0x10, 0x00, 0x42, 0x42, 0x66, 0x66, 0x5A, 0x5A, 0x42, 0x42, 0x42, 0x42, 0x00, 0x00,
    0x00, 0x00, 0x00, 0x08, 0x00, 0x00, 0x76, 0x49, 0x49, 0x49, 0x49, 0x49, 0x49, 0x49, 0x00, 0x00,
    0x00, 0x00, 0x00, 0x00, 0x42, 0x42, 0x66, 0x66, 0x5A, 0x5A, 0x42, 0x42, 0x42, 0x42, 0x00, 0x08,
    0x00, 0x00, 0x00, 0x00, 0x00, 0x00, 0x76, 0x49, 0x49, 0x49, 0x49, 0x49, 0x49, 0x49, 0x00, 0x08,
    0x00, 0x00, 0x08, 0x00, 0x42, 0x62, 0x62, 0x52, 0x52, 0x4A, 0x4A, 0x46, 0x46, 0x42, 0x00, 0x00,
    0x00, 0x00, 0x00, 0x08, 0x00, 0x00, 0x5C, 0x62, 0x42, 0x42, 0x42, 0x42, 0x42, 0x42, 0x00, 0x00,
    0x00, 0x00, 0x00, 0x00, 0x42, 0x62, 0x62, 0x52, 0x52, 0x4A, 0x4A, 0x46, 0x46, 0x42, 0x00, 0x08,
    0x00, 0x00, 0x00, 0x00, 0x00, 0x00, 0x5C, 0x62, 0x42, 0x42, 0x42, 0x42, 0x42, 0x42, 0x00, 0x08,
    0x00, 0x00, 0x00, 0x00, 0x42, 0x62, 0x62, 0x52, 0x52, 0x4A, 0x4A, 0x46, 0x46, 0x42, 0x00, 0x3C,
    0x00, 0x00, 0x00, 0x00, 0x00, 0x00, 0x5C, 0x62, 0x42, 0x42, 0x42, 0x42, 0x42, 0x42, 0x00, 0x3C,
    0x00, 0x00, 0x00, 0x00, 0x42, 0x62, 0x62, 0x52, 0x52, 0x4A, 0x4A, 0x46, 0x46, 0x42, 0x18, 0x24,
    0x00, 0x00, 0x00, 0x00, 0x00, 0x00, 0x5C, 0x62, 0x42, 0x42, 0x42, 0x42, 0x42, 0x42, 0x18, 0x24,
    0x04, 0x08, 0x32, 0x4C, 0x3C, 0x42, 0x42, 0x42, 0x42, 0x42, 0x42, 0x42, 0x42, 0x3C, 0x00, 0x00,
    0x02, 0x04, 0x08, 0x32, 0x4C, 0x00, 0x3C, 0x42, 0x42, 0x42, 0x42, 0x42, 0x42, 0x3C, 0x00, 0x00,
    0x24, 0x00, 0x32, 0x4C, 0x3C, 0x42, 0x42, 0x42, 0x42, 0x42, 0x42, 0x42, 0x42, 0x3C, 0x00, 0x00,
    0x00, 0x24, 0x00, 0x32, 0x4C, 0x00, 0x3C, 0x42, 0x42, 0x42, 0x42, 0x42, 0x42, 0x3C, 0x00, 0x00,
    0x10, 0x08, 0x3C, 0x00, 0x3C, 0x42, 0x42, 0x42, 0x42, 0x42, 0x42, 0x42, 0x42, 0x3C, 0x00, 0x00,
    0x20, 0x10, 0x08, 0x00, 0x3C, 0x00, 0x3C, 0x42, 0x42, 0x42, 0x42, 0x42, 0x42, 0x3C, 0x00, 0x00,
    0x08, 0x10, 0x3C, 0x00, 0x3C, 0x42, 0x42, 0x42, 0x42, 0x42, 0x42, 0x42, 0x42, 0x3C, 0x00, 0x00,
    0x08, 0x10, 0x20, 0x00, 0x3C, 0x00, 0x3C, 0x42, 0x42, 0x42, 0x42, 0x42, 0x42, 0x3C, 0x00, 0x00,
    0x00, 0x04, 0x08, 0x10, 0x7C, 0x42, 0x42, 0x42, 0x7C, 0x40, 0x40, 0x40, 0x40, 0x40, 0x00, 0x00,
    0x00, 0x00, 0x04, 0x08, 0x10, 0x00, 0x5C, 0x62, 0x42, 0x42, 0x42, 0x42, 0x62, 0x5C, 0x40, 0x40,
    0x00, 0x10, 0x00, 0x00, 0x7C, 0x42, 0x42, 0x42, 0x7C, 0x40, 0x40, 0x40, 0x40, 0x40, 0x00, 0x00,
    0x00, 0x00, 0x00, 0x08, 0x00, 0x00, 0x5C, 0x62, 0x42, 0x42, 0x42, 0x42, 0x62, 0x5C, 0x40, 0x40,
    0x00, 0x10, 0x00, 0x00, 0x7C, 0x42, 0x42, 0x42, 0x7C, 0x48, 0x44, 0x44, 0x42, 0x42, 0x00, 0x00,
    0x00, 0x00, 0x00, 0x10, 0x00, 0x00, 0x5C, 0x62, 0x42, 0x40, 0x40, 0x40, 0x40, 0x40, 0x00, 0x00,
    0x00, 0x00, 0x00, 0x00, 0x7C, 0x42, 0x42, 0x42, 0x7C, 0x48, 0x44, 0x44, 0x42, 0x42, 0x00, 0x08,
    0x00, 0x00, 0x00, 0x00, 0x00, 0x00, 0x5C, 0x62, 0x42, 0x40, 0x40, 0x40, 0x40, 0x40, 0x08, 0x00,
    0x00, 0x00, 0x3C, 0x00, 0x7C, 0x42, 0x42, 0x42, 0x7C, 0x48, 0x44, 0x44, 0x42, 0x42, 0x00, 0x08,
    0x00, 0x00, 0x00, 0x00, 0x3C, 0x00, 0x5C, 0x62, 0x42, 0x40, 0x40, 0x40, 0x40, 0x40, 0x08, 0x00,
    0x00, 0x00, 0x00, 0x00, 0x7C, 0x42, 0x42, 0x42, 0x7C, 0x48, 0x44, 0x44, 0x42, 0x42, 0x00, 0x3C,
    0x00, 0x00, 0x00, 0x00, 0x00, 0x00, 0x5C, 0x62, 0x42, 0x40, 0x40, 0x40, 0x40, 0x40, 0x00, 0x3C,
    0x00, 0x10, 0x00, 0x00, 0x3C, 0x42, 0x42, 0x40, 0x30, 0x0C, 0x02, 0x42, 0x42, 0x3C, 0x00, 0x00,
    0x00, 0x00, 0x00, 0x10, 0x00, 0x00, 0x3C, 0x42, 0x40, 0x30, 0x0C, 0x02, 0x42, 0x3C, 0x00, 0x00,
    0x00, 0x00, 0x00, 0x00, 0x3C, 0x42, 0x42, 0x40, 0x30, 0x0C, 0x02, 0x42, 0x42, 0x3C, 0x00, 0x08,
    0x00, 0x00, 0x00, 0x00, 0x00, 0x00, 0x3C, 0x42, 0x40, 0x30, 0x0C, 0x02, 0x42, 0x3C, 0x00, 0x08,
    0x24, 0x08, 0x10, 0x00, 0x3C, 0x42, 0x42, 0x40, 0x30, 0x0C, 0x02, 0x42, 0x42, 0x3C, 0x00, 0x00,
    0x00, 0x20, 0x08, 0x10, 0x20, 0x00, 0x3C, 0x42, 0x40, 0x30, 0x0C, 0x02, 0x42, 0x3C, 0x00, 0x00,
    0x08, 0x22, 0x14, 0x08, 0x3C, 0x42, 0x42, 0x40, 0x30, 0x0C, 0x02, 0x42, 0x42, 0x3C, 0x00, 0x00,
    0x00, 0x08, 0x00, 0x22, 0x14, 0x08, 0x3C, 0x42, 0x40, 0x30, 0x0C, 0x02, 0x42, 0x3C, 0x00, 0x00,
    0x00, 0x08, 0x00, 0x00, 0x3C, 0x42, 0x42, 0x40, 0x30, 0x0C, 0x02, 0x42, 0x42, 0x3C, 0x00, 0x08,
    0x00, 0x00, 0x00, 0x08, 0x00, 0x00, 0x3C, 0x42, 0x40, 0x30, 0x0C, 0x02, 0x42, 0x3C, 0x00, 0x08,
    0x00, 0x08, 0x00, 0x00, 0x7F, 0x08, 0x08, 0x08, 0x08, 0x08, 0x08, 0x08, 0x08, 0x08, 0x00, 0x00,
    0x00, 0x10, 0x00, 0x00, 0x10, 0x10, 0x10, 0x7C, 0x10, 0x10, 0x10, 0x10, 0x10, 0x0C, 0x00, 0x00,
    0x00, 0x00, 0x00, 0x00, 0x7F, 0x08, 0x08, 0x08, 0x08, 0x08, 0x08, 0x08, 0x08, 0x08, 0x00, 0x08,
    0x00, 0x00, 0x00, 0x00, 0x10, 0x10, 0x10, 0x7C, 0x10, 0x10, 0x10, 0x10, 0x10, 0x0C, 0x00, 0x10,
    0x00, 0x00, 0x00, 0x00, 0x7F, 0x08, 0x08, 0x08, 0x08, 0x08, 0x08, 0x08, 0x08, 0x08, 0x00, 0x3E,
    0x00, 0x00, 0x00, 0x00, 0x10, 0x10, 0x10, 0x7C, 0x10, 0x10, 0x10, 0x10, 0x10, 0x0C, 0x00, 0x3C,
    0x00, 0x00, 0x00, 0x00, 0x7F, 0x08, 0x08, 0x08, 0x08, 0x08, 0x08, 0x08, 0x00, 0x08, 0x14, 0x22,
    0x00, 0x00, 0x00, 0x00, 0x10, 0x10, 0x10, 0x7C, 0x10, 0x10, 0x10, 0x10, 0x12, 0x0C, 0x14, 0x22,
    0x00, 0x00, 0x00, 0x00, 0x42, 0x42, 0x42, 0x42, 0x42, 0x42, 0x42, 0x42, 0x42, 0x3C, 0x00, 0x24,
    0x00, 0x00, 0x00, 0x00, 0x00, 0x00, 0x42, 0x42, 0x42, 0x42, 0x42, 0x42, 0x46, 0x3A, 0x00, 0x28,
    0x00, 0x00, 0x00, 0x00, 0x42, 0x42, 0x42, 0x42, 0x42, 0x42, 0x42, 0x42, 0x42, 0x3C, 0x32, 0x4C,
    0x00, 0x00, 0x00, 0x00, 0x00, 0x00, 0x42, 0x42, 0x42, 0x42, 0x42, 0x42, 0x46, 0x3A, 0x32, 0x4C,
    0x00, 0x00, 0x00, 0x00, 0x42, 0x42, 0x42, 0x42, 0x42, 0x42, 0x42, 0x42, 0x42, 0x3C, 0x14, 0x22,
    0x00, 0x00, 0x00, 0x00, 0x00, 0x00, 0x42, 0x42, 0x42, 0x42, 0x42, 0x42, 0x46, 0x3A, 0x14, 0x22,
    0x04, 0x08, 0x32, 0x4C, 0x00, 0x42, 0x42, 0x42, 0x42, 0x42, 0x42, 0x42, 0x42, 0x3C, 0x00, 0x00,
    0x02, 0x04, 0x08, 0x32, 0x4C, 0x00, 0x42, 0x42, 0x42, 0x42, 0x42, 0x42, 0x46, 0x3A, 0x00, 0x00,
    0x24, 0x00, 0x3C, 0x00, 0x42, 0x42, 0x42, 0x42, 0x42, 0x42, 0x42, 0x42, 0x42, 0x3C, 0x00, 0x00,
    0x00, 0x00, 0x24, 0x00, 0x3C, 0x00, 0x42, 0x42, 0x42, 0x42, 0x42, 0x42, 0x46, 0x3A, 0x00, 0x00,
    0x00, 0x00, 0x32, 0x4C, 0x00, 0x41, 0x41, 0x22, 0x22, 0x22, 0x14, 0x14, 0x08, 0x08, 0x00, 0x00,
    0x00, 0x00, 0x32, 0x4C, 0x00, 0x00, 0x42, 0x42, 0x42, 0x24, 0x24, 0x24, 0x18, 0x18, 0x00, 0x00,
    0x00, 0x00, 0x00, 0x00, 0x41, 0x41, 0x41, 0x22, 0x22, 0x22, 0x14, 0x14, 0x08, 0x08, 0x00, 0x08,
    0x00, 0x00, 0x00, 0x00, 0x00, 0x00, 0x44, 0x44, 0x44, 0x28, 0x28, 0x28, 0x10, 0x10, 0x00, 0x10,
    0x00, 0x20, 0x10, 0x08, 0x42, 0x42, 0x42, 0x42, 0x5A, 0x5A, 0x66, 0x66, 0x42, 0x42, 0x00, 0x00,
    0x00, 0x00, 0x10, 0x08, 0x04, 0x00, 0x41, 0x49, 0x49, 0x49, 0x49, 0x49, 0x49, 0x36, 0x00, 0x00,
    0x00, 0x04, 0x08, 0x10, 0x42, 0x42, 0x42, 0x42, 0x5A, 0x5A, 0x66, 0x66, 0x42, 0x42, 0x00, 0x00,
    0x00, 0x00, 0x04, 0x08, 0x10, 0x00, 0x41, 0x49, 0x49, 0x49, 0x49, 0x49, 0x49, 0x36, 0x00, 0x00,
    0x00, 0x24, 0x00, 0x00, 0x42, 0x42, 0x42, 0x42, 0x5A, 0x5A, 0x66, 0x66, 0x42, 0x42, 0x00, 0x00,
    0x00, 0x00, 0x00, 0x22, 0x00, 0x00, 0x41, 0x49, 0x49, 0x49, 0x49, 0x49, 0x49, 0x36, 0x00, 0x00,
    0x00, 0x10, 0x00, 0x00, 0x44, 0x44, 0x44, 0x44, 0x54, 0x54, 0x6C, 0x6C, 0x44, 0x44, 0x00, 0x00,
    0x00, 0x00, 0x00, 0x08, 0x00, 0x00, 0x41, 0x49, 0x49, 0x49, 0x49, 0x49, 0x49, 0x36, 0x00, 0x00,
    0x00, 0x00, 0x00, 0x00, 0x44, 0x44, 0x44, 0x44, 0x54, 0x54, 0x6C, 0x6C, 0x44, 0x44, 0x00, 0x10,
    0x00, 0x00, 0x00, 0x00, 0x00, 0x00, 0x41, 0x49, 0x49, 0x49, 0x49, 0x49, 0x49, 0x36, 0x00, 0x08,
    0x00, 0x10, 0x00, 0x00, 0x44, 0x44, 0x28, 0x28, 0x10, 0x10, 0x28, 0x28, 0x44, 0x44, 0x00, 0x00,
    0x00, 0x00, 0x00, 0x10, 0x00, 0x00, 0x44, 0x44, 0x28, 0x10, 0x10, 0x28, 0x44, 0x44, 0x00, 0x00,
    0x00, 0x24, 0x00, 0x00, 0x42, 0x42, 0x24, 0x24, 0x18, 0x18, 0x24, 0x24, 0x42, 0x42, 0x00, 0x00,
    0x00, 0x00, 0x00, 0x24, 0x00, 0x00, 0x42, 0x42, 0x24, 0x18, 0x18, 0x24, 0x42, 0x42, 0x00, 0x00,
    0x00, 0x08, 0x00, 0x00, 0x41, 0x41, 0x22, 0x22, 0x14, 0x08, 0x08, 0x08, 0x08, 0x08, 0x00, 0x00,
    0x00, 0x00, 0x00, 0x08, 0x00, 0x00, 0x42, 0x42, 0x42, 0x42, 0x42, 0x26, 0x1A, 0x02, 0x02, 0x3C,
    0x18, 0x24, 0x00, 0x00, 0x7E, 0x02, 0x02, 0x04, 0x08, 0x10, 0x20, 0x40, 0x40, 0x7E, 0x00, 0x00,
    0x00, 0x00, 0x18, 0x24, 0x00, 0x00, 0x7E, 0x02, 0x04, 0x08, 0x10, 0x20, 0x40, 0x7E, 0x00, 0x00,
    0x00, 0x00, 0x00, 0x00, 0x7E, 0x02, 0x02, 0x04, 0x08, 0x10, 0x20, 0x40, 0x40, 0x7E, 0x00, 0x08,
    0x00, 0x00, 0x00, 0x00, 0x00, 0x00, 0x7E, 0x02, 0x04, 0x08, 0x10, 0x20, 0x40, 0x7E, 0x00, 0x08,
    0x00, 0x00, 0x00, 0x00, 0x7E, 0x02, 0x02, 0x04, 0x08, 0x10, 0x20, 0x40, 0x40, 0x7E, 0x00, 0x3C,
    0x00, 0x00, 0x00, 0x00, 0x00, 0x00, 0x7E, 0x02, 0x04, 0x08, 0x10, 0x20, 0x40, 0x7E, 0x00, 0x3C,
    0x00, 0x00, 0x00, 0x40, 0x40, 0x40, 0x5C, 0x62, 0x42, 0x42, 0x42, 0x42, 0x42, 0x42, 0x00, 0x3C,
    0x00, 0x00, 0x44, 0x00, 0x10, 0x10, 0x10, 0x7C, 0x10, 0x10, 0x10, 0x10, 0x10, 0x0C, 0x00, 0x00,
    0x00, 0x08, 0x14, 0x08, 0x00, 0x00, 0x41, 0x49, 0x49, 0x49, 0x49, 0x49, 0x49, 0x36, 0x00, 0x00,
    0x00, 0x08, 0x14, 0x08, 0x00, 0x00, 0x42, 0x42, 0x42, 0x42, 0x42, 0x26, 0x1A, 0x02, 0x02, 0x3C,
    0x00, 0x02, 0x01, 0x01, 0x02, 0x00, 0x3C, 0x42, 0x02, 0x3E, 0x42, 0x42, 0x46, 0x3A, 0x00, 0x00,
    0x00, 0x10, 0x00, 0x0C, 0x10, 0x10, 0x10, 0x30, 0x10, 0x10, 0x10, 0x10, 0x10, 0x10, 0x00, 0x00,
    0x00, 0x00, 0x00, 0x0C, 0x10, 0x10, 0x10, 0x34, 0x18, 0x30, 0x50, 0x10, 0x10, 0x10, 0x00, 0x00,
    0x00, 0x00, 0x00, 0x0C, 0x10, 0x7C, 0x10, 0x30, 0x10, 0x10, 0x10, 0x10, 0x10, 0x10, 0x00, 0x00,
    0x00, 0x00, 0x00, 0x00, 0x3E, 0x42, 0x44, 0x48, 0x4C, 0x42, 0x42, 0x42, 0x52, 0x4C, 0x00, 0x00,
    0x00, 0x00, 0x00, 0x00, 0x1C, 0x20, 0x20, 0x20, 0x18, 0x24, 0x42, 0x42, 0x42, 0x3C, 0x00, 0x00,
    0x00, 0x00, 0x00, 0x00, 0x10, 0x28, 0x28, 0x44, 0x44, 0x7C, 0x44, 0x44, 0x44, 0x44, 0x00, 0x10,
    0x00, 0x00, 0x00, 0x00, 0x00, 0x00, 0x3C, 0x42, 0x02, 0x3E, 0x42, 0x42, 0x46, 0x3A, 0x00, 0x10,
    0x40, 0x20, 0x20, 0x40, 0x18, 0x24, 0x24, 0x42, 0x42, 0x7E, 0x42, 0x42, 0x42, 0x42, 0x00, 0x00,
    0x00, 0x08, 0x04, 0x04, 0x08, 0x00, 0x3C, 0x42, 0x02, 0x3E, 0x42, 0x42, 0x46, 0x3A, 0x00, 0x00,
    0x02, 0x14, 0x28, 0x44, 0x10, 0x28, 0x28, 0x44, 0x44, 0x7C, 0x44, 0x44, 0x44, 0x44, 0x00, 0x00,
    0x00, 0x02, 0x14, 0x28, 0x44, 0x00, 0x3C, 0x42, 0x02, 0x3E, 0x42, 0x42, 0x46, 0x3A, 0x00, 0x00,
    0x40, 0x28, 0x14, 0x22, 0x08, 0x14, 0x14, 0x22, 0x22, 0x3E, 0x22, 0x22, 0x22, 0x22, 0x00, 0x00,
    0x00, 0x40, 0x28, 0x14, 0x22, 0x00, 0x3C, 0x42, 0x02, 0x3E, 0x42, 0x42, 0x46, 0x3A, 0x00, 0x00,
    0x04, 0x02, 0x14, 0x28, 0x54, 0x28, 0x28, 0x44, 0x44, 0x7C, 0x44, 0x44, 0x44, 0x44, 0x00, 0x00,
    0x02, 0x01, 0x0A, 0x14, 0x22, 0x00, 0x3C, 0x42, 0x02, 0x3E, 0x42, 0x42, 0x46, 0x3A, 0x00, 0x00,
    0x19, 0x26, 0x08, 0x14, 0x22, 0x08, 0x14, 0x14, 0x22, 0x22, 0x3E, 0x22, 0x22, 0x22, 0x00, 0x00,
    0x19, 0x26, 0x08, 0x14, 0x22, 0x00, 0x3C, 0x42, 0x02, 0x3E, 0x42, 0x42, 0x46, 0x3A, 0x00, 0x00,
    0x00, 0x08, 0x14, 0x22, 0x08, 0x14, 0x14, 0x22, 0x22, 0x3E, 0x22, 0x22, 0x22, 0x22, 0x00, 0x08,
    0x00, 0x00, 0x18, 0x24, 0x00, 0x00, 0x3C, 0x42, 0x02, 0x3E, 0x42, 0x42, 0x46, 0x3A, 0x00, 0x08,
    0x08, 0x10, 0x44, 0x38, 0x10, 0x28, 0x28, 0x44, 0x44, 0x7C, 0x44, 0x44, 0x44, 0x44, 0x00, 0x00,
    0x04, 0x08, 0x10, 0x44, 0x38, 0x00, 0x3C, 0x42, 0x02, 0x3E, 0x42, 0x42, 0x46, 0x3A, 0x00, 0x00,
    0x20, 0x10, 0x44, 0x38, 0x10, 0x28, 0x28, 0x44, 0x44, 0x7C, 0x44, 0x44, 0x44, 0x44, 0x00, 0x00,
    0x20, 0x10, 0x08, 0x22, 0x1C, 0x00, 0x3C, 0x42, 0x02, 0x3E, 0x42, 0x42, 0x46, 0x3A, 0x00, 0x00,
    0x10, 0x08, 0xB2, 0x7C, 0x10, 0x28, 0x28, 0x44, 0x44, 0x7C, 0x44, 0x44, 0x44, 0x44, 0x00, 0x00,
    0x08, 0x08, 0x10, 0x44, 0x38, 0x00, 0x3C, 0x42, 0x02, 0x3E, 0x42, 0x42, 0x46, 0x3A, 0x00, 0x00,
    0x32, 0x4C, 0x82, 0x7C, 0x10, 0x28, 0x28, 0x44, 0x44, 0x7C, 0x44, 0x44, 0x44, 0x44, 0x00, 0x00,
    0x32, 0x4C, 0x00, 0x42, 0x3C, 0x00, 0x3C, 0x42, 0x02, 0x3E, 0x42, 0x42, 0x46, 0x3A, 0x00, 0x00,
    0x00, 0x00, 0x44, 0x38, 0x10, 0x28, 0x28, 0x44, 0x44, 0x7C, 0x44, 0x44, 0x44, 0x44, 0x00, 0x10,
    0x00, 0x00, 0x00, 0x24, 0x18, 0x00, 0x3C, 0x42, 0x02, 0x3E, 0x42, 0x42, 0x46, 0x3A, 0x00, 0x10,
    0x00, 0x00, 0x00, 0x00, 0x7E, 0x40, 0x40, 0x40, 0x7C, 0x40, 0x40, 0x40, 0x40, 0x7E, 0x00, 0x10,
    0x00, 0x00, 0x00, 0x00, 0x00, 0x00, 0x3C, 0x42, 0x42, 0x7E, 0x40, 0x40, 0x42, 0x3C, 0x00, 0x10,
    0x10, 0x08, 0x08, 0x10, 0x7E, 0x40, 0x40, 0x40, 0x7C, 0x40, 0x40, 0x40, 0x40, 0x7E, 0x00, 0x00,
    0x10, 0x08, 0x08, 0x10, 0x00, 0x00, 0x3C, 0x42, 0x42, 0x7E, 0x40, 0x40, 0x42, 0x3C, 0x00, 0x00,
    0x00, 0x32, 0x4C, 0x00, 0x7E, 0x40, 0x40, 0x40, 0x7C, 0x40, 0x40, 0x40, 0x40, 0x7E, 0x00, 0x00,
    0x00, 0x00, 0x00, 0x32, 0x4C, 0x00, 0x3C, 0x42, 0x42, 0x7E, 0x40, 0x40, 0x42, 0x3C, 0x00, 0x00,
    0x02, 0x14, 0x28, 0x44, 0x7E, 0x40, 0x40, 0x40, 0x7C, 0x40, 0x40, 0x40, 0x40, 0x7E, 0x00, 0x00,
    0x00, 0x02, 0x14, 0x28, 0x44, 0x00, 0x3C, 0x42, 0x42, 0x7E, 0x40, 0x40, 0x42, 0x3C, 0x00, 0x00,
    0x40, 0x28, 0x14, 0x22, 0x7E, 0x40, 0x40, 0x40, 0x7C, 0x40, 0x40, 0x40, 0x40, 0x7E, 0x00, 0x00,
    0x00, 0x40, 0x28, 0x14, 0x22, 0x00, 0x3C, 0x42, 0x42, 0x7E, 0x40, 0x40, 0x42, 0x3C, 0x00, 0x00,
    0x04, 0x12, 0x2A, 0x44, 0x7E, 0x40, 0x40, 0x40, 0x7C, 0x40, 0x40, 0x40, 0x40, 0x7E, 0x00, 0x00,
    0x04, 0x02, 0x12, 0x2C, 0x44, 0x00, 0x3C, 0x42, 0x42, 0x7E, 0x40, 0x40, 0x42, 0x3C, 0x00, 0x00,
    0x32, 0x4C, 0x10, 0x28, 0x44, 0x7E, 0x40, 0x40, 0x7C, 0x40, 0x40, 0x40, 0x40, 0x7E, 0x00, 0x00,
    0x32, 0x4C, 0x10, 0x28, 0x44, 0x00, 0x3C, 0x42, 0x42, 0x7E, 0x40, 0x40, 0x42, 0x3C, 0x00, 0x00,
    0x00, 0x18, 0x24, 0x00, 0x7E, 0x40, 0x40, 0x40, 0x7C, 0x40, 0x40, 0x40, 0x40, 0x7E, 0x00, 0x08,
    0x00, 0x00, 0x18, 0x24, 0x00, 0x00, 0x3C, 0x42, 0x42, 0x7E, 0x40, 0x40, 0x42, 0x3C, 0x00, 0x08,
    0x08, 0x04, 0x04, 0x08, 0x3E, 0x08, 0x08, 0x08, 0x08, 0x08, 0x08, 0x08, 0x08, 0x3E, 0x00, 0x00,
    0x00, 0x10, 0x08, 0x08, 0x10, 0x00, 0x18, 0x08, 0x08, 0x08, 0x08, 0x08, 0x08, 0x3E, 0x00, 0x00,
    0x00, 0x00, 0x00, 0x00, 0x3E, 0x08, 0x08, 0x08, 0x08, 0x08, 0x08, 0x08, 0x08, 0x3E, 0x00, 0x08,
    0x00, 0x00, 0x00, 0x08, 0x08, 0x00, 0x18, 0x08, 0x08, 0x08, 0x08, 0x08, 0x08, 0x3E, 0x00, 0x08,
    0x00, 0x00, 0x00, 0x00, 0x3C, 0x42, 0x42, 0x42, 0x42, 0x42, 0x42, 0x42, 0x42, 0x3C, 0x00, 0x08,
    0x00, 0x00, 0x00, 0x00, 0x00, 0x00, 0x3C, 0x42, 0x42, 0x42, 0x42, 0x42, 0x42, 0x3C, 0x00, 0x08,
    0x10, 0x08, 0x08, 0x10, 0x3C, 0x42, 0x42, 0x42, 0x42, 0x42, 0x42, 0x42, 0x42, 0x3C, 0x00, 0x00,
    0x00, 0x10, 0x08, 0x08, 0x10, 0x00, 0x3C, 0x42, 0x42, 0x42, 0x42, 0x42, 0x42, 0x3C, 0x00, 0x00,
    0x02, 0x14, 0x28, 0x44, 0x3C, 0x42, 0x42, 0x42, 0x42, 0x42, 0x42, 0x42, 0x42, 0x3C, 0x00, 0x00,
    0x00, 0x02, 0x14, 0x28, 0x44, 0x00, 0x3C, 0x42, 0x42, 0x42, 0x42, 0x42, 0x42, 0x3C, 0x00, 0x00,
    0x40, 0x28, 0x14, 0x22, 0x3C, 0x42, 0x42, 0x42, 0x42, 0x42, 0x42, 0x42, 0x42, 0x3C, 0x00, 0x00,
    0x00, 0x40, 0x28, 0x14, 0x22, 0x00, 0x3C, 0x42, 0x42, 0x42, 0x42, 0x42, 0x42, 0x3C, 0x00, 0x00,
    0x04, 0x12, 0x2A, 0x44, 0x3C, 0x42, 0x42, 0x42, 0x42, 0x42, 0x42, 0x42, 0x42, 0x3C, 0x00, 0x00,
    0x04, 0x02, 0x12, 0x2C, 0x44, 0x00, 0x3C, 0x42, 0x42, 0x42, 0x42, 0x42, 0x42, 0x3C, 0x00, 0x00,
    0x32, 0x4C, 0x10, 0x28, 0x44, 0x3C, 0x42, 0x42, 0x42, 0x42, 0x42, 0x42, 0x42, 0x3C, 0x00, 0x00,
    0x32, 0x4C, 0x10, 0x28, 0x44, 0x00, 0x3C, 0x42, 0x42, 0x42, 0x42, 0x42, 0x42, 0x3C, 0x00, 0x00,
    0x00, 0x18, 0x24, 0x00, 0x3C, 0x42, 0x42, 0x42, 0x42, 0x42, 0x42, 0x42, 0x42, 0x3C, 0x00, 0x08,
    0x00, 0x00, 0x18, 0x24, 0x00, 0x00, 0x3C, 0x42, 0x42, 0x42, 0x42, 0x42, 0x42, 0x3C, 0x00, 0x08,
    0x08, 0x10, 0x22, 0x01, 0x39, 0x46, 0x44, 0x44, 0x44, 0x44, 0x44, 0x44, 0x44, 0x38, 0x00, 0x00,
    0x00, 0x00, 0x08, 0x10, 0x22, 0x01, 0x39, 0x46, 0x44, 0x44, 0x44, 0x44, 0x44, 0x38, 0x00, 0x00,
    0x20, 0x10, 0x0A, 0x01, 0x39, 0x46, 0x44, 0x44, 0x44, 0x44, 0x44, 0x44, 0x44, 0x38, 0x00, 0x00,
    0x00, 0x00, 0x20, 0x10, 0x0A, 0x01, 0x39, 0x46, 0x44, 0x44, 0x44, 0x44, 0x44, 0x38, 0x00, 0x00,
    0x10, 0x08, 0x0A, 0x11, 0x39, 0x46, 0x44, 0x44, 0x44, 0x44, 0x44, 0x44, 0x44, 0x38, 0x00, 0x00,
    0x00, 0x10, 0x08, 0x08, 0x12, 0x01, 0x39, 0x46, 0x44, 0x44, 0x44, 0x44, 0x44, 0x38, 0x00, 0x00,
    0x00, 0x32, 0x4C, 0x02, 0x39, 0x45, 0x46, 0x44, 0x44, 0x44, 0x44, 0x44, 0x44, 0x38, 0x00, 0x00,
    0x00, 0x32, 0x4C, 0x00, 0x02, 0x01, 0x39, 0x46, 0x44, 0x44, 0x44, 0x44, 0x44, 0x38, 0x00, 0x00,
    0x00, 0x00, 0x02, 0x01, 0x39, 0x46, 0x44, 0x44, 0x44, 0x44, 0x44, 0x44, 0x44, 0x38, 0x00, 0x10,
    0x00, 0x00, 0x00, 0x00, 0x02, 0x01, 0x39, 0x46, 0x44, 0x44, 0x44, 0x44, 0x44, 0x38, 0x00, 0x10,
    0x00, 0x00, 0x00, 0x00, 0x42, 0x42, 0x42, 0x42, 0x42, 0x42, 0x42, 0x42, 0x42, 0x3C, 0x00, 0x08,
    0x00, 0x00, 0x00, 0x00, 0x00, 0x00, 0x42, 0x42, 0x42, 0x42, 0x42, 0x42, 0x46, 0x3A, 0x00, 0x08,
    0x10, 0x08, 0x08, 0x10, 0x42, 0x42, 0x42, 0x42, 0x42, 0x42, 0x42, 0x42, 0x42, 0x3C, 0x00, 0x00,
    0x00, 0x10, 0x08, 0x08, 0x10, 0x00, 0x42, 0x42, 0x42, 0x42, 0x42, 0x42, 0x46, 0x3A, 0x00, 0x00,
    0x04, 0x08, 0x12, 0x01, 0x45, 0x46, 0x44, 0x44, 0x44, 0x44, 0x44, 0x44, 0x44, 0x38, 0x00, 0x00,
    0x00, 0x00, 0x04, 0x08, 0x12, 0x01, 0x45, 0x46, 0x44, 0x44, 0x44, 0x44, 0x4C, 0x34, 0x00, 0x00,
    0x40, 0x20, 0x12, 0x01, 0x45, 0x46, 0x44, 0x44, 0x44, 0x44, 0x44, 0x44, 0x44, 0x38, 0x00, 0x00,
    0x00, 0x00, 0x40, 0x20, 0x12, 0x01, 0x45, 0x46, 0x44, 0x44, 0x44, 0x44, 0x4C, 0x34, 0x00, 0x00,
    0x10, 0x08, 0x0A, 0x11, 0x45, 0x46, 0x44, 0x44, 0x44, 0x44, 0x44, 0x44, 0x44, 0x38, 0x00, 0x00,
    0x00, 0x10, 0x08, 0x08, 0x12, 0x01, 0x45, 0x46, 0x44, 0x44, 0x44, 0x44, 0x4C, 0x34, 0x00, 0x00,
    0x32, 0x4C, 0x02, 0x01, 0x45, 0x46, 0x44, 0x44, 0x44, 0x44, 0x44, 0x44, 0x44, 0x38, 0x00, 0x00,
    0x00, 0x32, 0x4C, 0x00, 0x02, 0x01, 0x45, 0x46, 0x44, 0x44, 0x44, 0x44, 0x4C, 0x34, 0x00, 0x00,
    0x00, 0x00, 0x02, 0x01, 0x45, 0x46, 0x44, 0x44, 0x44, 0x44, 0x44, 0x44, 0x44, 0x38, 0x00, 0x10,
    0x00, 0x00, 0x00, 0x00, 0x02, 0x01, 0x45, 0x46, 0x44, 0x44, 0x44, 0x44, 0x4C, 0x34, 0x00, 0x10,
    0x20, 0x10, 0x08, 0x00, 0x41, 0x41, 0x22, 0x22, 0x14, 0x08, 0x08, 0x08, 0x08, 0x08, 0x00, 0x00,
    0x00, 0x20, 0x10, 0x08, 0x00, 0x00, 0x42, 0x42, 0x42, 0x42, 0x42, 0x26, 0x1A, 0x02, 0x02, 0x3C,
    0x00, 0x00, 0x00, 0x00, 0x41, 0x41, 0x22, 0x22, 0x14, 0x08, 0x08, 0x08, 0x08, 0x08, 0x00, 0x08,
    0x00, 0x00, 0x00, 0x00, 0x00, 0x00, 0x42, 0x42, 0x42, 0x42, 0x42, 0x26, 0x1A, 0x02, 0x3C, 0x08,
    0x08, 0x04, 0x04, 0x08, 0x41, 0x41, 0x22, 0x22, 0x14, 0x08, 0x08, 0x08, 0x08, 0x08, 0x00, 0x00,
    0x00, 0x10, 0x08, 0x08, 0x10, 0x00, 0x42, 0x42, 0x42, 0x42, 0x42, 0x26, 0x1A, 0x02, 0x02, 0x3C,
    0x00, 0x32, 0x4C, 0x00, 0x41, 0x41, 0x22, 0x22, 0x14, 0x08, 0x08, 0x08, 0x08, 0x08, 0x00, 0x00,
    0x00, 0x00, 0x32, 0x4C, 0x00, 0x00, 0x42, 0x42, 0x42, 0x42, 0x42, 0x26, 0x1A, 0x02, 0x02, 0x3C,
    0x00, 0x00, 0x00, 0xF0, 0x50, 0x50, 0x50, 0x50, 0x50, 0x50, 0x50, 0x50, 0x50, 0xFE, 0x00, 0x00,
    0x00, 0x00, 0x00, 0x6C, 0x24, 0x24, 0x24, 0x7E, 0x24, 0x24, 0x24, 0x24, 0x24, 0xFF, 0x00, 0x00,
    0x00, 0x00, 0x00, 0x00, 0x04, 0x08, 0x10, 0x10, 0x20, 0x24, 0x42, 0x42, 0x42, 0x3C, 0x00, 0x00,
    0x00, 0x00, 0x00, 0x00, 0x00, 0x00, 0x08, 0x10, 0x20, 0x20, 0x48, 0x44, 0x44, 0x38, 0x00, 0x00,
    0x00, 0x00, 0x00, 0x00, 0x42, 0x42, 0x22, 0x14, 0x14, 0x08, 0x08, 0x08, 0x08, 0x38, 0x48, 0x30,
    0x00, 0x00, 0x00, 0x00, 0x00, 0x00, 0x42, 0x42, 0x22, 0x14, 0x14, 0x08, 0x08, 0x38, 0x48, 0x30,
    0x00, 0x00, 0x00, 0x00, 0x00, 0x00, 0x00, 0x00, 0x00, 0x00, 0x00, 0x00, 0x00, 0x00, 0x00, 0x00,
    0x00, 0x00, 0x00, 0x00, 0x00, 0x00, 0x00, 0x00, 0x00, 0x00, 0x00, 0x00, 0x00, 0x00, 0x00, 0x00,
    0x00, 0x00, 0x00, 0x00, 0x00, 0x00, 0x00, 0x00, 0x00, 0x00, 0x00, 0x00, 0x00, 0x00, 0x00, 0x00,
    0x00, 0x00, 0x00, 0x00, 0x00, 0x00, 0x00, 0x00, 0x00, 0x00, 0x00, 0x00, 0x00, 0x00, 0x00, 0x00,
    0x00, 0x00, 0x00, 0x00, 0x00, 0x00, 0x00, 0x00, 0x00, 0x00, 0x00, 0x00, 0x00, 0x00, 0x00, 0x00,
    0x00, 0x00, 0x00, 0x00, 0x00, 0x00, 0x00, 0x00, 0x00, 0x00, 0x00, 0x00, 0x00, 0x00, 0x00, 0x00,
    0x00, 0x00, 0x00, 0x00, 0x00, 0x00, 0x00, 0x00, 0x00, 0x00, 0x00, 0x00, 0x00, 0x00, 0x00, 0x00,
    0x00, 0x00, 0x00, 0x00, 0x00, 0x00, 0x00, 0x00, 0x00, 0x00, 0x00, 0x00, 0x00, 0x00, 0x00, 0x00,
    0x00, 0x00, 0x00, 0x00, 0x00, 0x00, 0x00, 0x00, 0x00, 0x00, 0x00, 0x00, 0x00, 0x00, 0x00, 0x00,
    0x00, 0x00, 0x00, 0x00, 0x00, 0x00, 0x00, 0x00, 0x00, 0x00, 0x00, 0x00, 0x00, 0x00, 0x00, 0x00,
    0x00, 0x00, 0x00, 0x00, 0x00, 0x00, 0x00, 0x00, 0x00, 0x00, 0x00, 0x00, 0x00, 0x00, 0x00, 0x00,
    0xAA, 0xAA, 0x00, 0x01, 0x9E, 0x44, 0x02, 0x45, 0x84, 0x54, 0x08, 0x55, 0x90, 0x6C, 0x1E, 0x45,
    0x80, 0x00, 0x0E, 0x39, 0x90, 0x24, 0x0C, 0x39, 0x82, 0x20, 0x1C, 0x21, 0x80, 0x00, 0x55, 0x55,
    0xAA, 0xAA, 0x00, 0x01, 0x9E, 0x44, 0x02, 0x45, 0x84, 0x54, 0x08, 0x55, 0x90, 0x6C, 0x1E, 0x45,
    0x80, 0x00, 0x12, 0x09, 0x9A, 0x08, 0x16, 0x49, 0x92, 0x48, 0x12, 0x31, 0x80, 0x00, 0x55, 0x55,
    0xAA, 0xAA, 0x00, 0x01, 0x9E, 0x44, 0x02, 0x45, 0x84, 0x54, 0x08, 0x55, 0x90, 0x6C, 0x1E, 0x45,
    0x80, 0x00, 0x00, 0x41, 0x80, 0x40, 0x02, 0x41, 0x82, 0x40, 0x01, 0x81, 0x80, 0x00, 0x55, 0x55,
    0xAA, 0xAA, 0x00, 0x01, 0x80, 0x00, 0x00, 0x01, 0xC7, 0x22, 0x44, 0xB7, 0xC7, 0x2A, 0x45, 0x23,
    0xF4, 0xA2, 0x00, 0x01, 0x80, 0x00, 0x00, 0x01, 0x80, 0x00, 0x00, 0x01, 0x80, 0x00, 0x55, 0x55,
    0xAA, 0xAA, 0x00, 0x01, 0x80, 0x00, 0x00, 0x01, 0xF2, 0x22, 0x4A, 0x37, 0xF2, 0x2A, 0x52, 0x23,
    0xCB, 0xA2, 0x00, 0x01, 0x80, 0x00, 0x00, 0x01, 0x80, 0x00, 0x00, 0x01, 0x80, 0x00, 0x55, 0x55,
    0x00, 0x00, 0x00, 0x00, 0x00, 0x00, 0x00, 0x00, 0x00, 0x3C, 0x00, 0x00, 0x00, 0x00, 0x00, 0x00,
    0x00, 0x00, 0x00, 0x00, 0x00, 0x00, 0x00, 0x00, 0x00, 0x3C, 0x00, 0x00, 0x00, 0x00, 0x00, 0x00,
    0x00, 0x00, 0x00, 0x00, 0x00, 0x00, 0x00, 0x00, 0x00, 0x7E, 0x00, 0x00, 0x00, 0x00, 0x00, 0x00,
    0x00, 0x00, 0x00, 0x00, 0x00, 0x00, 0x00, 0x00, 0x00, 0x7E, 0x00, 0x00, 0x00, 0x00, 0x00, 0x00,
    0x00, 0x00, 0x00, 0x00, 0x00, 0x00, 0x00, 0x00, 0x00, 0xFF, 0x00, 0x00, 0x00, 0x00, 0x00, 0x00,
    0x00, 0x00, 0x00, 0x00, 0x00, 0x00, 0x00, 0x00, 0x00, 0xFF, 0x00, 0x00, 0x00, 0x00, 0x00, 0x00,
    0x00, 0x00, 0x00, 0x14, 0x14, 0x14, 0x14, 0x14, 0x14, 0x14, 0x14, 0x14, 0x14, 0x14, 0x14, 0x00,
    0x00, 0x00, 0x00, 0x00, 0x00, 0x00, 0x00, 0x00, 0x00, 0x00, 0x00, 0x00, 0x00, 0xFF, 0x00, 0xFF,
    0x00, 0x00, 0x08, 0x10, 0x10, 0x18, 0x00, 0x00, 0x00, 0x00, 0x00, 0x00, 0x00, 0x00, 0x00, 0x00,
    0x00, 0x00, 0x18, 0x08, 0x08, 0x10, 0x00, 0x00, 0x00, 0x00, 0x00, 0x00, 0x00, 0x00, 0x00, 0x00,
    0x00, 0x00, 0x00, 0x00, 0x00, 0x00, 0x00, 0x00, 0x00, 0x00, 0x00, 0x00, 0x18, 0x08, 0x08, 0x10,
    0x00, 0x00, 0x18, 0x10, 0x10, 0x08, 0x00, 0x00, 0x00, 0x00, 0x00, 0x00, 0x00, 0x00, 0x00, 0x00,
    0x00, 0x00, 0x22, 0x44, 0x44, 0x66, 0x00, 0x00, 0x00, 0x00, 0x00, 0x00, 0x00, 0x00, 0x00, 0x00,
    0x00, 0x00, 0x66, 0x22, 0x22, 0x44, 0x00, 0x00, 0x00, 0x00, 0x00, 0x00, 0x00, 0x00, 0x00, 0x00,
    0x00, 0x00, 0x00, 0x00, 0x00, 0x00, 0x00, 0x00, 0x00, 0x00, 0x00, 0x00, 0x66, 0x22, 0x22, 0x44,
    0x00, 0x00, 0x66, 0x44, 0x44, 0x22, 0x00, 0x00, 0x00, 0x00, 0x00, 0x00, 0x00, 0x00, 0x00, 0x00,
    0x00, 0x00, 0x08, 0x1C, 0x08, 0x2A, 0x7F, 0x2A, 0x08, 0x1C, 0x08, 0x08, 0x08, 0x08, 0x00, 0x00,
    0x00, 0x08, 0x1C, 0x08, 0x2A, 0x7F, 0x2A, 0x08, 0x08, 0x2A, 0x7F, 0x2A, 0x08, 0x1C, 0x08, 0x00,
    0x00, 0x00, 0x00, 0x00, 0x00, 0x00, 0x00, 0x38, 0x7C, 0x7C, 0x7C, 0x38, 0x00, 0x00, 0x00, 0x00,
    0x00, 0x00, 0x00, 0x00, 0x00, 0x00, 0x20, 0x30, 0x38, 0x3C, 0x38, 0x30, 0x20, 0x00, 0x00, 0x00,
    0x00, 0x00, 0x00, 0x00, 0x00, 0x00, 0x00, 0x00, 0x00, 0x00, 0x00, 0x00, 0x18, 0x18, 0x00, 0x00,
    0x00, 0x00, 0x00, 0x00, 0x00, 0x00, 0x00, 0x00, 0x00, 0x00, 0x00, 0x00, 0x36, 0x36, 0x00, 0x00,
    0x00, 0x00, 0x00, 0x00, 0x00, 0x00, 0x00, 0x00, 0x00, 0x00, 0x00, 0x00, 0x49, 0x49, 0x00, 0x00,
    0x00, 0x00, 0x00, 0x00, 0x00, 0x00, 0x00, 0x00, 0x00, 0x18, 0x18, 0x00, 0x00, 0x00, 0x00, 0x00,
    0xAA, 0xAA, 0x00, 0x01, 0x80, 0x00, 0x02, 0x01, 0x82, 0x00, 0x02, 0x01, 0x82, 0x00, 0x03, 0xC1,
    0x80, 0x00, 0x3B, 0xDD, 0xC2, 0x12, 0x33, 0xDD, 0x8A, 0x10, 0x73, 0xD1, 0x80, 0x00, 0x55, 0x55,
    0xAA, 0xAA, 0x00, 0x01, 0x80, 0x00, 0x03, 0x81, 0x82, 0x40, 0x03, 0x81, 0x82, 0x00, 0x02, 0x01,
    0x80, 0x00, 0x3B, 0xDD, 0xC2, 0x12, 0x33, 0xDD, 0x8A, 0x10, 0x73, 0xD1, 0x80, 0x00, 0x55, 0x55,
    0xAA, 0xAA, 0x00, 0x01, 0x80, 0x00, 0x00, 0x01, 0xC3, 0x9E, 0x42, 0x51, 0xC3, 0x9E, 0x42, 0x91,
    0xFA, 0x5E, 0x00, 0x01, 0x80, 0x00, 0x00, 0x01, 0x80, 0x00, 0x00, 0x01, 0x80, 0x00, 0x55, 0x55,
    0xAA, 0xAA, 0x00, 0x01, 0x80, 0x00, 0x00, 0x01, 0xF2, 0x1E, 0x4A, 0x11, 0xF2, 0x1E, 0x52, 0x11,
    0xCB, 0xDE, 0x00, 0x01, 0x80, 0x00, 0x00, 0x01, 0x80, 0x00, 0x00, 0x01, 0x80, 0x00, 0x55, 0x55,
    0xAA, 0xAA, 0x00, 0x01, 0x80, 0x00, 0x00, 0x01, 0xF3, 0x9E, 0x4A, 0x51, 0xF2, 0x5E, 0x42, 0x51,
    0xC3, 0x90, 0x00, 0x01, 0x80, 0x00, 0x00, 0x01, 0x80, 0x00, 0x00, 0x01, 0x80, 0x00, 0x55, 0x55,
    0xAA, 0xAA, 0x00, 0x01, 0x80, 0x00, 0x00, 0x01, 0xC3, 0x8C, 0x42, 0x53, 0xC3, 0x92, 0x42, 0x93,
    0xFA, 0x4C, 0x00, 0x01, 0x80, 0x00, 0x00, 0x01, 0x80, 0x00, 0x00, 0x01, 0x80, 0x00, 0x55, 0x55,
    0xAA, 0xAA, 0x00, 0x01, 0x80, 0x00, 0x00, 0x01, 0xF2, 0x0C, 0x4A, 0x13, 0xF2, 0x12, 0x52, 0x13,
    0xCB, 0xCC, 0x00, 0x01, 0x80, 0x00, 0x00, 0x01, 0x80, 0x00, 0x00, 0x01, 0x80, 0x00, 0x55, 0x55,
    0x00, 0x00, 0x00, 0x00, 0x00, 0x00, 0x00, 0x00, 0x00, 0x00, 0x00, 0x00, 0x00, 0x00, 0x00, 0x00,
    0x00, 0x00, 0x00, 0x00, 0x42, 0xA4, 0xA4, 0x48, 0x10, 0x10, 0x2A, 0x55, 0x55, 0x8A, 0x00, 0x00,
    0x00, 0x00, 0x00, 0x00, 0x40, 0xA0, 0xA0, 0x4C, 0x30, 0xC0, 0x2A, 0x55, 0x55, 0x2A, 0x00, 0x00,
    0x00, 0x00, 0x00, 0x00, 0x0C, 0x18, 0x10, 0x20, 0x00, 0x00, 0x00, 0x00, 0x00, 0x00, 0x00, 0x00,
    0x00, 0x00, 0x00, 0x00, 0x33, 0x66, 0x44, 0x88, 0x00, 0x00, 0x00, 0x00, 0x00, 0x00, 0x00, 0x00,
    0x00, 0x00, 0x00, 0x00, 0x3F, 0x7E, 0x54, 0xA8, 0x00, 0x00, 0x00, 0x00, 0x00, 0x00, 0x00, 0x00,
    0x00, 0x00, 0x00, 0x00, 0x30, 0x18, 0x08, 0x04, 0x00, 0x00, 0x00, 0x00, 0x00, 0x00, 0x00, 0x00,
    0x00, 0x00, 0x00, 0x00, 0xCC, 0x66, 0x22, 0x11, 0x00, 0x00, 0x00, 0x00, 0x00, 0x00, 0x00, 0x00,
    0x00, 0x00, 0x00, 0x00, 0xFC, 0x7E, 0x2A, 0x15, 0x00, 0x00, 0x00, 0x00, 0x00, 0x00, 0x00, 0x00,
    0x00, 0x00, 0x00, 0x00, 0x00, 0x00, 0x00, 0x00, 0x00, 0x00, 0x00, 0x00, 0x00, 0x10, 0x28, 0x44,
    0x00, 0x00, 0x00, 0x00, 0x00, 0x04, 0x04, 0x08, 0x08, 0x10, 0x08, 0x08, 0x04, 0x04, 0x00, 0x00,
    0x00, 0x00, 0x00, 0x00, 0x00, 0x20, 0x20, 0x10, 0x10, 0x08, 0x10, 0x10, 0x20, 0x20, 0x00, 0x00,
    0x00, 0x00, 0x00, 0x00, 0x00, 0x49, 0x22, 0x14, 0x49, 0x14, 0x22, 0x49, 0x00, 0x00, 0x00, 0x00,
    0x00, 0x00, 0x00, 0x00, 0x24, 0x24, 0x24, 0x24, 0x24, 0x24, 0x24, 0x00, 0x24, 0x24, 0x00, 0x00,
    0x00, 0x00, 0x00, 0x00, 0x3C, 0x4A, 0x4A, 0x0A, 0x0C, 0x08, 0x08, 0x00, 0x08, 0x08, 0x00, 0x00,
    0x7E, 0x00, 0x00, 0x00, 0x00, 0x00, 0x00, 0x00, 0x00, 0x00, 0x00, 0x00, 0x00, 0x00, 0x00, 0x00,
    0x00, 0x00, 0x00, 0x00, 0x00, 0x00, 0x00, 0x00, 0x00, 0x00, 0x00, 0x00, 0x00, 0x00, 0x42, 0x3C,
    0x3C, 0x42, 0x00, 0x00, 0x00, 0x00, 0x00, 0x00, 0x00, 0x00, 0x00, 0x00, 0x00, 0x00, 0x00, 0x00,
    0x00, 0x00, 0x00, 0x00, 0x00, 0x00, 0x00, 0x00, 0x00, 0x00, 0x02, 0x04, 0x08, 0x10, 0x28, 0x44,
    0x00, 0x00, 0x00, 0x00, 0x00, 0x00, 0x08, 0x1C, 0x08, 0x00, 0x22, 0x77, 0x22, 0x00, 0x00, 0x00,
    0x00, 0x00, 0x00, 0x00, 0x00, 0x00, 0x00, 0x00, 0x3C, 0x3C, 0x00, 0x00, 0x00, 0x00, 0x00, 0x00,
    0x00, 0x00, 0x00, 0x00, 0x02, 0x02, 0x04, 0x08, 0x08, 0x10, 0x10, 0x20, 0x40, 0x40, 0x00, 0x00,
    0x00, 0x00, 0x00, 0x0E, 0x08, 0x08, 0x08, 0x08, 0x0E, 0x08, 0x08, 0x08, 0x08, 0x08, 0x0E, 0x00,
    0x00, 0x00, 0x00, 0x70, 0x10, 0x10, 0x10, 0x10, 0x70, 0x10, 0x10, 0x10, 0x10, 0x10, 0x70, 0x00,
    0x00, 0x00, 0x00, 0xEE, 0x11, 0x11, 0x22, 0xCC, 0x88, 0x88, 0x88, 0x00, 0x00, 0x88, 0x00, 0x00,
    0x00, 0x00, 0x00, 0x72, 0x0A, 0x0A, 0x12, 0x62, 0x42, 0x42, 0x42, 0x00, 0x00, 0x42, 0x00, 0x00,
    0x00, 0x00, 0x00, 0x5C, 0x42, 0x42, 0x44, 0x58, 0x50, 0x50, 0x50, 0x00, 0x00, 0x50, 0x00, 0x00,
    0x00, 0x00, 0x00, 0x00, 0x00, 0x00, 0x7E, 0x02, 0x02, 0x02, 0x02, 0x04, 0x04, 0x04, 0x04, 0x04,
    0x00, 0x00, 0x00, 0x00, 0xFC, 0x5E, 0x5E, 0x5E, 0x5C, 0x50, 0x50, 0x50, 0x50, 0x50, 0x50, 0x00,
    0x00, 0x00, 0x00, 0x00, 0x1E, 0x3A, 0x3A, 0x3A, 0x1E, 0x00, 0x00, 0x00, 0x00, 0x00, 0x00, 0x00,
    0x00, 0x00, 0x00, 0x00, 0x78, 0x5C, 0x5C, 0x5C, 0x78, 0x00, 0x00, 0x00, 0x00, 0x00, 0x00, 0x00,
    0x00, 0x00, 0x00, 0x00, 0x00, 0x00, 0x00, 0x08, 0x49, 0x2A, 0x1C, 0x2A, 0x49, 0x08, 0x00, 0x00,
    0x00, 0x00, 0x00, 0x00, 0x00, 0x00, 0x18, 0x18, 0x00, 0x00, 0x00, 0x18, 0x10, 0x10, 0x08, 0x00,
    0x00, 0x00, 0x00, 0x3C, 0x42, 0x42, 0x00, 0x00, 0x00, 0x42, 0x42, 0x3C, 0x00, 0x00, 0x00, 0x00,
    0x00, 0x08, 0x49, 0x2A, 0x1C, 0x2A, 0x49, 0x08, 0x00, 0x08, 0x49, 0x2A, 0x1C, 0x2A, 0x49, 0x08,
    0x00, 0x00, 0x00, 0x00, 0x62, 0x62, 0x04, 0x08, 0x08, 0x10, 0x10, 0x20, 0x46, 0x46, 0x00, 0x00,
    0x00, 0x00, 0x00, 0x00, 0x00, 0x00, 0x00, 0x00, 0x00, 0x71, 0x8E, 0x00, 0x00, 0x00, 0x00, 0x00,
    0x00, 0x00, 0x00, 0x00, 0x00, 0x00, 0x00, 0x00, 0x00, 0x00, 0x00, 0x00, 0x00, 0x00, 0x3C, 0x42,
    0x00, 0x00, 0x00, 0x00, 0x92, 0x54, 0x38, 0xFE, 0x38, 0x54, 0x92, 0x00, 0x00, 0x00, 0x00, 0x00,
    0x00, 0x00, 0x00, 0x00, 0x00, 0x00, 0x06, 0x06, 0x00, 0x60, 0x60, 0x00, 0x06, 0x06, 0x00, 0x00,
    0x00, 0x00, 0x00, 0x00, 0x00, 0x00, 0x00, 0x00, 0x33, 0x33, 0x66, 0x66, 0x44, 0x44, 0x88, 0x88,
    0x00, 0x00, 0x00, 0x00, 0x00, 0x00, 0x00, 0x00, 0x00, 0x00, 0x00, 0x00, 0x00, 0x00, 0x00, 0x00,
    0x00, 0x00, 0x00, 0x00, 0x00, 0x00, 0x18, 0x18, 0x00, 0x66, 0x66, 0x00, 0x18, 0x18, 0x00, 0x00,
    0x00, 0x00, 0x00, 0x00, 0x00, 0x00, 0x66, 0x66, 0x00, 0x18, 0x18, 0x00, 0x66, 0x66, 0x00, 0x00,
    0x00, 0x00, 0x00, 0x00, 0x18, 0x18, 0x00, 0x00, 0x00, 0x00, 0x00, 0x00, 0x18, 0x18, 0x00, 0x00,
    0x00, 0x00, 0x00, 0x18, 0x18, 0x00, 0x00, 0x00, 0x66, 0x66, 0x00, 0x00, 0x00, 0x18, 0x18, 0x00,
    0x00, 0x00, 0x00, 0x00, 0x00, 0x00, 0x54, 0x10, 0x7C, 0x10, 0x54, 0x00, 0x00, 0x00, 0x00, 0x00,
    0x00, 0x00, 0x00, 0x00, 0x18, 0x18, 0x00, 0x00, 0x18, 0x18, 0x00, 0x00, 0x18, 0x18, 0x00, 0x00,
    0x00, 0x00, 0x00, 0x00, 0x10, 0x00, 0x00, 0x10, 0x00, 0x00, 0x10, 0x00, 0x00, 0x10, 0x00, 0x00,
    0x00, 0x00, 0x00, 0x00, 0x00, 0x00, 0x00, 0x00, 0x00, 0x00, 0x00, 0x00, 0x00, 0x00, 0x00, 0x00,
    0xAA, 0xAA, 0x00, 0x01, 0x80, 0x00, 0x00, 0x01, 0x80, 0x00, 0x00, 0x01, 0xA2, 0x08, 0x22, 0x09,
    0xAA, 0x08, 0x36, 0x89, 0xA2, 0x70, 0x00, 0x01, 0x80, 0x00, 0x00, 0x01, 0x80, 0x00, 0x55, 0x55,
    0xAA, 0xAA, 0x00, 0x01, 0x8C, 0x00, 0x10, 0x01, 0x90, 0x88, 0x10, 0x89, 0x91, 0x04, 0x11, 0x05,
    0x91, 0x04, 0x7D, 0x05, 0x91, 0x04, 0x11, 0x05, 0x90, 0x88, 0x60, 0x89, 0x80, 0x00, 0x55, 0x55,
    0xAA, 0xAA, 0x00, 0x01, 0x80, 0x00, 0x00, 0x01, 0x80, 0x00, 0x00, 0x01, 0x80, 0x00, 0x04, 0x21,
    0x82, 0x40, 0x01, 0x81, 0x82, 0x40, 0x04, 0x21, 0x80, 0x00, 0x00, 0x01, 0x80, 0x00, 0x55, 0x55,
    0xAA, 0xAA, 0x00, 0x01, 0x80, 0x00, 0x00, 0x01, 0x80, 0x00, 0x00, 0x01, 0x80, 0x00, 0x00, 0x01,
    0x80, 0x00, 0x00, 0x01, 0x80, 0x00, 0x18, 0x01, 0x88, 0x00, 0x08, 0x01, 0x90, 0x00, 0x55, 0x55,
    0xAA, 0xAA, 0x00, 0x01, 0x80, 0x00, 0x00, 0x01, 0x80, 0x00, 0x01, 0x01, 0x81, 0x00, 0x01, 0x01,
    0x8F, 0xE0, 0x01, 0x01, 0x81, 0x00, 0x01, 0x01, 0x81, 0x00, 0x00, 0x01, 0x80, 0x00, 0x55, 0x55,
    0x00, 0x00, 0x7F, 0xFE, 0x61, 0xCE, 0x7D, 0xB6, 0x61, 0xB6, 0x6F, 0xB6, 0x61, 0xCE, 0x7F, 0xFE,
    0x7F, 0xFE, 0x73, 0x86, 0x6F, 0xBE, 0x63, 0x86, 0x6D, 0xF6, 0x73, 0x86, 0x7F, 0xFE, 0x00, 0x00,
    0xAA, 0xAA, 0x00, 0x01, 0x80, 0x00, 0x00, 0x01, 0xA3, 0x9C, 0x22, 0x49, 0xA3, 0x88, 0x22, 0x89,
    0xBA, 0x5C, 0x00, 0x01, 0x80, 0x00, 0x00, 0x01, 0x80, 0x00, 0x00, 0x01, 0x80, 0x00, 0x55, 0x55,
    0xAA, 0xAA, 0x00, 0x01, 0x80, 0x00, 0x00, 0x01, 0xB9, 0x1C, 0x25, 0x09, 0xB9, 0x08, 0x29, 0x09,
    0xA5, 0xDC, 0x00, 0x01, 0x80, 0x00, 0x00, 0x01, 0x80, 0x00, 0x00, 0x01, 0x80, 0x00, 0x55, 0x55,
    0xAA, 0xAA, 0x00, 0x01, 0x80, 0x00, 0x00, 0x01, 0xB9, 0xDC, 0x22, 0x09, 0xB9, 0x88, 0x20, 0x49,
    0xA3, 0x9C, 0x00, 0x01, 0x80, 0x00, 0x00, 0x01, 0x80, 0x00, 0x00, 0x01, 0x80, 0x00, 0x55, 0x55,
    0xAA, 0xAA, 0x00, 0x01, 0x80, 0x00, 0x00, 0x01, 0xF3, 0x9C, 0x4A, 0x49, 0xF2, 0x48, 0x42, 0x49,
    0xC3, 0x9C, 0x00, 0x01, 0x80, 0x00, 0x00, 0x01, 0x80, 0x00, 0x00, 0x01, 0x80, 0x00, 0x55, 0x55,
    0xAA, 0xAA, 0x00, 0x01, 0x80, 0x00, 0x07, 0xC1, 0x81, 0x00, 0x01, 0x01, 0x81, 0x00, 0x07, 0xC1,
    0x80, 0x00, 0x1E, 0x79, 0xA0, 0x80, 0x1C, 0x71, 0x82, 0x08, 0x3C, 0xF1, 0x80, 0x00, 0x55, 0x55,
    0xAA, 0xAA, 0x00, 0x01, 0x80, 0x00, 0x03, 0x81, 0x84, 0x40, 0x07, 0xC1, 0x84, 0x40, 0x04, 0x41,
    0x80, 0x00, 0x1E, 0x79, 0xA0, 0x80, 0x1C, 0x71, 0x82, 0x08, 0x3C, 0xF1, 0x80, 0x00, 0x55, 0x55,
    0xAA, 0xAA, 0x00, 0x01, 0x80, 0x00, 0x03, 0xE1, 0x80, 0x80, 0x00, 0x81, 0x80, 0x80, 0x03, 0xE1,
    0x80, 0x00, 0x39, 0xF6, 0xC5, 0x08, 0x7D, 0xE7, 0xC5, 0x01, 0x45, 0x0F, 0x80, 0x00, 0x55, 0x55,
    0xAA, 0xAA, 0x00, 0x01, 0x80, 0x00, 0x01, 0xC1, 0x82, 0x20, 0x03, 0xE1, 0x82, 0x20, 0x02, 0x21,
    0x80, 0x00, 0x39, 0xF6, 0xC5, 0x08, 0x7D, 0xE7, 0xC5, 0x01, 0x45, 0x0F, 0x80, 0x00, 0x55, 0x55,
    0xAA, 0xAA, 0x00, 0x01, 0x80, 0x00, 0x22, 0x71, 0xB2, 0x88, 0x2A, 0xF9, 0xA6, 0x88, 0x22, 0x89,
    0x80, 0x00, 0x3C, 0x79, 0xA2, 0x80, 0x22, 0x71, 0xA2, 0x08, 0x3C, 0xF1, 0x80, 0x00, 0x55, 0x55,
    0xAA, 0xAA, 0x00, 0x01, 0x80, 0x00, 0x22, 0x71, 0xB2, 0x88, 0x2A, 0x89, 0xA6, 0x88, 0x22, 0x71,
    0x80, 0x00, 0x3C, 0x79, 0xA2, 0x80, 0x22, 0x71, 0xA2, 0x08, 0x3C, 0xF1, 0x80, 0x00, 0x55, 0x55,
    0x00, 0x00, 0x00, 0x00, 0x3C, 0x40, 0x40, 0x5E, 0x50, 0x50, 0x3C, 0x10, 0x10, 0x1E, 0x00, 0x00,
    0x00, 0x00, 0x00, 0x00, 0x0A, 0x3E, 0x4A, 0x54, 0x54, 0x68, 0x68, 0x72, 0x5C, 0x10, 0x00, 0x00,
    0x00, 0x00, 0x00, 0x00, 0x1C, 0x22, 0x42, 0x40, 0x56, 0x58, 0x50, 0x50, 0x32, 0x1C, 0x00, 0x00,
    0x00, 0x00, 0x00, 0x00, 0x3F, 0x20, 0x20, 0x20, 0x3E, 0x20, 0x20, 0xFC, 0x20, 0x20, 0x00, 0x00,
    0x00, 0x00, 0x00, 0x00, 0x0E, 0x10, 0x10, 0x7E, 0x10, 0x7E, 0x10, 0x10, 0x3E, 0x61, 0x00, 0x00,
    0x00, 0x00, 0x00, 0x00, 0x01, 0x01, 0x76, 0x4D, 0x4D, 0x49, 0x49, 0x59, 0x69, 0x69, 0x00, 0x00,
    0x00, 0x00, 0x00, 0x00, 0x22, 0x22, 0x32, 0x7F, 0x2A, 0x7F, 0x26, 0x26, 0x22, 0x22, 0x00, 0x00,
    0x00, 0x00, 0x00, 0x00, 0x68, 0x58, 0x5F, 0x5C, 0x6C, 0x4A, 0x49, 0x49, 0x49, 0x4E, 0x00, 0x00,
    0x00, 0x00, 0x00, 0x00, 0x70, 0x48, 0x4B, 0x4C, 0x74, 0x54, 0x52, 0x49, 0x49, 0x4E, 0x00, 0x00,
    0x00, 0x00, 0x00, 0x00, 0x22, 0x22, 0x22, 0x22, 0x2A, 0x7F, 0x36, 0x36, 0x22, 0x22, 0x00, 0x00,
    0x00, 0x00, 0x00, 0x00, 0x00, 0x00, 0xF2, 0x8A, 0xAA, 0xAA, 0xAA, 0xAA, 0xA2, 0xBC, 0x00, 0x00,
    0x00, 0x00, 0x00, 0x02, 0x0F, 0x02, 0x3A, 0x46, 0x42, 0x42, 0x42, 0x42, 0x46, 0x3A, 0x00, 0x7E,
    0x00, 0x00, 0x00, 0x00, 0x0C, 0x12, 0x20, 0x7C, 0x20, 0x7C, 0x20, 0x20, 0x12, 0x0C, 0x00, 0x00,
    0x00, 0x00, 0x00, 0x00, 0x42, 0x44, 0x48, 0x50, 0x60, 0xFE, 0x50, 0x48, 0x44, 0x42, 0x00, 0x00,
    0x00, 0x00, 0x00, 0x00, 0x7F, 0x08, 0x08, 0x0E, 0x38, 0x0E, 0x38, 0x08, 0x08, 0x08, 0x00, 0x00,
    0x00, 0x00, 0x00, 0x00, 0x70, 0x48, 0x48, 0x48, 0x48, 0x4E, 0x4D, 0x4D, 0x4E, 0x74, 0x04, 0x04,
    0x00, 0x00, 0x00, 0x00, 0x38, 0x44, 0x44, 0x44, 0x28, 0x18, 0x54, 0x64, 0x62, 0x42, 0x04, 0x08,
    0x00, 0x00, 0x7C, 0x42, 0xFF, 0x42, 0xFF, 0x42, 0x7C, 0x40, 0x40, 0x40, 0x40, 0x40, 0x00, 0x00,
    0x00, 0x00, 0x10, 0x10, 0x3C, 0x52, 0x52, 0x50, 0x50, 0x56, 0x52, 0x52, 0x56, 0x3A, 0x10, 0x10,
    0x00, 0x00, 0x00, 0x00, 0x18, 0x24, 0x24, 0xFF, 0x42, 0xFF, 0x42, 0x42, 0x42, 0x42, 0x00, 0x00,
    0x00, 0x00, 0x00, 0x00, 0x3C, 0x42, 0x02, 0x02, 0xFF, 0x30, 0xFF, 0x40, 0x42, 0x3C, 0x00, 0x00,
    0x00, 0x00, 0x10, 0x10, 0x3C, 0x52, 0x52, 0x50, 0x50, 0x50, 0x50, 0x52, 0x52, 0x3C, 0x10, 0x10,
    0x00, 0x00, 0x00, 0x00, 0x28, 0x28, 0x28, 0x7E, 0x28, 0x28, 0x28, 0x28, 0x29, 0x26, 0x00, 0x00,
    0x00, 0x00, 0x00, 0x00, 0x3C, 0x42, 0x42, 0x20, 0x18, 0x04, 0x52, 0xAA, 0xAA, 0xFC, 0xA8, 0xA8,
    0x00, 0x00, 0x00, 0x00, 0x00, 0x00, 0xFE, 0x00, 0xFE, 0x10, 0x10, 0x10, 0x10, 0x10, 0x00, 0x00,
    0x00, 0x00, 0x00, 0x00, 0x00, 0x00, 0x0F, 0xF0, 0x01, 0x80, 0x00, 0x40, 0x0F, 0xF0, 0x00, 0x40,
    0x00, 0x80, 0x0F, 0x00, 0x04, 0x00, 0x02, 0x00, 0x01, 0x00, 0x00, 0x80, 0x00, 0x40, 0x00, 0x00,
    0x00, 0x00, 0x00, 0x20, 0x20, 0x28, 0x30, 0x60, 0xA8, 0x30, 0x62, 0xA2, 0x24, 0x38, 0x00, 0x00,
    0x00, 0x00, 0x00, 0x00, 0x40, 0xA0, 0xFC, 0x22, 0x42, 0x54, 0xE8, 0x40, 0x44, 0x38, 0x00, 0x00,
    0x00, 0x00, 0x00, 0x00, 0x00, 0x00, 0x00, 0x10, 0x10, 0x38, 0x54, 0x54, 0x54, 0x54, 0x00, 0x00,
    0x00, 0x00, 0x00, 0x00, 0x3C, 0x22, 0x22, 0x22, 0x7C, 0x20, 0x7C, 0x20, 0x20, 0x20, 0x00, 0x00,
    0x00, 0x00, 0x28, 0x7C, 0xAA, 0xAA, 0xAA, 0x80, 0x80, 0x80, 0x80, 0x40, 0x20, 0xFE, 0x00, 0x00,
    0x00, 0x00, 0x28, 0x28, 0xFC, 0x42, 0x42, 0x42, 0x7C, 0x42, 0x42, 0x42, 0x42, 0xFC, 0x28, 0x28,
    0x00, 0x00, 0x00, 0x00, 0x3C, 0x42, 0x42, 0x40, 0x40, 0x42, 0x42, 0x3C, 0x00, 0x7E, 0x00, 0x00,
    0x00, 0x00, 0x00, 0x00, 0x10, 0x14, 0x14, 0x14, 0x17, 0x1C, 0x77, 0x10, 0xE3, 0x0C, 0x00, 0x00,
    0x00, 0x00, 0x7F, 0xFE, 0x61, 0xCE, 0x7D, 0xB6, 0x61, 0xB6, 0x6F, 0xB6, 0x61, 0xCE, 0x7F, 0xFE,
    0x7F, 0xFE, 0x71, 0x86, 0x6F, 0xF6, 0x6F, 0x86, 0x6F, 0xBE, 0x71, 0x86, 0x7F, 0xFE, 0x00, 0x00,
    0x00, 0x00, 0x7F, 0xFE, 0x61, 0xCE, 0x7D, 0xB6, 0x61, 0xB6, 0x6F, 0xB6, 0x61, 0xCE, 0x7F, 0xFE,
    0x7F, 0xFE, 0x71, 0x8E, 0x6F, 0xF6, 0x6F, 0xC6, 0x6F, 0xF6, 0x71, 0x8E, 0x7F, 0xFE, 0x00, 0x00,
    0x00, 0x00, 0x7F, 0xFE, 0x61, 0xCE, 0x7D, 0xB6, 0x61, 0xB6, 0x6F, 0xB6, 0x61, 0xCE, 0x7F, 0xFE,
    0x7F, 0xFE, 0x71, 0xB6, 0x6F, 0xB6, 0x6F, 0x86, 0x6F, 0xF6, 0x71, 0xF6, 0x7F, 0xFE, 0x00, 0x00,
    0x00, 0x00, 0x7F, 0xFE, 0x61, 0xCE, 0x7D, 0xB6, 0x61, 0xB6, 0x6F, 0xB6, 0x61, 0xCE, 0x7F, 0xFE,
    0x7F, 0xFE, 0x71, 0x86, 0x6F, 0xBE, 0x6F, 0x86, 0x6F, 0xF6, 0x71, 0x86, 0x7F, 0xFE, 0x00, 0x00,
    0x00, 0x00, 0x7F, 0xFE, 0x61, 0xCE, 0x7D, 0xB6, 0x61, 0xB6, 0x6F, 0xB6, 0x61, 0xCE, 0x7F, 0xFE,
    0x7F, 0xFE, 0x71, 0xCE, 0x6F, 0xBE, 0x6F, 0x8E, 0x6F, 0xB6, 0x71, 0xCE, 0x7F, 0xFE, 0x00, 0x00,
    0x00, 0x00, 0x7F, 0xFE, 0x61, 0xCE, 0x7D, 0xB6, 0x61, 0xB6, 0x6F, 0xB6, 0x61, 0xCE, 0x7F, 0xFE,
    0x7F, 0xFE, 0x71, 0x86, 0x6F, 0xF6, 0x6F, 0xEE, 0x6F, 0xDE, 0x71, 0xDE, 0x7F, 0xFE, 0x00, 0x00,
    0x00, 0x00, 0x7F, 0xFE, 0x61, 0xCE, 0x7D, 0xB6, 0x61, 0xB6, 0x6F, 0xB6, 0x61, 0xCE, 0x7F, 0xFE,
    0x7F, 0xFE, 0x71, 0xCE, 0x6F, 0xB6, 0x6F, 0xCE, 0x6F, 0xB6, 0x71, 0xCE, 0x7F, 0xFE, 0x00, 0x00,
    0x00, 0x00, 0x7F, 0xFE, 0x61, 0xCE, 0x7D, 0xB6, 0x61, 0xB6, 0x6F, 0xB6, 0x61, 0xCE, 0x7F, 0xFE,
    0x7F, 0xFE, 0x71, 0xCE, 0x6F, 0xB6, 0x6F, 0xC6, 0x6F, 0xF6, 0x71, 0xCE, 0x7F, 0xFE, 0x00, 0x00,
    0x00, 0x00, 0x7F, 0xFE, 0x61, 0xCE, 0x7D, 0xB6, 0x61, 0xB6, 0x6F, 0xB6, 0x61, 0xCE, 0x7F, 0xFE,
    0x7F, 0xFE, 0x71, 0x86, 0x6F, 0xB6, 0x6F, 0x86, 0x6F, 0xB6, 0x71, 0xB6, 0x7F, 0xFE, 0x00, 0x00,
    0x00, 0x00, 0x7F, 0xFE, 0x61, 0xCE, 0x7D, 0xB6, 0x61, 0xB6, 0x6F, 0xB6, 0x61, 0xCE, 0x7F, 0xFE,
    0x7F, 0xFE, 0x71, 0x8E, 0x6F, 0xB6, 0x6F, 0x8E, 0x6F, 0xB6, 0x71, 0x8E, 0x7F, 0xFE, 0x00, 0x00,
    0x00, 0x00, 0x7F, 0xFE, 0x61, 0xCE, 0x7D, 0xB6, 0x61, 0xB6, 0x6F, 0xB6, 0x61, 0xCE, 0x7F, 0xFE,
    0x7F, 0xFE, 0x71, 0xC6, 0x6F, 0xBE, 0x6F, 0xBE, 0x6F, 0xBE, 0x71, 0xC6, 0x7F, 0xFE, 0x00, 0x00,
    0x00, 0x00, 0x7F, 0xFE, 0x61, 0xCE, 0x7D, 0xB6, 0x61, 0xB6, 0x6F, 0xB6, 0x61, 0xCE, 0x7F, 0xFE,
    0x7F, 0xFE, 0x71, 0x8E, 0x6F, 0xB6, 0x6F, 0xB6, 0x6F, 0xB6, 0x71, 0x8E, 0x7F, 0xFE, 0x00, 0x00,
    0x00, 0x00, 0x7F, 0xFE, 0x61, 0xCE, 0x7D, 0xB6, 0x61, 0xB6, 0x6F, 0xB6, 0x61, 0xCE, 0x7F, 0xFE,
    0x7F, 0xFE, 0x71, 0x86, 0x6F, 0xBE, 0x6F, 0x8E, 0x6F, 0xBE, 0x71, 0x86, 0x7F, 0xFE, 0x00, 0x00,
    0x00, 0x00, 0x7F, 0xFE, 0x61, 0xCE, 0x7D, 0xB6, 0x61, 0xB6, 0x6F, 0xB6, 0x61, 0xCE, 0x7F, 0xFE,
    0x7F, 0xFE, 0x71, 0x86, 0x6F, 0xBE, 0x6F, 0x8E, 0x6F, 0xBE, 0x71, 0xBE, 0x7F, 0xFE, 0x00, 0x00,
    0x00, 0x00, 0x00, 0x00, 0x00, 0x30, 0x51, 0x52, 0x34, 0x08, 0x13, 0x24, 0x44, 0x03, 0x00, 0x00,
    0x00, 0x00, 0x00, 0x00, 0x00, 0x30, 0x51, 0x52, 0x34, 0x0B, 0x14, 0x22, 0x41, 0x06, 0x00, 0x00,
    0x00, 0x00, 0x00, 0x00, 0x1E, 0x31, 0x50, 0x50, 0x50, 0x50, 0x50, 0x50, 0x31, 0x1E, 0x00, 0x00,
    0x40, 0xA0, 0xA0, 0x40, 0x3C, 0x42, 0x42, 0x40, 0x40, 0x40, 0x40, 0x42, 0x42, 0x3C, 0x00, 0x00,
    0x00, 0x00, 0x00, 0x00, 0x10, 0x10, 0x3C, 0x50, 0x50, 0x50, 0x50, 0x3C, 0x10, 0x1E, 0x00, 0x00,
    0x00, 0x00, 0x00, 0x00, 0x00, 0x30, 0x41, 0x42, 0x34, 0x08, 0x16, 0x29, 0x49, 0x06, 0x00, 0x00,
    0x00, 0x00, 0x00, 0x00, 0x00, 0x30, 0x41, 0x42, 0x34, 0x08, 0x10, 0x29, 0x49, 0x06, 0x00, 0x00,
    0x00, 0x00, 0x00, 0x00, 0x3E, 0x42, 0x40, 0x40, 0x38, 0x40, 0x40, 0x42, 0x42, 0x3C, 0x00, 0x00,
    0x00, 0x00, 0x00, 0x00, 0x7C, 0x42, 0x02, 0x12, 0x1E, 0x12, 0x02, 0x02, 0x42, 0x3C, 0x00, 0x00,
    0x40, 0xA0, 0xA0, 0x40, 0x7E, 0x40, 0x40, 0x40, 0x7C, 0x40, 0x40, 0x40, 0x40, 0x40, 0x00, 0x00,
    0x00, 0x00, 0x00, 0x00, 0x00, 0x00, 0x00, 0x00, 0x00, 0x00, 0x00, 0x00, 0x03, 0xB0, 0x06, 0x60,
    0x1C, 0xC0, 0x0D, 0xC0, 0x06, 0xC0, 0x00, 0xE0, 0x03, 0x80, 0x0D, 0x80, 0x11, 0x00, 0x0E, 0x00,
    0x00, 0x00, 0x00, 0x00, 0x00, 0x00, 0x00, 0x00, 0x1A, 0x30, 0x26, 0x68, 0x2E, 0x68, 0x16, 0x70,
    0x07, 0xE0, 0x0E, 0x60, 0x16, 0x60, 0x26, 0x60, 0x24, 0x68, 0x18, 0x30, 0x00, 0x00, 0x00, 0x00,
    0x00, 0x00, 0x18, 0xB6, 0x60, 0x68, 0x74, 0x36, 0x66, 0x66, 0x66, 0x66, 0xE6, 0x06, 0x34, 0x08,
    0x00, 0x00, 0x00, 0x00, 0x71, 0x51, 0x51, 0x51, 0x5F, 0x51, 0x51, 0x51, 0x51, 0x71, 0x00, 0x00,
    0x00, 0x00, 0x00, 0x04, 0x08, 0x08, 0x0E, 0x19, 0x11, 0x11, 0x22, 0x22, 0x22, 0x44, 0x00, 0x00,
    0x00, 0x00, 0x00, 0x05, 0x0E, 0x38, 0x4E, 0x19, 0x11, 0x11, 0x22, 0x22, 0x22, 0x44, 0x00, 0x00,
    0x00, 0x00, 0x00, 0x00, 0x00, 0x00, 0x00, 0x04, 0x00, 0x78, 0x00, 0x90, 0x01, 0x30, 0x01, 0x28,
    0x00, 0xF0, 0x00, 0x40, 0x00, 0xC0, 0x00, 0x80, 0x09, 0x80, 0x11, 0x00, 0x12, 0x00, 0x0C, 0x00,
    0x00, 0x00, 0x00, 0x00, 0x39, 0x7F, 0xC6, 0x80, 0x66, 0x08, 0x6C, 0xA6, 0x66, 0x3C, 0x00, 0x00,
    0x00, 0x00, 0x00, 0x00, 0x00, 0x00, 0x06, 0x18, 0x09, 0x34, 0x08, 0x64, 0x04, 0x68, 0x03, 0xF0,
    0x00, 0xC0, 0x00, 0xC0, 0x1D, 0x88, 0x23, 0x08, 0x26, 0x90, 0x1C, 0x60, 0x00, 0x00, 0x00, 0x00,
    0x00, 0x00, 0x00, 0x18, 0x24, 0x24, 0x24, 0x28, 0x30, 0x60, 0x20, 0x20, 0x22, 0x1C, 0x00, 0x00,
    0x00, 0x00, 0x00, 0x00, 0x48, 0x48, 0xFE, 0x48, 0x4A, 0x4D, 0x49, 0x49, 0x49, 0x36, 0x00, 0x00,
    0x00, 0x00, 0x00, 0x00, 0x71, 0x51, 0x59, 0x59, 0x55, 0x55, 0x53, 0x53, 0x51, 0x71, 0x00, 0x00,
    0x00, 0x00, 0x00, 0x00, 0x92, 0x95, 0x95, 0xD2, 0xD0, 0xB7, 0xB0, 0x90, 0x90, 0x90, 0x00, 0x00,
    0x00, 0x00, 0x00, 0x00, 0x3C, 0x42, 0xB9, 0xA5, 0xA5, 0xB9, 0xA1, 0xA1, 0x42, 0x3C, 0x00, 0x00,
    0x00, 0x00, 0x00, 0x00, 0x00, 0x00, 0x20, 0x4C, 0x52, 0x22, 0x22, 0x2A, 0x54, 0x50, 0x50, 0x20,
    0x00, 0x00, 0x00, 0x00, 0x7C, 0x52, 0x52, 0x52, 0x52, 0x5C, 0x50, 0x50, 0x50, 0x70, 0x00, 0x00,
    0x00, 0x00, 0x00, 0x00, 0x1C, 0x32, 0x51, 0x51, 0x51, 0x51, 0x51, 0x51, 0x36, 0x1E, 0x01, 0x00,
    0x00, 0x00, 0x00, 0x00, 0x00, 0x00, 0x00, 0x00, 0x07, 0x70, 0x18, 0xE8, 0x20, 0xC4, 0x24, 0xC4,
    0x18, 0xC8, 0x00, 0xF0, 0x01, 0xA0, 0x31, 0xA2, 0x23, 0x24, 0x1E, 0x18, 0x00, 0x00, 0x00, 0x00,
    0x00, 0x00, 0x00, 0x00, 0x44, 0x6E, 0xB2, 0x33, 0x36, 0x3C, 0x36, 0x36, 0xA2, 0xC3, 0x00, 0x00,
    0x00, 0x00, 0x00, 0x00, 0x7E, 0x51, 0x51, 0x51, 0x51, 0x5E, 0x58, 0x54, 0x52, 0x71, 0x00, 0x00,
    0x00, 0x00, 0x00, 0x00, 0x7C, 0x42, 0x42, 0x42, 0x7C, 0x50, 0x4A, 0x44, 0x4A, 0x50, 0x00, 0x00,
    0x00, 0x00, 0x38, 0x08, 0x7C, 0x4A, 0x4A, 0x4A, 0x7C, 0x68, 0x58, 0x48, 0x4C, 0x4A, 0x08, 0x00,
    0x00, 0x00, 0x00, 0x00, 0x71, 0x9B, 0x55, 0x31, 0xD1, 0x00, 0x00, 0x00, 0x00, 0x00, 0x00, 0x00,
    0x00, 0x00, 0x00, 0x00, 0xFE, 0x52, 0x5A, 0x52, 0x5F, 0x00, 0x00, 0x00, 0x00, 0x00, 0x00, 0x00,
    0x00, 0x00, 0x00, 0x00, 0xF1, 0x5B, 0x55, 0x51, 0x51, 0x00, 0x00, 0x00, 0x00, 0x00, 0x00, 0x00,
    0x00, 0x00, 0x30, 0x0C, 0x85, 0x89, 0x4A, 0x52, 0x54, 0x24, 0x28, 0x78, 0x50, 0x80, 0x00, 0x00,
    0x00, 0x00, 0x00, 0x00, 0x7E, 0x0A, 0x0A, 0x12, 0x14, 0x24, 0x28, 0x48, 0x50, 0x7E, 0x00, 0x00,
    0x00, 0x00, 0x00, 0x00, 0x3C, 0x08, 0x10, 0x3E, 0x04, 0x08, 0x18, 0x04, 0x02, 0x42, 0x3C, 0x00,
    0x00, 0x00, 0x00, 0x00, 0x3E, 0x41, 0x41, 0x41, 0x41, 0x41, 0x22, 0x14, 0x14, 0x77, 0x00, 0x00,
    0x00, 0x00, 0x00, 0x00, 0x77, 0x14, 0x14, 0x22, 0x41, 0x41, 0x41, 0x41, 0x41, 0x3E, 0x00, 0x00,
    0x00, 0x00, 0x00, 0x00, 0x3C, 0x46, 0x46, 0x06, 0x08, 0x1E, 0x02, 0x06, 0x66, 0xA6, 0x66, 0x3C,
    0x00, 0x00, 0x00, 0x00, 0x00, 0x00, 0x30, 0x08, 0x08, 0x08, 0x08, 0x08, 0x08, 0x0C, 0x00, 0x00,
    0x00, 0x00, 0x00, 0x00, 0x42, 0x44, 0x48, 0x50, 0x60, 0x60, 0x50, 0x48, 0x44, 0x42, 0x00, 0x00,
    0x18, 0x24, 0x18, 0x00, 0x18, 0x24, 0x24, 0x42, 0x42, 0x7E, 0x42, 0x42, 0x42, 0x42, 0x00, 0x00,
    0x00, 0x00, 0x00, 0x00, 0x00, 0x00, 0x07, 0x30, 0x09, 0xC8, 0x10, 0xC8, 0x12, 0xC8, 0x0C, 0xC8,
    0x00, 0xF0, 0x01, 0x90, 0x11, 0x88, 0x23, 0x08, 0x26, 0x98, 0x1C, 0x70, 0x00, 0x00, 0x00, 0x00,
    0x00, 0x00, 0x00, 0x00, 0x16, 0x24, 0x68, 0x68, 0x66, 0x66, 0x64, 0x68, 0x22, 0x1C, 0x00, 0x00,
    0x00, 0x00, 0x00, 0x00, 0x00, 0x1C, 0x22, 0x63, 0x63, 0x7F, 0x60, 0x60, 0x22, 0x1C, 0x00, 0x00,
    0x00, 0x00, 0x00, 0x00, 0x00, 0x00, 0x0C, 0x12, 0x32, 0x64, 0x78, 0x61, 0x66, 0x38, 0x00, 0x00,
    0x00, 0x00, 0x00, 0x00, 0x00, 0x00, 0x00, 0x60, 0x0C, 0x90, 0x11, 0x90, 0x11, 0xE0, 0x0F, 0x80,
    0x03, 0xC0, 0x06, 0x00, 0x0C, 0xC0, 0x0D, 0x20, 0x04, 0x20, 0x03, 0xC0, 0x00, 0x00, 0x00, 0x00,
    0x00, 0x00, 0x00, 0x00, 0x00, 0x00, 0x0E, 0x1C, 0x11, 0xE0, 0x10, 0xC0, 0x0C, 0xC0, 0x00, 0xC0,
    0x01, 0xF0, 0x00, 0xC8, 0x19, 0x80, 0x21, 0x80, 0x23, 0x00, 0x1E, 0x00, 0x00, 0x00, 0x00, 0x00,
    0x00, 0x00, 0x00, 0x00, 0x02, 0x02, 0x02, 0x02, 0x02, 0x3E, 0x02, 0x02, 0x02, 0x7E, 0x00, 0x00,
    0x00, 0x00, 0x00, 0x00, 0x00, 0x00, 0x01, 0xCE, 0x02, 0xD6, 0x02, 0xD6, 0x06, 0x94, 0x05, 0xAC,
    0x0D, 0xAC, 0x09, 0x48, 0x1B, 0x58, 0x13, 0x59, 0xA3, 0x9A, 0xC1, 0x8C, 0x00, 0x00, 0x00, 0x00,
    0x00, 0x00, 0x00, 0x00, 0x00, 0x00, 0x00, 0x00, 0x00, 0x00, 0x00, 0x00, 0x00, 0x70, 0x00, 0xA8,
    0x01, 0xA8, 0x03, 0x18, 0x0F, 0x16, 0x03, 0x10, 0x03, 0x20, 0x01, 0xC0, 0x00, 0x00, 0x00, 0x00,
    0x00, 0x00, 0x00, 0x00, 0x00, 0x00, 0x44, 0x46, 0x22, 0x14, 0x28, 0x64, 0x72, 0x62, 0x00, 0x00,
    0x00, 0x00, 0x00, 0x00, 0x00, 0x10, 0x3E, 0x02, 0x02, 0x02, 0x02, 0x02, 0x3F, 0x7E, 0x00, 0x00,
    0x00, 0x00, 0x00, 0x00, 0x00, 0x40, 0x3C, 0x1E, 0x02, 0x02, 0x02, 0x0E, 0x32, 0x32, 0x00, 0x00,
    0x00, 0x00, 0x00, 0x00, 0x00, 0x40, 0x3E, 0x1F, 0x02, 0x02, 0x02, 0x02, 0x03, 0x02, 0x00, 0x00,
    0x00, 0x00, 0x00, 0x00, 0x18, 0x18, 0x00, 0x38, 0x18, 0x18, 0x18, 0x18, 0x7E, 0x00, 0x00, 0x00,
    0x00, 0x00, 0x00, 0x00, 0x00, 0x00, 0x00, 0x00, 0x00, 0x00, 0x00, 0x00, 0x00, 0x00, 0x00, 0x08,
    0x1F, 0xE8, 0x20, 0x30, 0x20, 0x50, 0x20, 0x50, 0x20, 0x30, 0x1F, 0xE0, 0x00, 0x00, 0x00, 0x00,
    0x00, 0x00, 0x00, 0x00, 0x00, 0x00, 0x00, 0x00, 0x7C, 0x00, 0x40, 0x00, 0x40, 0x00, 0x40, 0x00,
    0x72, 0x22, 0x45, 0x14, 0x48, 0x88, 0x4F, 0x88, 0x48, 0x94, 0x48, 0xA2, 0x00, 0x00, 0x00, 0x00,
    0x00, 0x00, 0x00, 0x00, 0x00, 0x00, 0x00, 0x00, 0x00, 0x00, 0x00, 0x00, 0x1F, 0xF8, 0x0A, 0x50,
    0x0A, 0x50, 0x0A, 0x50, 0x0A, 0x50, 0x0A, 0x48, 0x0A, 0x24, 0x0E, 0x1C, 0x00, 0x00, 0x00, 0x00,
    0x00, 0x00, 0x00, 0x00, 0x00, 0x00, 0x00, 0x00, 0x00, 0x00, 0x00, 0x00, 0x0C, 0x38, 0x12, 0x28,
    0x09, 0x28, 0x09, 0x50, 0x05, 0xA0, 0x04, 0x40, 0x08, 0x80, 0x09, 0x00, 0x12, 0x00, 0x1C, 0x00,
    0x00, 0x00, 0x00, 0x00, 0x7F, 0x55, 0x53, 0x51, 0x50, 0x50, 0x50, 0x50, 0x50, 0x70, 0x00, 0x00,
    0x00, 0x00, 0x00, 0x00, 0x00, 0x00, 0x00, 0x00, 0x3F, 0xF8, 0x14, 0x50, 0x14, 0x50, 0x14, 0x50,
    0x14, 0x50, 0x14, 0x50, 0x14, 0x50, 0x14, 0x50, 0x14, 0x50, 0x1C, 0x70, 0x00, 0x00, 0x00, 0x00,
    0x00, 0x00, 0x00, 0x00, 0x00, 0x00, 0x00, 0x00, 0x1F, 0xF8, 0x12, 0x28, 0x09, 0x18, 0x04, 0x88,
    0x02, 0x40, 0x02, 0x40, 0x04, 0x80, 0x09, 0x08, 0x12, 0x18, 0x14, 0x28, 0x1F, 0xF8, 0x00, 0x00,
    0x00, 0x00, 0x00, 0x00, 0x5C, 0x62, 0x42, 0x42, 0x72, 0x02, 0x02, 0x02, 0x42, 0x3C, 0x00, 0x00,
    0x00, 0x00, 0x00, 0x00, 0x7E, 0x02, 0x02, 0x02, 0x02, 0x02, 0x02, 0x02, 0x02, 0x02, 0x00, 0x00,
    0x00, 0x00, 0x00, 0x00, 0x02, 0x02, 0x02, 0x02, 0x02, 0x02, 0x02, 0x02, 0x02, 0x7E, 0x00, 0x00,
    0x00, 0x00, 0x00, 0x00, 0x08, 0x08, 0x08, 0x08, 0x08, 0x14, 0x22, 0x22, 0x41, 0x41, 0x00, 0x00,
    0x00, 0x00, 0x00, 0x00, 0x00, 0x00, 0x00, 0x00, 0x07, 0xE0, 0x05, 0x30, 0x05, 0x28, 0x09, 0x28,
    0x0A, 0x28, 0x0A, 0x48, 0x12, 0x50, 0x14, 0x50, 0x14, 0x60, 0x1F, 0xC0, 0x00, 0x00, 0x00, 0x00,
    0x00, 0x00, 0x00, 0x00, 0x00, 0x00, 0x00, 0x00, 0x00, 0x38, 0x00, 0x28, 0x00, 0x28, 0x00, 0x48,
    0x07, 0xD0, 0x0A, 0x50, 0x12, 0x90, 0x14, 0xA0, 0x14, 0xA0, 0x0F, 0xE0, 0x00, 0x00, 0x00, 0x00,
    0x00, 0x00, 0x00, 0x00, 0x00, 0x00, 0x00, 0x00, 0x00, 0x00, 0x00, 0x00, 0x03, 0xE0, 0x05, 0x10,
    0x09, 0x10, 0x13, 0xF0, 0x14, 0x00, 0x14, 0x00, 0x14, 0x20, 0x0F, 0xC0, 0x00, 0x00, 0x00, 0x00,
    0x00, 0x00, 0x00, 0x00, 0x00, 0x00, 0x00, 0x20, 0x00, 0x40, 0x00, 0x00, 0x00, 0xE0, 0x01, 0x40,
    0x01, 0x40, 0x01, 0x40, 0x02, 0x80, 0x02, 0x80, 0x02, 0x80, 0x0F, 0xE0, 0x00, 0x00, 0x00, 0x00,
    0x00, 0x00, 0x00, 0x00, 0x00, 0x00, 0x00, 0x08, 0x00, 0x10, 0x00, 0x00, 0x00, 0x38, 0x00, 0x50,
    0x00, 0x50, 0x00, 0x50, 0x00, 0xA0, 0x00, 0xA0, 0x00, 0xA0, 0x00, 0xA0, 0x08, 0xC0, 0x07, 0x00,
    0x00, 0x00, 0x10, 0x10, 0x7C, 0x52, 0x52, 0x52, 0x52, 0x5C, 0x10, 0x10, 0x10, 0x1E, 0x00, 0x00,
    0x00, 0x00, 0x00, 0x00, 0x4E, 0x31, 0x21, 0x51, 0x4A, 0x0C, 0x14, 0x22, 0x22, 0x1C, 0x00, 0x00,
    0x00, 0x00, 0x00, 0x00, 0x00, 0x00, 0x00, 0x00, 0x34, 0xC0, 0x4D, 0x20, 0x25, 0x20, 0x05, 0x20,
    0x1F, 0xF8, 0x25, 0x24, 0x1F, 0xC4, 0x05, 0x08, 0x05, 0x00, 0x02, 0x00, 0x00, 0x00, 0x00, 0x00,
    0x00, 0x00, 0x00, 0x00, 0x42, 0xA2, 0xE4, 0xA8, 0x08, 0x13, 0x14, 0x22, 0x41, 0x46, 0x00, 0x00,
    0x00, 0x00, 0x00, 0x00, 0x00, 0x00, 0x00, 0x04, 0x04, 0x04, 0x3C, 0x04, 0x04, 0x7C, 0x00, 0x00,
    0x00, 0x00, 0x00, 0x00, 0x00, 0x00, 0x00, 0x00, 0x00, 0x00, 0x00, 0x00, 0x00, 0x00, 0x00, 0x00,
    0x11, 0x10, 0x2A, 0xA8, 0x2A, 0xA8, 0x2A, 0xA8, 0x11, 0x10, 0x6E, 0xEC, 0x00, 0x00, 0x00, 0x00,
    0x00, 0x00, 0x00, 0x00, 0x00, 0x00, 0x00, 0x10, 0x20, 0x7F, 0x20, 0x10, 0x00, 0x00, 0x00, 0x00,
    0x00, 0x00, 0x08, 0x1C, 0x2A, 0x08, 0x08, 0x08, 0x08, 0x08, 0x08, 0x08, 0x08, 0x08, 0x08, 0x08,
    0x00, 0x00, 0x00, 0x00, 0x00, 0x00, 0x00, 0x08, 0x04, 0xFE, 0x04, 0x08, 0x00, 0x00, 0x00, 0x00,
    0x08, 0x08, 0x08, 0x08, 0x08, 0x08, 0x08, 0x08, 0x08, 0x08, 0x08, 0x2A, 0x1C, 0x08, 0x00, 0x00,
    0x00, 0x00, 0x00, 0x00, 0x00, 0x00, 0x00, 0x24, 0x42, 0xFF, 0x42, 0x24, 0x00, 0x00, 0x00, 0x00,
    0x00, 0x00, 0x08, 0x1C, 0x2A, 0x08, 0x08, 0x08, 0x08, 0x08, 0x08, 0x2A, 0x1C, 0x08, 0x00, 0x00,
    0x00, 0x00, 0x00, 0x00, 0x00, 0x78, 0x60, 0x50, 0x48, 0x04, 0x02, 0x00, 0x00, 0x00, 0x00, 0x00,
    0x00, 0x00, 0x00, 0x00, 0x00, 0x1E, 0x06, 0x0A, 0x12, 0x20, 0x40, 0x00, 0x00, 0x00, 0x00, 0x00,
    0x00, 0x00, 0x00, 0x00, 0x00, 0x40, 0x20, 0x12, 0x0A, 0x06, 0x1E, 0x00, 0x00, 0x00, 0x00, 0x00,
    0x00, 0x00, 0x00, 0x00, 0x00, 0x00, 0x02, 0x04, 0x48, 0x50, 0x60, 0x78, 0x00, 0x00, 0x00, 0x00,
    0x00, 0x00, 0x00, 0x00, 0x00, 0x04, 0x04, 0x14, 0x24, 0x7F, 0x24, 0x14, 0x04, 0x04, 0x00, 0x00,
    0x00, 0x00, 0x00, 0x00, 0x00, 0x20, 0x20, 0x28, 0x24, 0xFE, 0x24, 0x28, 0x20, 0x20, 0x00, 0x00,
    0x00, 0x00, 0x00, 0x00, 0x00, 0x00, 0x00, 0x00, 0x00, 0x00, 0x00, 0x00, 0x38, 0x00, 0x30, 0x1C,
    0x28, 0x22, 0x04, 0x41, 0x03, 0x80, 0x00, 0x00, 0x00, 0x00, 0x00, 0x00, 0x00, 0x00, 0x00, 0x00,
    0x00, 0x00, 0x00, 0x00, 0x00, 0x00, 0x00, 0x00, 0x00, 0x00, 0x00, 0x00, 0x00, 0x1C, 0x38, 0x0C,
    0x44, 0x14, 0x82, 0x20, 0x01, 0xC0, 0x00, 0x00, 0x00, 0x00, 0x00, 0x00, 0x00, 0x00, 0x00, 0x00,
    0x00, 0x00, 0x00, 0x00, 0x00, 0x00, 0x00, 0x24, 0x48, 0xFF, 0x48, 0x24, 0x00, 0x00, 0x00, 0x00,
    0x00, 0x00, 0x08, 0x1C, 0x2A, 0x08, 0x1C, 0x2A, 0x08, 0x08, 0x08, 0x08, 0x08, 0x08, 0x08, 0x08,
    0x00, 0x00, 0x00, 0x00, 0x00, 0x00, 0x00, 0x24, 0x12, 0xFF, 0x12, 0x24, 0x00, 0x00, 0x00, 0x00,
    0x08, 0x08, 0x08, 0x08, 0x08, 0x08, 0x08, 0x08, 0x08, 0x2A, 0x1C, 0x08, 0x2A, 0x1C, 0x08, 0x00,
    0x00, 0x00, 0x00, 0x00, 0x00, 0x00, 0x00, 0x11, 0x22, 0x7C, 0x22, 0x11, 0x00, 0x00, 0x00, 0x00,
    0x00, 0x00, 0x00, 0x00, 0x00, 0x00, 0x00, 0x88, 0x44, 0x3E, 0x44, 0x88, 0x00, 0x00, 0x00, 0x00,
    0x00, 0x00, 0x00, 0x00, 0x00, 0x00, 0x00, 0x12, 0x22, 0x7E, 0x22, 0x12, 0x00, 0x00, 0x00, 0x00,
    0x00, 0x00, 0x08, 0x1C, 0x2A, 0x08, 0x08, 0x08, 0x08, 0x08, 0x08, 0x08, 0x08, 0x3E, 0x00, 0x00,
    0x00, 0x00, 0x00, 0x00, 0x00, 0x00, 0x00, 0x48, 0x44, 0x7E, 0x44, 0x48, 0x00, 0x00, 0x00, 0x00,
    0x00, 0x00, 0x3E, 0x08, 0x08, 0x08, 0x08, 0x08, 0x08, 0x08, 0x08, 0x2A, 0x1C, 0x08, 0x00, 0x00,
    0x00, 0x00, 0x08, 0x1C, 0x2A, 0x08, 0x08, 0x08, 0x08, 0x08, 0x2A, 0x1C, 0x08, 0x3E, 0x00, 0x00,
    0x00, 0x00, 0x00, 0x00, 0x00, 0x00, 0x02, 0x11, 0x21, 0x7E, 0x20, 0x10, 0x00, 0x00, 0x00, 0x00,
    0x00, 0x00, 0x00, 0x00, 0x00, 0x00, 0x20, 0x44, 0x42, 0x3F, 0x02, 0x04, 0x00, 0x00, 0x00, 0x00,
    0x00, 0x00, 0x00, 0x00, 0x00, 0x00, 0x02, 0x15, 0x25, 0x7E, 0x24, 0x14, 0x00, 0x00, 0x00, 0x00,
    0x00, 0x00, 0x00, 0x00, 0x00, 0x00, 0x20, 0x54, 0x52, 0x3F, 0x12, 0x14, 0x00, 0x00, 0x00, 0x00,
    0x00, 0x00, 0x00, 0x00, 0x00, 0x00, 0x00, 0x24, 0x5A, 0xE7, 0x42, 0x24, 0x00, 0x00, 0x00, 0x00,
    0x00, 0x00, 0x00, 0x00, 0x00, 0x08, 0x08, 0x2C, 0x4A, 0xFF, 0x4A, 0x2C, 0x08, 0x08, 0x00, 0x00,
    0x00, 0x00, 0x40, 0x40, 0x40, 0x48, 0x58, 0x68, 0x48, 0x08, 0x08, 0x2A, 0x1C, 0x08, 0x00, 0x00,
    0x00, 0x00, 0x00, 0x00, 0x00, 0x00, 0x00, 0x10, 0x20, 0x78, 0x24, 0x14, 0x04, 0x04, 0x04, 0x04,
    0x00, 0x00, 0x00, 0x00, 0x00, 0x00, 0x00, 0x08, 0x04, 0x1E, 0x24, 0x28, 0x20, 0x20, 0x20, 0x20,
    0x04, 0x04, 0x04, 0x04, 0x04, 0x04, 0x04, 0x14, 0x24, 0x78, 0x20, 0x10, 0x00, 0x00, 0x00, 0x00,
    0x20, 0x20, 0x20, 0x20, 0x20, 0x20, 0x20, 0x28, 0x24, 0x1E, 0x04, 0x08, 0x00, 0x00, 0x00, 0x00,
    0x00, 0x00, 0x00, 0x00, 0x00, 0x00, 0x00, 0x00, 0x00, 0xFC, 0x04, 0x15, 0x0E, 0x04, 0x00, 0x00,
    0x04, 0x04, 0x04, 0x04, 0x04, 0x04, 0x04, 0x14, 0x24, 0x7C, 0x20, 0x10, 0x00, 0x00, 0x00, 0x00,
    0x00, 0x00, 0x00, 0x00, 0x00, 0x00, 0x1E, 0x21, 0xA9, 0x71, 0x20, 0x00, 0x00, 0x00, 0x00, 0x00,
    0x00, 0x00, 0x00, 0x00, 0x00, 0x00, 0x78, 0x84, 0x95, 0x8E, 0x04, 0x00, 0x00, 0x00, 0x00, 0x00,
    0x00, 0x00, 0x00, 0x7E, 0x00, 0x78, 0x60, 0x50, 0x48, 0x04, 0x02, 0x00, 0x00, 0x00, 0x00, 0x00,
    0x00, 0x00, 0x00, 0x50, 0x60, 0x7E, 0x60, 0x50, 0x00, 0x0A, 0x06, 0x7E, 0x06, 0x0A, 0x00, 0x00,
    0x00, 0x00, 0x00, 0x00, 0x00, 0x00, 0x00, 0x2E, 0x4C, 0x4A, 0x42, 0x42, 0x3C, 0x00, 0x00, 0x00,
    0x00, 0x00, 0x00, 0x00, 0x00, 0x00, 0x00, 0x74, 0x32, 0x52, 0x42, 0x42, 0x3C, 0x00, 0x00, 0x00,
    0x00, 0x00, 0x00, 0x00, 0x00, 0x00, 0x00, 0x10, 0x20, 0x7F, 0x00, 0x00, 0x00, 0x00, 0x00, 0x00,
    0x00, 0x00, 0x00, 0x00, 0x00, 0x00, 0x00, 0x00, 0x00, 0x7F, 0x20, 0x10, 0x00, 0x00, 0x00, 0x00,
    0x00, 0x00, 0x08, 0x0C, 0x0A, 0x08, 0x08, 0x08, 0x08, 0x08, 0x08, 0x08, 0x08, 0x08, 0x08, 0x08,
    0x00, 0x00, 0x08, 0x18, 0x28, 0x08, 0x08, 0x08, 0x08, 0x08, 0x08, 0x08, 0x08, 0x08, 0x08, 0x08,
    0x00, 0x00, 0x00, 0x00, 0x00, 0x00, 0x00, 0x08, 0x04, 0xFE, 0x00, 0x00, 0x00, 0x00, 0x00, 0x00,
    0x00, 0x00, 0x00, 0x00, 0x00, 0x00, 0x00, 0x00, 0x00, 0xFE, 0x04, 0x08, 0x00, 0x00, 0x00, 0x00,
    0x08, 0x08, 0x08, 0x08, 0x08, 0x08, 0x08, 0x08, 0x08, 0x08, 0x08, 0x0A, 0x0C, 0x08, 0x00, 0x00,
    0x08, 0x08, 0x08, 0x08, 0x08, 0x08, 0x08, 0x08, 0x08, 0x08, 0x08, 0x28, 0x18, 0x08, 0x00, 0x00,
    0x00, 0x00, 0x00, 0x08, 0x04, 0x7E, 0x04, 0x08, 0x00, 0x10, 0x20, 0x7E, 0x20, 0x10, 0x00, 0x00,
    0x00, 0x00, 0x24, 0x74, 0xAC, 0x24, 0x24, 0x24, 0x24, 0x24, 0x24, 0x35, 0x2E, 0x24, 0x00, 0x00,
    0x00, 0x00, 0x00, 0x10, 0x20, 0x7E, 0x20, 0x10, 0x00, 0x08, 0x04, 0x7E, 0x04, 0x08, 0x00, 0x00,
    0x00, 0x00, 0x00, 0x10, 0x20, 0x7E, 0x20, 0x10, 0x00, 0x10, 0x20, 0x7E, 0x20, 0x10, 0x00, 0x00,
    0x00, 0x00, 0x24, 0x7E, 0xA5, 0x24, 0x24, 0x24, 0x24, 0x24, 0x24, 0x24, 0x24, 0x24, 0x00, 0x00,
    0x00, 0x00, 0x00, 0x08, 0x04, 0x7E, 0x04, 0x08, 0x00, 0x08, 0x04, 0x7E, 0x04, 0x08, 0x00, 0x00,
    0x00, 0x00, 0x24, 0x24, 0x24, 0x24, 0x24, 0x24, 0x24, 0x24, 0x24, 0xA5, 0x7E, 0x24, 0x00, 0x00,
    0x00, 0x00, 0x00, 0x00, 0x00, 0x00, 0x10, 0x20, 0x7E, 0x00, 0x7E, 0x04, 0x08, 0x00, 0x00, 0x00,
    0x00, 0x00, 0x00, 0x00, 0x00, 0x00, 0x08, 0x04, 0x7E, 0x00, 0x7E, 0x20, 0x10, 0x00, 0x00, 0x00,
    0x00, 0x00, 0x00, 0x00, 0x00, 0x08, 0x08, 0x28, 0x7E, 0x88, 0x7E, 0x28, 0x08, 0x08, 0x00, 0x00,
    0x00, 0x00, 0x00, 0x00, 0x00, 0x08, 0x08, 0x2C, 0x7E, 0x89, 0x7E, 0x2C, 0x08, 0x08, 0x00, 0x00,
    0x00, 0x00, 0x00, 0x00, 0x00, 0x10, 0x10, 0x14, 0x7E, 0x11, 0x7E, 0x14, 0x10, 0x10, 0x00, 0x00,
    0x00, 0x00, 0x00, 0x00, 0x00, 0x00, 0x00, 0x10, 0x3E, 0x40, 0x3E, 0x10, 0x00, 0x00, 0x00, 0x00,
    0x00, 0x00, 0x08, 0x14, 0x36, 0x14, 0x14, 0x14, 0x14, 0x14, 0x14, 0x14, 0x14, 0x14, 0x00, 0x00,
    0x00, 0x00, 0x00, 0x00, 0x00, 0x00, 0x00, 0x08, 0x7C, 0x02, 0x7C, 0x08, 0x00, 0x00, 0x00, 0x00,
    0x00, 0x00, 0x14, 0x14, 0x14, 0x14, 0x14, 0x14, 0x14, 0x14, 0x14, 0x36, 0x14, 0x08, 0x00, 0x00,
    0x00, 0x00, 0x00, 0x00, 0x00, 0x00, 0x00, 0x24, 0x7E, 0x81, 0x7E, 0x24, 0x00, 0x00, 0x00, 0x00,
    0x00, 0x00, 0x08, 0x14, 0x36, 0x14, 0x14, 0x14, 0x14, 0x14, 0x14, 0x36, 0x14, 0x08, 0x00, 0x00,
    0x00, 0x00, 0x00, 0x00, 0x00, 0x78, 0x50, 0x68, 0x54, 0x0A, 0x04, 0x00, 0x00, 0x00, 0x00, 0x00,
    0x00, 0x00, 0x00, 0x00, 0x00, 0x1E, 0x0A, 0x16, 0x2A, 0x50, 0x20, 0x00, 0x00, 0x00, 0x00, 0x00,
    0x00, 0x00, 0x00, 0x00, 0x00, 0x20, 0x50, 0x2A, 0x16, 0x0A, 0x1E, 0x00, 0x00, 0x00, 0x00, 0x00,
    0x00, 0x00, 0x00, 0x00, 0x00, 0x04, 0x0A, 0x54, 0x68, 0x50, 0x78, 0x00, 0x00, 0x00, 0x00, 0x00,
    0x00, 0x00, 0x00, 0x00, 0x00, 0x00, 0x10, 0x3E, 0x40, 0xFE, 0x40, 0x3E, 0x10, 0x00, 0x00, 0x00,
    0x00, 0x00, 0x00, 0x00, 0x00, 0x00, 0x08, 0x7C, 0x02, 0x7F, 0x02, 0x7C, 0x08, 0x00, 0x00, 0x00,
    0x00, 0x00, 0x00, 0x00, 0x00, 0x00, 0x00, 0x20, 0x42, 0xF5, 0x48, 0x20, 0x00, 0x00, 0x00, 0x00,
    0x00, 0x00, 0x00, 0x00, 0x00, 0x00, 0x00, 0x04, 0x42, 0xAF, 0x12, 0x04, 0x00, 0x00, 0x00, 0x00,
    0x00, 0x00, 0x08, 0x1C, 0x2A, 0x08, 0x08, 0x08, 0x3E, 0x08, 0x3E, 0x08, 0x08, 0x08, 0x08, 0x08,
    0x08, 0x08, 0x08, 0x08, 0x08, 0x3E, 0x08, 0x3E, 0x08, 0x08, 0x08, 0x2A, 0x1C, 0x08, 0x00, 0x00,
    0x00, 0x00, 0x00, 0x00, 0x00, 0x00, 0x00, 0x10, 0x20, 0x77, 0x20, 0x10, 0x00, 0x00, 0x00, 0x00,
    0x00, 0x00, 0x08, 0x1C, 0x2A, 0x08, 0x08, 0x00, 0x08, 0x08, 0x08, 0x08, 0x00, 0x08, 0x08, 0x08,
    0x00, 0x00, 0x00, 0x00, 0x00, 0x00, 0x00, 0x04, 0x02, 0xEF, 0x02, 0x04, 0x00, 0x00, 0x00, 0x00,
    0x08, 0x08, 0x08, 0x00, 0x08, 0x08, 0x08, 0x08, 0x00, 0x08, 0x08, 0x2A, 0x1C, 0x08, 0x00, 0x00,
    0x00, 0x00, 0x00, 0x00, 0x00, 0x00, 0x00, 0x50, 0x60, 0x7F, 0x60, 0x50, 0x00, 0x00, 0x00, 0x00,
    0x00, 0x00, 0x00, 0x00, 0x00, 0x00, 0x00, 0x0A, 0x06, 0xFE, 0x06, 0x0A, 0x00, 0x00, 0x00, 0x00,
    0x00, 0x00, 0x00, 0x00, 0x00, 0x00, 0x10, 0x30, 0x5F, 0x81, 0x5F, 0x30, 0x10, 0x00, 0x00, 0x00,
    0x00, 0x00, 0x08, 0x14, 0x22, 0x77, 0x14, 0x14, 0x14, 0x14, 0x14, 0x14, 0x14, 0x1C, 0x00, 0x00,
    0x00, 0x00, 0x00, 0x00, 0x00, 0x00, 0x08, 0x0C, 0xFA, 0x81, 0xFA, 0x0C, 0x08, 0x00, 0x00, 0x00,
    0x00, 0x00, 0x1C, 0x14, 0x14, 0x14, 0x14, 0x14, 0x14, 0x14, 0x77, 0x22, 0x14, 0x08, 0x00, 0x00,
    0x00, 0x00, 0x08, 0x14, 0x22, 0x77, 0x14, 0x14, 0x14, 0x1C, 0x00, 0x1C, 0x14, 0x1C, 0x00, 0x00,
    0x00, 0x00, 0x08, 0x14, 0x22, 0x63, 0x22, 0x22, 0x22, 0x22, 0x22, 0x63, 0x41, 0x7F, 0x00, 0x00,
    0x00, 0x00, 0x08, 0x14, 0x3E, 0x63, 0x22, 0x22, 0x22, 0x22, 0x22, 0x63, 0x41, 0x7F, 0x00, 0x00,
    0x00, 0x00, 0x08, 0x1C, 0x2A, 0x6B, 0x2A, 0x2A, 0x2A, 0x2A, 0x2A, 0x6B, 0x49, 0x7F, 0x00, 0x00,
    0x00, 0x08, 0x14, 0x2A, 0x77, 0x22, 0x63, 0x22, 0x22, 0x22, 0x22, 0x22, 0x22, 0x3E, 0x00, 0x00,
    0x00, 0x08, 0x14, 0x2A, 0x77, 0x22, 0x63, 0x22, 0x22, 0x22, 0x22, 0x63, 0x41, 0x7F, 0x00, 0x00,
    0x00, 0x00, 0x00, 0x00, 0x00, 0x00, 0x08, 0x6C, 0x7A, 0x41, 0x7A, 0x6C, 0x08, 0x00, 0x00, 0x00,
    0x00, 0x00, 0x00, 0x00, 0x00, 0x7F, 0x40, 0x5C, 0x58, 0x54, 0x42, 0x41, 0x40, 0x40, 0x00, 0x00,
    0x00, 0x00, 0x00, 0x00, 0x00, 0x01, 0x01, 0x41, 0x21, 0x15, 0x0D, 0x1D, 0x01, 0x7F, 0x00, 0x00,
    0x00, 0x00, 0x08, 0x14, 0x36, 0x14, 0x14, 0x14, 0x14, 0x14, 0x14, 0x36, 0x14, 0x08, 0x00, 0x00,
    0x00, 0x00, 0x00, 0x00, 0x00, 0x00, 0x00, 0x00, 0x00, 0x00, 0x00, 0x00, 0x00, 0x00, 0x07, 0x08,
    0x08, 0x84, 0xFF, 0xFE, 0x08, 0x84, 0x07, 0x08, 0x00, 0x00, 0x00, 0x00, 0x00, 0x00, 0x00, 0x00,
    0x00, 0x00, 0x24, 0x2E, 0x35, 0x24, 0x24, 0x24, 0x24, 0x24, 0x24, 0xAC, 0x74, 0x24, 0x00, 0x00,
    0x00, 0x00, 0x00, 0x04, 0x02, 0xFF, 0x02, 0x04, 0x02, 0xFF, 0x02, 0x04, 0x02, 0xFF, 0x02, 0x04,
    0x00, 0x00, 0x00, 0x00, 0x00, 0x00, 0x00, 0x24, 0x44, 0xFF, 0x44, 0x24, 0x00, 0x00, 0x00, 0x00,
    0x00, 0x00, 0x00, 0x00, 0x00, 0x00, 0x00, 0x24, 0x22, 0xFF, 0x22, 0x24, 0x00, 0x00, 0x00, 0x00,
    0x00, 0x00, 0x00, 0x00, 0x00, 0x00, 0x00, 0x00, 0x00, 0x00, 0x00, 0x00, 0x00, 0x00, 0x09, 0x20,
    0x11, 0x10, 0x3F, 0xF8, 0x11, 0x10, 0x09, 0x20, 0x00, 0x00, 0x00, 0x00, 0x00, 0x00, 0x00, 0x00,
    0x00, 0x00, 0x00, 0x00, 0x00, 0x00, 0x00, 0x00, 0x00, 0x00, 0x00, 0x00, 0x00, 0x00, 0x11, 0x40,
    0x21, 0x40, 0x7F, 0xFF, 0x21, 0x40, 0x11, 0x40, 0x00, 0x00, 0x00, 0x00, 0x00, 0x00, 0x00, 0x00,
    0x00, 0x00, 0x00, 0x00, 0x00, 0x00, 0x00, 0x00, 0x00, 0x00, 0x00, 0x00, 0x00, 0x00, 0x02, 0x88,
    0x02, 0x84, 0xFF, 0xFE, 0x02, 0x84, 0x02, 0x88, 0x00, 0x00, 0x00, 0x00, 0x00, 0x00, 0x00, 0x00,
    0x00, 0x00, 0x00, 0x00, 0x00, 0x00, 0x00, 0x00, 0x00, 0x00, 0x00, 0x00, 0x00, 0x00, 0x12, 0x90,
    0x22, 0x88, 0x7F, 0xFC, 0x22, 0x88, 0x12, 0x90, 0x00, 0x00, 0x00, 0x00, 0x00, 0x00, 0x00, 0x00,
    0x00, 0x00, 0x00, 0x00, 0x00, 0x00, 0x00, 0x20, 0x60, 0xBF, 0x60, 0x20, 0x00, 0x00, 0x00, 0x00,
    0x00, 0x00, 0x00, 0x00, 0x00, 0x00, 0x00, 0x04, 0x06, 0xFD, 0x06, 0x04, 0x00, 0x00, 0x00, 0x00,
    0x00, 0x00, 0x00, 0x00, 0x00, 0x00, 0x00, 0x00, 0x00, 0x00, 0x00, 0x00, 0x00, 0x00, 0x08, 0x10,
    0x18, 0x18, 0x2F, 0xF4, 0x18, 0x18, 0x08, 0x10, 0x00, 0x00, 0x00, 0x00, 0x00, 0x00, 0x00, 0x00,
    0x00, 0x00, 0x08, 0x49, 0x22, 0x00, 0x1C, 0x3E, 0x3E, 0x1C, 0x00, 0x22, 0x49, 0x08, 0x00, 0x00,
    0x00, 0x00, 0x00, 0x00, 0x20, 0x76, 0xFF, 0x7E, 0x00, 0x00, 0x00, 0x00, 0x00, 0x00, 0x00, 0x00,
    0x00, 0x00, 0x00, 0x00, 0x1C, 0x3E, 0x7F, 0x08, 0x08, 0x08, 0x08, 0x10, 0x00, 0x00, 0x00, 0x00,
    0x8B, 0xC8, 0x03, 0xC0, 0x2F, 0xF1, 0x04, 0x24, 0x8A, 0x50, 0x28, 0x12, 0x0A, 0x50, 0x49, 0x94,
    0x04, 0x21, 0x47, 0xE0, 0x08, 0x10, 0x10, 0x88, 0x78, 0x1E, 0x10, 0x88, 0x08, 0x10, 0x07, 0xE0,
    0x00, 0x00, 0x00, 0x22, 0x22, 0x24, 0x24, 0x28, 0x29, 0x02, 0x30, 0x48, 0x48, 0x30, 0x00, 0x00,
    0x00, 0x00, 0x01, 0x00, 0x01, 0x00, 0x03, 0x80, 0x03, 0x80, 0x07, 0xC0, 0x7F, 0xFE, 0x3F, 0xF8,
    0x1F, 0xF0, 0x0F, 0xE0, 0x07, 0xC0, 0x0F, 0xE0, 0x1E, 0xF0, 0x18, 0x30, 0x20, 0x08, 0x00, 0x00,
    0x00, 0x00, 0x01, 0x00, 0x01, 0x00, 0x02, 0x80, 0x02, 0x80, 0x04, 0x40, 0x78, 0x3C, 0x20, 0x08,
    0x10, 0x10, 0x08, 0x20, 0x04, 0x40, 0x09, 0x20, 0x16, 0xD0, 0x18, 0x30, 0x20, 0x08, 0x00, 0x00,
    0x00, 0x00, 0x00, 0x00, 0x00, 0x02, 0x04, 0x08, 0x10, 0x20, 0x10, 0x0A, 0x06, 0x0E, 0x00, 0x00,
    0x00, 0x00, 0x00, 0x00, 0x00, 0x00, 0x7E, 0x42, 0x44, 0x48, 0x50, 0x4A, 0x46, 0x4E, 0x00, 0x00,
    0x00, 0x00, 0x00, 0x00, 0x00, 0x00, 0x3C, 0x42, 0x81, 0x99, 0x99, 0x81, 0x42, 0x3C, 0x00, 0x00,
    0x00, 0x00, 0x00, 0x00, 0x00, 0x00, 0x18, 0x24, 0x24, 0x66, 0xA5, 0x42, 0x00, 0x00, 0x00, 0x00,
    0x00, 0x00, 0x00, 0x00, 0x00, 0x00, 0x42, 0xA5, 0x66, 0x24, 0x24, 0x18, 0x00, 0x00, 0x00, 0x00,
    0x00, 0x00, 0x00, 0x00, 0x00, 0x00, 0x04, 0x08, 0x30, 0x48, 0x48, 0x30, 0x00, 0x00, 0x00, 0x00,
    0x00, 0x00, 0x00, 0x00, 0x00, 0x06, 0x09, 0x09, 0x06, 0x08, 0x30, 0x48, 0x48, 0x30, 0x00, 0x00,
    0x00, 0x00, 0x00, 0x00, 0x00, 0x00, 0x00, 0x3E, 0x63, 0x00, 0x2A, 0x63, 0x7F, 0x00, 0x00, 0x00,
    0x00, 0x00, 0x00, 0x00, 0x00, 0x00, 0x3E, 0x41, 0x5D, 0x3E, 0x49, 0x41, 0x7F, 0x00, 0x00, 0x00,
    0x00, 0x00, 0x00, 0x00, 0x00, 0x00, 0x7F, 0x41, 0x41, 0x41, 0x41, 0x41, 0x41, 0x7F, 0x00, 0x00,
    0x00, 0x00, 0x00, 0x00, 0x00, 0x00, 0x7F, 0x41, 0x43, 0x47, 0x6D, 0x79, 0x51, 0x7F, 0x00, 0x00,
    0x00, 0x00, 0x00, 0x00, 0x00, 0x00, 0x7F, 0x41, 0x63, 0x55, 0x49, 0x55, 0x63, 0x7F, 0x00, 0x00,
    0x00, 0x00, 0x00, 0x00, 0x22, 0x22, 0x14, 0x14, 0x08, 0x08, 0x14, 0x14, 0x22, 0x22, 0x00, 0x00,
    0x05, 0x50, 0x04, 0x41, 0x1C, 0x3E, 0x7F, 0x08, 0x08, 0x08, 0x08, 0x10, 0x00, 0x00, 0x00, 0x00,
    0x00, 0x00, 0x09, 0x20, 0x12, 0x40, 0x12, 0x40, 0x09, 0x20, 0x09, 0x20, 0x12, 0x40, 0x00, 0x00,
    0x1F, 0xC8, 0x3F, 0xF4, 0x2F, 0xD4, 0x20, 0x14, 0x20, 0x38, 0x1F, 0xC0, 0x00, 0x00, 0x00, 0x00,
    0x00, 0x00, 0x01, 0x00, 0x02, 0x80, 0x04, 0x40, 0x08, 0x20, 0x10, 0x10, 0x20, 0x08, 0x20, 0x08,
    0x20, 0x08, 0x20, 0x08, 0x20, 0x08, 0x20, 0x08, 0x20, 0x08, 0x3F, 0xF8, 0x00, 0x00, 0x00, 0x00,
    0x00, 0x00, 0x01, 0x00, 0x03, 0x80, 0x07, 0xC0, 0x0F, 0xE0, 0x1F, 0xF0, 0x3F, 0xF8, 0x3F, 0xF8,
    0x3F, 0xF8, 0x3F, 0xF8, 0x3F, 0xF8, 0x3F, 0xF8, 0x3F, 0xF8, 0x3F, 0xF8, 0x00, 0x00, 0x00, 0x00,
    0x00, 0x00, 0x00, 0x00, 0x02, 0x80, 0x07, 0xC0, 0x07, 0xC0, 0x33, 0x98, 0x79, 0x3C, 0x3F, 0xF8,
    0x79, 0x3C, 0x31, 0x18, 0x02, 0x00, 0x02, 0x00, 0x02, 0x00, 0x04, 0x00, 0x08, 0x00, 0x00, 0x00,
    0x00, 0x00, 0x00, 0x00, 0x00, 0x04, 0x01, 0xC8, 0x23, 0xE8, 0x47, 0xE8, 0x4F, 0xE8, 0x7F, 0xD8,
    0x3F, 0xDC, 0x0F, 0xE4, 0x07, 0xE4, 0x03, 0xE4, 0x01, 0xC4, 0x00, 0x08, 0x00, 0x00, 0x00, 0x00,
    0x00, 0x00, 0x00, 0x00, 0x00, 0x00, 0x00, 0x00, 0x7E, 0x1F, 0x1F, 0x0E, 0x00, 0x00, 0x00, 0x00,
    0x00, 0x00, 0x00, 0x00, 0x00, 0x00, 0x00, 0x00, 0x3F, 0x7C, 0x7C, 0x38, 0x00, 0x00, 0x00, 0x00,
    0x00, 0x00, 0x00, 0x00, 0x00, 0x00, 0x00, 0x00, 0x7E, 0x11, 0x19, 0x0E, 0x00, 0x00, 0x00, 0x00,
    0x00, 0x00, 0x00, 0x00, 0x00, 0x04, 0x04, 0x1C, 0x34, 0x24, 0x24, 0x18, 0x00, 0x00, 0x00, 0x00,
    0x00, 0x00, 0x00, 0x00, 0x00, 0x00, 0x00, 0x00, 0x3F, 0x44, 0x4C, 0x38, 0x00, 0x00, 0x00, 0x00,
    0x00, 0x00, 0x00, 0x00, 0x00, 0x00, 0x00, 0x18, 0x24, 0x24, 0x34, 0x1C, 0x04, 0x04, 0x00, 0x00,
    0x00, 0x00, 0xE7, 0xA5, 0x7E, 0x81, 0xA5, 0xA5, 0x81, 0x5A, 0x5A, 0x42, 0xBD, 0xE7, 0x00, 0x00,
    0x00, 0x00, 0x00, 0x00, 0x38, 0x04, 0x04, 0x08, 0x08, 0x10, 0x10, 0x20, 0x20, 0x1C, 0x00, 0x00,
    0x07, 0xE0, 0x18, 0x18, 0x24, 0x24, 0x5C, 0x3A, 0x5C, 0x3A, 0xBE, 0x7D, 0xBE, 0x7D, 0xBE, 0x7D,
    0x81, 0x81, 0x81, 0x81, 0x83, 0xC1, 0x43, 0xC2, 0x47, 0xE2, 0x23, 0xC4, 0x18, 0x18, 0x07, 0xE0,
    0x00, 0x00, 0x00, 0x00, 0x04, 0x40, 0x08, 0x20, 0x10, 0x10, 0x10, 0x10, 0x13, 0x90, 0x0C, 0x60,
    0x3E, 0xF8, 0x44, 0x44, 0x85, 0x42, 0x83, 0x82, 0x02, 0x80, 0x04, 0x40, 0x18, 0x30, 0x00, 0x00,
    0x00, 0x00, 0x03, 0x00, 0x01, 0x00, 0x7F, 0xFC, 0x23, 0x88, 0x1F, 0xF0, 0x01, 0x00, 0x0D, 0x60,
    0x11, 0x10, 0x0F, 0xE0, 0x09, 0x20, 0x07, 0xC0, 0x05, 0x40, 0x03, 0x80, 0x05, 0x40, 0x01, 0x00,
    0x00, 0x00, 0x00, 0x00, 0x00, 0x00, 0x1C, 0x22, 0x14, 0x08, 0x3E, 0x08, 0x08, 0x08, 0x00, 0x00,
    0x00, 0x00, 0x00, 0x00, 0x00, 0x10, 0x38, 0x10, 0xFE, 0x10, 0x10, 0x70, 0x1C, 0x10, 0x00, 0x00,
    0x00, 0x00, 0x00, 0x00, 0x1C, 0x12, 0x12, 0x1C, 0x10, 0x54, 0x38, 0x10, 0x38, 0x54, 0x00, 0x00,
    0x00, 0x00, 0x00, 0x00, 0x00, 0x10, 0x38, 0x10, 0xFE, 0x10, 0x10, 0x10, 0x10, 0x10, 0x00, 0x00,
    0x00, 0x00, 0x00, 0x00, 0x00, 0x00, 0x00, 0x1C, 0x08, 0x49, 0x7F, 0x49, 0x08, 0x1C, 0x00, 0x00,
    0x00, 0x00, 0x00, 0x00, 0x1E, 0x21, 0x40, 0xC2, 0xC7, 0xC2, 0x40, 0x21, 0x1E, 0x00, 0x00, 0x00,
    0x00, 0x00, 0x00, 0x00, 0x00, 0x00, 0x05, 0x40, 0x06, 0xC0, 0x00, 0x00, 0x15, 0x50, 0x29, 0x28,
    0x29, 0x28, 0x29, 0x28, 0x25, 0x48, 0x13, 0x90, 0x07, 0xC0, 0x01, 0x00, 0x00, 0x00, 0x00, 0x00,
    0x00, 0x00, 0x00, 0x00, 0x00, 0x00, 0x00, 0x80, 0x02, 0xA0, 0x04, 0x90, 0x09, 0xC8, 0x1A, 0xAC,
    0x1A, 0xAC, 0x19, 0xCC, 0x1C, 0x9C, 0x1B, 0xEC, 0x11, 0xC4, 0x02, 0xA0, 0x00, 0x80, 0x00, 0x00,
    0x00, 0x00, 0x00, 0x00, 0x00, 0x00, 0x0C, 0x02, 0x39, 0x79, 0x0D, 0x3E, 0x63, 0xC1, 0x00, 0x00,
    0x00, 0x00, 0x00, 0x00, 0x00, 0x00, 0x3E, 0x49, 0x49, 0x49, 0x5D, 0x6B, 0x49, 0x3E, 0x00, 0x00,
    0x07, 0xE0, 0x18, 0x18, 0x20, 0x04, 0x40, 0x02, 0x40, 0x02, 0x9C, 0x31, 0xBE, 0x31, 0xFF, 0x03,
    0xE7, 0x83, 0xE7, 0xC7, 0xFF, 0xFF, 0x7F, 0xFE, 0x7F, 0xFE, 0x3F, 0xFC, 0x1F, 0xF8, 0x07, 0xE0,
    0x00, 0x00, 0x00, 0x00, 0x00, 0x00, 0x00, 0x00, 0x7F, 0xFC, 0x7F, 0xFC, 0x00, 0x00, 0x00, 0x00,
    0x7F, 0xFC, 0x7F, 0xFC, 0x00, 0x00, 0x00, 0x00, 0x7F, 0xFC, 0x7F, 0xFC, 0x00, 0x00, 0x00, 0x00,
    0x00, 0x00, 0x00, 0x00, 0x00, 0x00, 0x00, 0x00, 0x7C, 0x7C, 0x7C, 0x7C, 0x00, 0x00, 0x00, 0x00,
    0x7F, 0xFC, 0x7F, 0xFC, 0x00, 0x00, 0x00, 0x00, 0x7F, 0xFC, 0x7F, 0xFC, 0x00, 0x00, 0x00, 0x00,
    0x00, 0x00, 0x00, 0x00, 0x00, 0x00, 0x00, 0x00, 0x7F, 0xFC, 0x7F, 0xFC, 0x00, 0x00, 0x00, 0x00,
    0x7C, 0x7C, 0x7C, 0x7C, 0x00, 0x00, 0x00, 0x00, 0x7F, 0xFC, 0x7F, 0xFC, 0x00, 0x00, 0x00, 0x00,
    0x00, 0x00, 0x00, 0x00, 0x00, 0x00, 0x00, 0x00, 0x7C, 0x7C, 0x7C, 0x7C, 0x00, 0x00, 0x00, 0x00,
    0x7C, 0x7C, 0x7C, 0x7C, 0x00, 0x00, 0x00, 0x00, 0x7F, 0xFC, 0x7F, 0xFC, 0x00, 0x00, 0x00, 0x00,
    0x00, 0x00, 0x00, 0x00, 0x00, 0x00, 0x00, 0x00, 0x7F, 0xFC, 0x7F, 0xFC, 0x00, 0x00, 0x00, 0x00,
    0x7F, 0xFC, 0x7F, 0xFC, 0x00, 0x00, 0x00, 0x00, 0x7C, 0x7C, 0x7C, 0x7C, 0x00, 0x00, 0x00, 0x00,
    0x00, 0x00, 0x00, 0x00, 0x00, 0x00, 0x00, 0x00, 0x7C, 0x7C, 0x7C, 0x7C, 0x00, 0x00, 0x00, 0x00,
    0x7F, 0xFC, 0x7F, 0xFC, 0x00, 0x00, 0x00, 0x00, 0x7C, 0x7C, 0x7C, 0x7C, 0x00, 0x00, 0x00, 0x00,
    0x00, 0x00, 0x00, 0x00, 0x00, 0x00, 0x00, 0x00, 0x7F, 0xFC, 0x7F, 0xFC, 0x00, 0x00, 0x00, 0x00,
    0x7C, 0x7C, 0x7C, 0x7C, 0x00, 0x00, 0x00, 0x00, 0x7C, 0x7C, 0x7C, 0x7C, 0x00, 0x00, 0x00, 0x00,
    0x00, 0x00, 0x00, 0x00, 0x00, 0x00, 0x00, 0x00, 0x7C, 0x7C, 0x7C, 0x7C, 0x00, 0x00, 0x00, 0x00,
    0x7C, 0x7C, 0x7C, 0x7C, 0x00, 0x00, 0x00, 0x00, 0x7C, 0x7C, 0x7C, 0x7C, 0x00, 0x00, 0x00, 0x00,
    0x00, 0x00, 0x00, 0x00, 0x00, 0x00, 0x00, 0x49, 0x3E, 0x3E, 0x77, 0x3E, 0x3E, 0x49, 0x00, 0x00,
    0x00, 0x00, 0x00, 0x3C, 0x42, 0x81, 0xA5, 0x81, 0x99, 0xA5, 0x81, 0x42, 0x3C, 0x00, 0x00, 0x00,
    0x00, 0x00, 0x00, 0x00, 0x3C, 0x42, 0x81, 0xA5, 0x81, 0xA5, 0x99, 0x42, 0x3C, 0x00, 0x00, 0x00,
    0x00, 0x00, 0x00, 0x00, 0x3C, 0x7E, 0xFF, 0xDB, 0xFF, 0xDB, 0xE7, 0x7E, 0x3C, 0x00, 0x00, 0x00,
    0x00, 0x00, 0x00, 0x00, 0x00, 0x49, 0x2A, 0x1C, 0x77, 0x1C, 0x2A, 0x49, 0x00, 0x00, 0x00, 0x00,
    0x00, 0x00, 0x00, 0x00, 0x38, 0x0C, 0x06, 0x05, 0x05, 0x05, 0x05, 0x06, 0x0C, 0x38, 0x00, 0x00,
    0x00, 0x00, 0x00, 0x00, 0x0E, 0x18, 0x30, 0x50, 0x50, 0x50, 0x50, 0x30, 0x18, 0x0E, 0x00, 0x00,
    0x00, 0x00, 0x00, 0x22, 0x22, 0x1C, 0x22, 0x22, 0x22, 0x1C, 0x08, 0x3E, 0x08, 0x08, 0x00, 0x00,
    0x00, 0x00, 0x00, 0x00, 0x00, 0x1C, 0x22, 0x22, 0x22, 0x1C, 0x08, 0x3E, 0x08, 0x08, 0x00, 0x00,
    0x00, 0x00, 0x00, 0x08, 0x08, 0x3E, 0x08, 0x08, 0x1C, 0x22, 0x22, 0x22, 0x1C, 0x00, 0x00, 0x00,
    0x00, 0x00, 0x00, 0x00, 0x00, 0x07, 0x03, 0x05, 0x38, 0x44, 0x44, 0x44, 0x38, 0x00, 0x00, 0x00,
    0x00, 0x00, 0x00, 0x00, 0x02, 0x02, 0x02, 0x3A, 0x46, 0x06, 0x0A, 0x7E, 0x02, 0x02, 0x00, 0x00,
    0x00, 0x00, 0x00, 0x00, 0x20, 0x20, 0x70, 0x20, 0x2C, 0x32, 0x22, 0x24, 0x24, 0x24, 0x00, 0x00,
    0x00, 0x00, 0x00, 0x00, 0x00, 0x6B, 0x2A, 0x3E, 0x2A, 0x6B, 0x08, 0x1C, 0x14, 0x1C, 0x00, 0x00,
    0x00, 0x00, 0x00, 0x00, 0x08, 0x59, 0xCB, 0x49, 0x49, 0x49, 0x3E, 0x08, 0x3E, 0x08, 0x08, 0x00,
    0x00, 0x00, 0x00, 0x00, 0x7C, 0x42, 0x42, 0x42, 0x7C, 0x40, 0x40, 0x40, 0x40, 0x7E, 0x00, 0x00,
    0x00, 0x00, 0x00, 0x00, 0x22, 0x55, 0x14, 0x14, 0x08, 0x08, 0x08, 0x08, 0x08, 0x08, 0x00, 0x00,
    0x00, 0x00, 0x00, 0x00, 0x00, 0x00, 0x00, 0x41, 0x22, 0x1C, 0x22, 0x22, 0x22, 0x1C, 0x00, 0x00,
    0x00, 0x00, 0x00, 0x00, 0x41, 0x3E, 0x14, 0x14, 0x14, 0x14, 0x14, 0x14, 0x3E, 0x41, 0x00, 0x00,
    0x00, 0x00, 0x00, 0x00, 0x00, 0x00, 0x3E, 0x49, 0x48, 0x30, 0x06, 0x09, 0x49, 0x3E, 0x00, 0x00,
    0x00, 0x00, 0x00, 0x00, 0x00, 0x1C, 0x22, 0x22, 0x12, 0x74, 0x94, 0x94, 0x65, 0x02, 0x00, 0x00,
    0x00, 0x00, 0x00, 0x00, 0x54, 0x7C, 0x55, 0x57, 0x55, 0x55, 0x55, 0x55, 0x06, 0x7C, 0x00, 0x00,
    0x00, 0x00, 0x00, 0x00, 0x00, 0x00, 0x00, 0x1C, 0x22, 0x22, 0x77, 0x00, 0x7F, 0x00, 0x00, 0x00,
    0x00, 0x00, 0x00, 0x00, 0x54, 0x7C, 0x54, 0x54, 0x54, 0x54, 0x54, 0x54, 0x55, 0x03, 0x00, 0x00,
    0x00, 0x00, 0x00, 0x00, 0x00, 0x00, 0x00, 0x0F, 0x03, 0x45, 0x29, 0x10, 0x28, 0x44, 0x00, 0x00,
    0x00, 0x00, 0x00, 0x00, 0x31, 0x4E, 0x84, 0x08, 0x10, 0x3C, 0x62, 0xA2, 0xA2, 0x1C, 0x00, 0x00,
    0x00, 0x00, 0x00, 0x00, 0x00, 0x00, 0x2A, 0x54, 0x00, 0x00, 0x2A, 0x54, 0x00, 0x00, 0x00, 0x00,
    0x00, 0x00, 0x00, 0x00, 0x00, 0x42, 0x42, 0x24, 0x24, 0x7E, 0x24, 0x24, 0x42, 0x42, 0x00, 0x00,
    0x00, 0x00, 0x00, 0x08, 0x1C, 0x08, 0x77, 0x5D, 0x49, 0x49, 0x2A, 0x7F, 0x41, 0x7F, 0x00, 0x00,
    0x00, 0x00, 0x00, 0x00, 0x08, 0x08, 0x49, 0x2A, 0x2A, 0x5D, 0x2A, 0x3E, 0x22, 0x3E, 0x00, 0x00,
    0x00, 0x00, 0x00, 0x00, 0x00, 0x55, 0x7F, 0x41, 0x41, 0x22, 0x22, 0x41, 0x41, 0x7F, 0x00, 0x00,
    0x00, 0x00, 0x00, 0x00, 0x08, 0x14, 0x22, 0x22, 0x22, 0x22, 0x14, 0x77, 0x41, 0x7F, 0x00, 0x00,
    0x00, 0x00, 0x00, 0x02, 0x1E, 0x22, 0x42, 0x42, 0x3A, 0x12, 0x22, 0x42, 0x42, 0x7E, 0x00, 0x00,
    0x00, 0x00, 0x00, 0x00, 0x00, 0x00, 0x18, 0x24, 0x24, 0x18, 0x24, 0x24, 0x42, 0x7E, 0x00, 0x00,
    0x00, 0x00, 0x00, 0x08, 0x1C, 0x08, 0x77, 0x5D, 0x49, 0x49, 0x2A, 0x7F, 0x7F, 0x7F, 0x00, 0x00,
    0x00, 0x00, 0x00, 0x00, 0x08, 0x08, 0x49, 0x2A, 0x2A, 0x5D, 0x2A, 0x3E, 0x3E, 0x3E, 0x00, 0x00,
    0x00, 0x00, 0x00, 0x00, 0x00, 0x55, 0x7F, 0x7F, 0x7F, 0x3E, 0x3E, 0x7F, 0x7F, 0x7F, 0x00, 0x00,
    0x00, 0x00, 0x00, 0x00, 0x08, 0x1C, 0x36, 0x22, 0x36, 0x3E, 0x1C, 0x7F, 0x7F, 0x7F, 0x00, 0x00,
    0x00, 0x00, 0x00, 0x02, 0x1E, 0x36, 0x7E, 0x7E, 0x3E, 0x1E, 0x3E, 0x7E, 0x7E, 0x7E, 0x00, 0x00,
    0x00, 0x00, 0x00, 0x00, 0x00, 0x00, 0x18, 0x3C, 0x3C, 0x18, 0x3C, 0x3C, 0x7E, 0x7E, 0x00, 0x00,
    0x00, 0x00, 0x00, 0x00, 0x08, 0x08, 0x1C, 0x3E, 0x7F, 0x7F, 0x7F, 0x3E, 0x08, 0x1C, 0x00, 0x00,
    0x00, 0x00, 0x00, 0x00, 0x00, 0x36, 0x49, 0x41, 0x41, 0x41, 0x22, 0x14, 0x08, 0x08, 0x00, 0x00,
    0x00, 0x00, 0x00, 0x00, 0x08, 0x08, 0x14, 0x14, 0x22, 0x22, 0x14, 0x14, 0x08, 0x08, 0x00, 0x00,
    0x00, 0x00, 0x00, 0x00, 0x1C, 0x1C, 0x1C, 0x08, 0x7F, 0x7F, 0x6B, 0x08, 0x08, 0x1C, 0x00, 0x00,
    0x00, 0x00, 0x00, 0x00, 0x08, 0x08, 0x14, 0x22, 0x41, 0x41, 0x41, 0x3E, 0x08, 0x1C, 0x00, 0x00,
    0x00, 0x00, 0x00, 0x00, 0x00, 0x36, 0x7F, 0x7F, 0x7F, 0x7F, 0x3E, 0x1C, 0x08, 0x08, 0x00, 0x00,
    0x00, 0x00, 0x00, 0x00, 0x08, 0x08, 0x1C, 0x1C, 0x3E, 0x3E, 0x1C, 0x1C, 0x08, 0x08, 0x00, 0x00,
    0x00, 0x00, 0x00, 0x00, 0x1C, 0x14, 0x1C, 0x08, 0x77, 0x5D, 0x6B, 0x08, 0x08, 0x1C, 0x00, 0x00,
    0x00, 0x00, 0x00, 0x08, 0x51, 0x92, 0x92, 0x92, 0x49, 0x49, 0x49, 0x52, 0x81, 0x7E, 0x00, 0x00,
    0x00, 0x00, 0x00, 0x00, 0x08, 0x08, 0x08, 0x08, 0x08, 0x08, 0x08, 0x38, 0x78, 0x70, 0x00, 0x00,
    0x00, 0x00, 0x00, 0x00, 0x08, 0x0C, 0x0A, 0x0A, 0x08, 0x08, 0x08, 0x38, 0x78, 0x70, 0x00, 0x00,
    0x00, 0x00, 0x00, 0x1C, 0x17, 0x11, 0x11, 0x11, 0x11, 0x71, 0xF1, 0xE7, 0x0F, 0x0E, 0x00, 0x00,
    0x00, 0x00, 0x00, 0x1C, 0x17, 0x11, 0x1D, 0x17, 0x11, 0x71, 0xF1, 0xE7, 0x0F, 0x0E, 0x00, 0x00,
    0x00, 0x00, 0x40, 0x40, 0x40, 0x40, 0x58, 0x64, 0x44, 0x48, 0x50, 0x60, 0x00, 0x00, 0x00, 0x00,
    0x00, 0x00, 0x40, 0x44, 0x4C, 0x54, 0x64, 0x4C, 0x54, 0x64, 0x44, 0x04, 0x00, 0x00, 0x00, 0x00,
    0x00, 0x04, 0x04, 0x26, 0x2C, 0x34, 0x66, 0x2C, 0x34, 0x64, 0x20, 0x20, 0x00, 0x00, 0x00, 0x00,
    0x00, 0x00, 0x00, 0x00, 0x14, 0x08, 0x08, 0x49, 0x3E, 0x49, 0x08, 0x08, 0x08, 0x14, 0x00, 0x00,
    0x00, 0x00, 0x00, 0x00, 0x1C, 0x14, 0x08, 0x6B, 0x5D, 0x6B, 0x08, 0x08, 0x14, 0x08, 0x00, 0x00,
    0x03, 0xC0, 0x05, 0x20, 0x0A, 0x98, 0x12, 0x48, 0x0A, 0xD0, 0x04, 0x30, 0x30, 0x04, 0x48, 0x0A,
    0x8C, 0x11, 0x50, 0x09, 0xA0, 0x05, 0xAE, 0x26, 0x52, 0x58, 0x52, 0x86, 0x1E, 0x5C, 0x00, 0x20,
    0x03, 0x80, 0x04, 0x40, 0x04, 0x40, 0x08, 0x20, 0x00, 0x28, 0x39, 0x18, 0x1B, 0x38, 0x29, 0x00,
    0x21, 0x08, 0x43, 0x84, 0x40, 0x04, 0x80, 0x22, 0x80, 0x42, 0x7E, 0xFC, 0x00, 0x40, 0x00, 0x20,
    0x03, 0x80, 0x04, 0x40, 0x04, 0x40, 0x08, 0x20, 0x00, 0x28, 0x3B, 0x18, 0x18, 0xB8, 0x29, 0x00,
    0x22, 0x08, 0x43, 0x84, 0x40, 0x04, 0x80, 0x22, 0x80, 0x42, 0x7E, 0xFC, 0x00, 0x40, 0x00, 0x20,
    0x03, 0x80, 0x04, 0x40, 0x04, 0x40, 0x08, 0x20, 0x00, 0x28, 0x3B, 0x18, 0x18, 0xB8, 0x2B, 0x00,
    0x20, 0x88, 0x43, 0x04, 0x40, 0x04, 0x80, 0x22, 0x80, 0x42, 0x7E, 0xFC, 0x00, 0x40, 0x00, 0x20,
    0x03, 0x80, 0x04, 0x40, 0x04, 0x40, 0x08, 0x20, 0x00, 0x28, 0x3A, 0x98, 0x1A, 0xB8, 0x2B, 0x80,
    0x20, 0x88, 0x40, 0x84, 0x40, 0x04, 0x80, 0x22, 0x80, 0x42, 0x7E, 0xFC, 0x00, 0x40, 0x00, 0x20,
    0x03, 0x80, 0x04, 0x40, 0x04, 0x40, 0x08, 0x20, 0x00, 0x28, 0x3B, 0x98, 0x1A, 0x38, 0x2B, 0x00,
    0x20, 0x88, 0x43, 0x04, 0x40, 0x04, 0x80, 0x22, 0x80, 0x42, 0x7E, 0xFC, 0x00, 0x40, 0x00, 0x20,
    0x03, 0x80, 0x04, 0x40, 0x04, 0x40, 0x08, 0x20, 0x00, 0x28, 0x39, 0x98, 0x1A, 0x38, 0x2B, 0x80,
    0x22, 0x48, 0x41, 0x84, 0x40, 0x04, 0x80, 0x22, 0x80, 0x42, 0x7E, 0xFC, 0x00, 0x40, 0x00, 0x20,
    0x03, 0x80, 0x04, 0x40, 0x04, 0x40, 0x08, 0x20, 0x00, 0x28, 0x3B, 0x98, 0x18, 0xB8, 0x29, 0x00,
    0x21, 0x08, 0x41, 0x04, 0x40, 0x04, 0x80, 0x22, 0x80, 0x42, 0x7E, 0xFC, 0x00, 0x40, 0x00, 0x20,
    0x03, 0x80, 0x04, 0x40, 0x04, 0x40, 0x08, 0x20, 0x00, 0x28, 0x38, 0x18, 0x18, 0x38, 0x28, 0x00,
    0x20, 0x08, 0x40, 0x04, 0x40, 0x04, 0x80, 0x22, 0x80, 0x42, 0x7E, 0xFC, 0x00, 0x40, 0x00, 0x20,
    0x03, 0xC0, 0x05, 0xE0, 0x0E, 0xF8, 0x1E, 0x78, 0x0E, 0xF0, 0x04, 0x30, 0x30, 0x04, 0x78, 0x0E,
    0xFC, 0x1F, 0x70, 0x0F, 0xE0, 0x07, 0xEE, 0x26, 0x5E, 0x78, 0x5E, 0xFE, 0x1E, 0x7C, 0x00, 0x20,
    0x07, 0xE0, 0x1F, 0xF8, 0x3E, 0x7C, 0x7D, 0xBE, 0x7B, 0xDE, 0xFF, 0x8F, 0xF7, 0xDF, 0xE7, 0xFF,
    0xF3, 0xEF, 0xF7, 0xEF, 0xEF, 0xF7, 0x6F, 0xB6, 0x71, 0x0E, 0x3F, 0xBC, 0x1F, 0xF8, 0x07, 0xE0,
    0x07, 0xE0, 0x18, 0x18, 0x21, 0x84, 0x42, 0x42, 0x44, 0x22, 0x80, 0x71, 0x88, 0x21, 0x98, 0x01,
    0x8C, 0x11, 0x88, 0x11, 0x90, 0x09, 0x50, 0x4A, 0x4E, 0xF2, 0x20, 0x44, 0x18, 0x18, 0x07, 0xE0,
    0x00, 0x00, 0x00, 0x00, 0x00, 0x00, 0x03, 0x80, 0x0C, 0x60, 0x10, 0x10, 0x20, 0x08, 0x26, 0xC8,
    0x49, 0x24, 0x49, 0x24, 0x26, 0xC8, 0x20, 0x08, 0x10, 0x10, 0x0C, 0x60, 0x03, 0x80, 0x00, 0x00,
    0x00, 0x00, 0x00, 0x00, 0x00, 0x00, 0x06, 0x00, 0x06, 0x00, 0x04, 0x00, 0x07, 0x80, 0x04, 0x00,
    0x17, 0xE0, 0x20, 0x20, 0x20, 0x10, 0x20, 0x50, 0x10, 0x8C, 0x0F, 0x00, 0x00, 0x00, 0x00, 0x00,
    0x00, 0x00, 0x00, 0x00, 0x00, 0x00, 0x00, 0x00, 0x1F, 0xF0, 0x10, 0x10, 0x10, 0x10, 0x10, 0x10,
    0x11, 0x10, 0x10, 0x10, 0x10, 0x10, 0x10, 0x10, 0x1F, 0xF0, 0x00, 0x00, 0x00, 0x00, 0x00, 0x00,
    0x00, 0x00, 0x00, 0x00, 0x00, 0x00, 0x00, 0x00, 0x1F, 0xF0, 0x10, 0x10, 0x10, 0x10, 0x14, 0x10,
    0x10, 0x10, 0x10, 0x50, 0x10, 0x10, 0x10, 0x10, 0x1F, 0xF0, 0x00, 0x00, 0x00, 0x00, 0x00, 0x00,
    0x00, 0x00, 0x00, 0x00, 0x00, 0x00, 0x00, 0x00, 0x1F, 0xF0, 0x10, 0x10, 0x14, 0x10, 0x10, 0x10,
    0x11, 0x10, 0x10, 0x10, 0x10, 0x50, 0x10, 0x10, 0x1F, 0xF0, 0x00, 0x00, 0x00, 0x00, 0x00, 0x00,
    0x00, 0x00, 0x00, 0x00, 0x00, 0x00, 0x00, 0x00, 0x1F, 0xF0, 0x10, 0x10, 0x14, 0x50, 0x10, 0x10,
    0x10, 0x10, 0x10, 0x10, 0x14, 0x50, 0x10, 0x10, 0x1F, 0xF0, 0x00, 0x00, 0x00, 0x00, 0x00, 0x00,
    0x00, 0x00, 0x00, 0x00, 0x00, 0x00, 0x00, 0x00, 0x1F, 0xF0, 0x10, 0x10, 0x14, 0x50, 0x10, 0x10,
    0x11, 0x10, 0x10, 0x10, 0x14, 0x50, 0x10, 0x10, 0x1F, 0xF0, 0x00, 0x00, 0x00, 0x00, 0x00, 0x00,
    0x00, 0x00, 0x00, 0x00, 0x00, 0x00, 0x00, 0x00, 0x1F, 0xF0, 0x10, 0x10, 0x14, 0x50, 0x10, 0x10,
    0x14, 0x50, 0x10, 0x10, 0x14, 0x50, 0x10, 0x10, 0x1F, 0xF0, 0x00, 0x00, 0x00, 0x00, 0x00, 0x00,
    0x00, 0x00, 0x00, 0x00, 0x00, 0x00, 0x03, 0xC0, 0x04, 0x20, 0x08, 0x10, 0x10, 0x08, 0x20, 0x04,
    0x20, 0x64, 0x20, 0x64, 0x20, 0x04, 0x10, 0x08, 0x08, 0x10, 0x04, 0x20, 0x03, 0xC0, 0x00, 0x00,
    0x00, 0x00, 0x00, 0x00, 0x00, 0x00, 0x03, 0xC0, 0x04, 0x20, 0x08, 0x10, 0x10, 0x08, 0x20, 0x04,
    0x26, 0x64, 0x26, 0x64, 0x20, 0x04, 0x10, 0x08, 0x08, 0x10, 0x04, 0x20, 0x03, 0xC0, 0x00, 0x00,
    0x00, 0x00, 0x00, 0x00, 0x00, 0x00, 0x03, 0xC0, 0x07, 0xE0, 0x0F, 0xF0, 0x1F, 0xF8, 0x3F, 0xFC,
    0x3F, 0x9C, 0x3F, 0x9C, 0x3F, 0xFC, 0x1F, 0xF8, 0x0F, 0xF0, 0x07, 0xE0, 0x03, 0xC0, 0x00, 0x00,
    0x00, 0x00, 0x00, 0x00, 0x00, 0x00, 0x03, 0xC0, 0x07, 0xE0, 0x0F, 0xF0, 0x1F, 0xF8, 0x3F, 0xFC,
    0x39, 0x9C, 0x39, 0x9C, 0x3F, 0xFC, 0x1F, 0xF8, 0x0F, 0xF0, 0x07, 0xE0, 0x03, 0xC0, 0x00, 0x00,
    0x00, 0x00, 0x00, 0x00, 0x00, 0x00, 0x00, 0x00, 0x00, 0x00, 0x00, 0x00, 0x00, 0x00, 0x00, 0x00,
    0x7F, 0xFC, 0x7F, 0xFC, 0x00, 0x00, 0x00, 0x00, 0x00, 0x00, 0x00, 0x00, 0x00, 0x00, 0x00, 0x00,
    0x00, 0x00, 0x00, 0x00, 0x00, 0x00, 0x00, 0x00, 0x00, 0x00, 0x00, 0x00, 0x00, 0x00, 0x00, 0x00,
    0x7C, 0x7C, 0x7C, 0x7C, 0x00, 0x00, 0x00, 0x00, 0x00, 0x00, 0x00, 0x00, 0x00, 0x00, 0x00, 0x00,
    0x00, 0x00, 0x00, 0x00, 0x00, 0x00, 0x00, 0x00, 0x00, 0x00, 0x00, 0x00, 0x7F, 0xFC, 0x7F, 0xFC,
    0x00, 0x00, 0x00, 0x00, 0x7F, 0xFC, 0x7F, 0xFC, 0x00, 0x00, 0x00, 0x00, 0x00, 0x00, 0x00, 0x00,
    0x00, 0x00, 0x00, 0x00, 0x00, 0x00, 0x00, 0x00, 0x00, 0x00, 0x00, 0x00, 0x7C, 0x7C, 0x7C, 0x7C,
    0x00, 0x00, 0x00, 0x00, 0x7F, 0xFC, 0x7F, 0xFC, 0x00, 0x00, 0x00, 0x00, 0x00, 0x00, 0x00, 0x00,
    0x00, 0x00, 0x00, 0x00, 0x00, 0x00, 0x00, 0x00, 0x00, 0x00, 0x00, 0x00, 0x7F, 0xFC, 0x7F, 0xFC,
    0x00, 0x00, 0x00, 0x00, 0x7C, 0x7C, 0x7C, 0x7C, 0x00, 0x00, 0x00, 0x00, 0x00, 0x00, 0x00, 0x00,
    0x00, 0x00, 0x00, 0x00, 0x00, 0x00, 0x00, 0x00, 0x00, 0x00, 0x00, 0x00, 0x7C, 0x7C, 0x7C, 0x7C,
    0x00, 0x00, 0x00, 0x00, 0x7C, 0x7C, 0x7C, 0x7C, 0x00, 0x00, 0x00, 0x00, 0x00, 0x00, 0x00, 0x00,
    0x00, 0x00, 0x00, 0x70, 0x4E, 0x42, 0x42, 0x72, 0x4E, 0x40, 0x40, 0x40, 0x40, 0x40, 0x00, 0x00,
    0x00, 0x00, 0x00, 0x70, 0x7E, 0x7E, 0x7E, 0x7E, 0x4E, 0x40, 0x40, 0x40, 0x40, 0x40, 0x00, 0x00,
    0x00, 0x00, 0x08, 0x32, 0x5C, 0x7C, 0x3E, 0x7E, 0x7C, 0x1F, 0xF8, 0x27, 0x74, 0x43, 0x22, 0x81,
    0x01, 0x00, 0x02, 0x80, 0x04, 0x40, 0x08, 0x20, 0x10, 0x10, 0x20, 0x08, 0x40, 0x04, 0x00, 0x00,
    0x00, 0x00, 0x00, 0x00, 0x03, 0x80, 0x04, 0x40, 0x04, 0x40, 0x03, 0x80, 0x01, 0x00, 0x07, 0xC0,
    0x01, 0x00, 0x21, 0x08, 0x71, 0x1C, 0x21, 0x08, 0x11, 0x10, 0x0F, 0xE0, 0x00, 0x00, 0x00, 0x00,
    0x00, 0x00, 0x40, 0x04, 0x20, 0x08, 0x10, 0x10, 0x08, 0x20, 0x04, 0x40, 0x02, 0x80, 0x01, 0x00,
    0x02, 0x80, 0x04, 0x40, 0x28, 0x28, 0x10, 0x10, 0x28, 0x28, 0x40, 0x04, 0x00, 0x00, 0x00, 0x00,
    0x00, 0x00, 0x01, 0x00, 0x01, 0x00, 0x0F, 0xF0, 0x11, 0x30, 0x11, 0x00, 0x0F, 0xC0, 0x01, 0x20,
    0x01, 0x20, 0x07, 0xC0, 0x09, 0x00, 0x07, 0x80, 0x01, 0x40, 0x03, 0x80, 0x01, 0x00, 0x00, 0x00,
    0x00, 0x00, 0x00, 0x00, 0x00, 0x00, 0x01, 0x00, 0x11, 0x10, 0x7F, 0xFC, 0x39, 0x38, 0x54, 0x54,
    0x54, 0x54, 0x92, 0x92, 0x92, 0x92, 0xFE, 0xFE, 0x7C, 0x7C, 0x38, 0x38, 0x00, 0x00, 0x00, 0x00,
    0x00, 0x00, 0x00, 0x00, 0x00, 0x00, 0x00, 0x00, 0x03, 0xE0, 0x07, 0xF0, 0x0B, 0xF8, 0x0B, 0xF8,
    0x11, 0xF0, 0x10, 0xE0, 0x10, 0x00, 0x01, 0xF0, 0x02, 0x48, 0x04, 0x44, 0x00, 0x00, 0x00, 0x00,
    0x00, 0x00, 0x00, 0x00, 0x03, 0x80, 0x04, 0x40, 0x04, 0x40, 0x04, 0x40, 0x03, 0x80, 0x01, 0x00,
    0x39, 0x38, 0x3D, 0x78, 0x1D, 0x70, 0x0D, 0x60, 0x03, 0x80, 0x01, 0x00, 0x01, 0x00, 0x00, 0x00,
    0x00, 0x00, 0x00, 0x00, 0x01, 0x00, 0x21, 0x08, 0x17, 0xD0, 0x08, 0x20, 0x10, 0x10, 0x10, 0x10,
    0x71, 0x1C, 0x10, 0x10, 0x10, 0x10, 0x08, 0x20, 0x17, 0xD0, 0x21, 0x08, 0x01, 0x00, 0x00, 0x00,
    0x00, 0x00, 0x01, 0x00, 0x02, 0x80, 0x39, 0x38, 0x7F, 0xFC, 0xFD, 0x7E, 0x05, 0x40, 0x03, 0x80,
    0x01, 0x00, 0x01, 0x00, 0x01, 0x00, 0x01, 0x00, 0x01, 0x00, 0x01, 0x00, 0x00, 0x00, 0x00, 0x00,
    0x01, 0x80, 0x02, 0x40, 0x02, 0x40, 0x74, 0x2E, 0x8E, 0x71, 0x85, 0xA1, 0x4E, 0x72, 0x35, 0xAC,
    0x35, 0xAC, 0x4E, 0x72, 0x85, 0xA1, 0x8E, 0x71, 0x74, 0x2E, 0x02, 0x40, 0x02, 0x40, 0x01, 0x80,
    0x01, 0x00, 0x02, 0x80, 0x04, 0x40, 0x34, 0x58, 0x4C, 0x64, 0x84, 0x42, 0xB2, 0x9A, 0xCA, 0xA6,
    0x1A, 0xB0, 0x10, 0x10, 0x1B, 0xB0, 0x0A, 0xA0, 0x3A, 0xB8, 0x26, 0xC8, 0x19, 0x30, 0x01, 0x00,
    0x01, 0x00, 0x02, 0x80, 0x04, 0x40, 0x04, 0x40, 0x08, 0x00, 0x6B, 0xFC, 0x88, 0x02, 0x88, 0x22,
    0x60, 0x24, 0x18, 0x10, 0x06, 0x50, 0x00, 0x88, 0x21, 0x08, 0x26, 0x48, 0x18, 0x30, 0x00, 0x00,
    0x30, 0x00, 0x0C, 0x00, 0x03, 0x00, 0x00, 0xC0, 0x00, 0x30, 0x00, 0x0C, 0x00, 0x00, 0x3F, 0xFC,
    0x00, 0x00, 0x00, 0x0C, 0x00, 0x30, 0x00, 0xC0, 0x03, 0x00, 0x0C, 0x00, 0x30, 0x00, 0x00, 0x00,
    0x00, 0x0C, 0x00, 0x30, 0x00, 0xC0, 0x03, 0x00, 0x0C, 0x00, 0x30, 0x00, 0x00, 0x00, 0x3F, 0xFC,
    0x00, 0x00, 0x30, 0x00, 0x0C, 0x00, 0x03, 0x00, 0x00, 0xC0, 0x00, 0x30, 0x00, 0x0C, 0x00, 0x00,
    0x00, 0x00, 0x01, 0x00, 0x02, 0x80, 0x02, 0x80, 0x04, 0x40, 0x04, 0x40, 0x09, 0x20, 0x09, 0x20,
    0x11, 0x10, 0x11, 0x10, 0x21, 0x08, 0x20, 0x08, 0x41, 0x04, 0x40, 0x04, 0x7F, 0xFC, 0x00, 0x00,
    0x00, 0x00, 0x00, 0x00, 0x02, 0x04, 0x08, 0x10, 0x20, 0x7E, 0x04, 0x08, 0x10, 0x20, 0x40, 0x00,
    0x00, 0x00, 0x00, 0x00, 0x00, 0x00, 0x00, 0x00, 0x00, 0x00, 0x0E, 0xE0, 0x11, 0x10, 0x22, 0x88,
    0x22, 0x88, 0x11, 0x10, 0x0E, 0xE0, 0x04, 0x40, 0x0E, 0xE0, 0x04, 0x40, 0x00, 0x00, 0x00, 0x00,
    0x00, 0x00, 0x00, 0x00, 0x00, 0x00, 0x01, 0xC0, 0x00, 0xC0, 0x01, 0x40, 0x0E, 0x38, 0x11, 0x18,
    0x23, 0xA8, 0x25, 0x40, 0x1A, 0x20, 0x0C, 0x20, 0x04, 0x40, 0x03, 0x80, 0x00, 0x00, 0x00, 0x00,
    0x00, 0x00, 0x00, 0x38, 0x00, 0x18, 0x00, 0x28, 0x01, 0xC0, 0x02, 0x20, 0x07, 0x10, 0x0A, 0x90,
    0x11, 0x60, 0x10, 0xC0, 0x08, 0x80, 0x07, 0x00, 0x02, 0x00, 0x07, 0x00, 0x02, 0x00, 0x00, 0x00,
    0x00, 0x00, 0x00, 0x00, 0x00, 0x00, 0x00, 0x00, 0x00, 0x70, 0x00, 0x30, 0x00, 0x50, 0x03, 0x80,
    0x04, 0x40, 0x08, 0x20, 0x08, 0x20, 0x04, 0x40, 0x03, 0x80, 0x01, 0x00, 0x03, 0x80, 0x01, 0x00,
    0x00, 0x00, 0x00, 0x00, 0x00, 0x00, 0x00, 0x00, 0x00, 0x38, 0x00, 0x18, 0x00, 0xA8, 0x00, 0x40,
    0x0E, 0xA0, 0x11, 0x00, 0x20, 0x80, 0x20, 0x80, 0x11, 0x00, 0x0E, 0x00, 0x00, 0x00, 0x00, 0x00,
    0x00, 0x00, 0x00, 0x00, 0x00, 0x00, 0xE0, 0x0E, 0xC0, 0x06, 0xA8, 0x0A, 0x10, 0x10, 0x2B, 0xA0,
    0x04, 0x40, 0x08, 0x20, 0x08, 0x20, 0x04, 0x40, 0x03, 0x80, 0x01, 0x00, 0x03, 0x80, 0x01, 0x00,
    0x00, 0x00, 0x10, 0x38, 0x54, 0x10, 0x38, 0x10, 0x38, 0x44, 0x82, 0x82, 0x44, 0x38, 0x00, 0x00,
    0x00, 0x00, 0x00, 0x00, 0x00, 0x00, 0x00, 0x00, 0x00, 0x00, 0x00, 0x00, 0x00, 0x00, 0x00, 0x00,
    0x1C, 0x00, 0x22, 0x08, 0x41, 0x44, 0x41, 0xFE, 0x41, 0x44, 0x22, 0x08, 0x1C, 0x00, 0x00, 0x00,
    0x00, 0x00, 0x00, 0x00, 0x00, 0x00, 0x00, 0x00, 0x38, 0x44, 0x82, 0x82, 0x82, 0x44, 0x38, 0x00,
    0x00, 0x00, 0x00, 0x00, 0x00, 0x00, 0x00, 0x00, 0x38, 0x7C, 0xFE, 0xFE, 0xFE, 0x7C, 0x38, 0x00,
    0x00, 0x00, 0x00, 0x00, 0x00, 0x00, 0x00, 0x00, 0x00, 0x1C, 0x22, 0x22, 0x22, 0x1C, 0x00, 0x00,
    0x00, 0x00, 0x00, 0x00, 0x00, 0x00, 0x00, 0x00, 0x00, 0x00, 0x00, 0x00, 0x00, 0x00, 0x00, 0x00,
    0x0E, 0xE0, 0x11, 0x10, 0x22, 0x88, 0x22, 0x88, 0x11, 0x10, 0x0E, 0xE0, 0x00, 0x00, 0x00, 0x00,
    0x00, 0x00, 0x00, 0x00, 0x00, 0x00, 0x00, 0x00, 0x00, 0x00, 0x00, 0x00, 0x00, 0x00, 0x00, 0x00,
    0x00, 0x80, 0x0E, 0xB8, 0x11, 0xC4, 0x11, 0xC4, 0x11, 0xC4, 0x0E, 0xB8, 0x00, 0x80, 0x00, 0x00,
    0x00, 0x00, 0x00, 0x00, 0x00, 0x00, 0x00, 0x00, 0x00, 0x00, 0x00, 0x00, 0x00, 0x00, 0x00, 0x00,
    0x00, 0x00, 0x38, 0x38, 0x44, 0x44, 0x47, 0xC4, 0x44, 0x44, 0x38, 0x38, 0x00, 0x00, 0x00, 0x00,
    0x00, 0x00, 0x00, 0x00, 0x0C, 0x00, 0x13, 0xC0, 0x20, 0x3E, 0x40, 0x02, 0x40, 0x02, 0x40, 0x02,
    0x40, 0x02, 0x60, 0x3E, 0x53, 0xC2, 0x2E, 0x3E, 0x1B, 0xC0, 0x0C, 0x00, 0x00, 0x00, 0x00, 0x00,
    0x00, 0x00, 0x07, 0xC0, 0x02, 0x80, 0x0F, 0xE0, 0x10, 0x10, 0x20, 0x08, 0x20, 0x08, 0x10, 0x10,
    0x10, 0x10, 0x10, 0x10, 0x08, 0x20, 0x08, 0x20, 0x08, 0x20, 0x07, 0xC0, 0x00, 0x00, 0x00, 0x00,
    0x00, 0x00, 0x00, 0x00, 0x00, 0x1C, 0x22, 0x22, 0x22, 0x1C, 0x08, 0x08, 0x08, 0x08, 0x00, 0x00,
    0x00, 0x00, 0x00, 0x00, 0x00, 0x38, 0x44, 0x02, 0x02, 0x04, 0x18, 0x10, 0x7C, 0x10, 0x00, 0x00,
    0x00, 0x00, 0x00, 0x00, 0x10, 0x28, 0x44, 0x82, 0x44, 0x28, 0x10, 0x10, 0x7C, 0x10, 0x00, 0x00,
    0x00, 0x00, 0x00, 0x00, 0x92, 0x54, 0x38, 0xFE, 0x38, 0x54, 0x92, 0x10, 0x7C, 0x10, 0x00, 0x00,
    0x00, 0x00, 0x00, 0x00, 0x00, 0x00, 0x01, 0x00, 0x01, 0x00, 0x01, 0x00, 0x01, 0x00, 0x39, 0x38,
    0x04, 0x40, 0x02, 0x80, 0x79, 0x3C, 0x04, 0x40, 0x02, 0x80, 0x01, 0x00, 0x00, 0x00, 0x00, 0x00,
    0x00, 0x00, 0x00, 0x12, 0x14, 0x18, 0x14, 0x12, 0x10, 0x38, 0x44, 0x44, 0x44, 0x38, 0x00, 0x00,
    0x00, 0x00, 0x00, 0x00, 0x1C, 0x38, 0x70, 0x70, 0x70, 0x38, 0x1C, 0x08, 0x3E, 0x08, 0x00, 0x00,
    0x00, 0x00, 0x00, 0x00, 0x00, 0x00, 0x42, 0x24, 0x18, 0xFF, 0x18, 0x24, 0x42, 0x00, 0x00, 0x00,
    0x00, 0x00, 0x00, 0x00, 0x00, 0x00, 0x44, 0x44, 0x44, 0x28, 0x28, 0x28, 0x10, 0xFE, 0x00, 0x00,
    0x00, 0x00, 0x00, 0x00, 0x00, 0x00, 0xFE, 0x10, 0x28, 0x28, 0x28, 0x44, 0x44, 0x44, 0x00, 0x00,
    0x00, 0x00, 0x00, 0x00, 0x00, 0x00, 0x00, 0xFE, 0x82, 0x82, 0x82, 0x92, 0x92, 0xFE, 0x10, 0x1E,
    0x00, 0x00, 0x00, 0x00, 0x01, 0xC0, 0x07, 0x30, 0x0F, 0x38, 0x17, 0x3C, 0x10, 0x04, 0x21, 0xC2,
    0x23, 0xE2, 0x39, 0xCE, 0x1C, 0x1C, 0x18, 0x0C, 0x09, 0xC8, 0x07, 0xF0, 0x01, 0xC0, 0x00, 0x00,
    0x00, 0x00, 0x00, 0x00, 0x01, 0xC0, 0x06, 0x30, 0x0C, 0x18, 0x12, 0x24, 0x10, 0x04, 0x21, 0x42,
    0x20, 0x02, 0x21, 0x42, 0x10, 0x04, 0x12, 0x24, 0x0C, 0x18, 0x06, 0x30, 0x01, 0xC0, 0x00, 0x00,
    0x00, 0x00, 0x00, 0x00, 0x7F, 0xFC, 0x40, 0x04, 0x43, 0x84, 0x44, 0x44, 0x44, 0x44, 0x43, 0x84,
    0x41, 0x04, 0x41, 0x04, 0x41, 0x04, 0x41, 0xC4, 0x41, 0x04, 0x40, 0x04, 0x7F, 0xFC, 0x00, 0x00,
    0x00, 0x00, 0x00, 0x00, 0x00, 0x00, 0x00, 0x00, 0x00, 0x00, 0x07, 0xE0, 0x18, 0x18, 0x21, 0x84,
    0x21, 0x84, 0x38, 0x1C, 0x2F, 0xF4, 0x2A, 0x54, 0x1A, 0x58, 0x07, 0xE0, 0x00, 0x00, 0x00, 0x00,
    0x00, 0x00, 0x00, 0x00, 0x07, 0xE0, 0x18, 0x18, 0x21, 0x84, 0x21, 0x84, 0x38, 0x1C, 0x2F, 0xF4,
    0x2A, 0x54, 0x3A, 0x5C, 0x2F, 0xF4, 0x2A, 0x54, 0x1A, 0x58, 0x07, 0xE0, 0x00, 0x00, 0x00, 0x00,
    0x00, 0x00, 0x00, 0x00, 0x00, 0x00, 0x00, 0x00, 0x0F, 0xF0, 0x38, 0x1C, 0x67, 0xE6, 0x5E, 0x7A,
    0x5E, 0x7A, 0x47, 0xE2, 0x50, 0x0A, 0x55, 0xAA, 0x65, 0xA6, 0x38, 0x1C, 0x0F, 0xF0, 0x00, 0x00,
    0x00, 0x00, 0x0F, 0xF0, 0x38, 0x1C, 0x67, 0xE6, 0x5E, 0x7A, 0x5E, 0x7A, 0x47, 0xE2, 0x50, 0x0A,
    0x55, 0xAA, 0x45, 0xA2, 0x50, 0x0A, 0x55, 0xAA, 0x65, 0xA6, 0x38, 0x1C, 0x0F, 0xF0, 0x00, 0x00,
    0x03, 0xC0, 0x03, 0xC0, 0x0F, 0xF0, 0x04, 0x20, 0x0A, 0x50, 0x08, 0x10, 0x0A, 0x50, 0x09, 0x90,
    0x04, 0x20, 0x07, 0xE0, 0x08, 0x10, 0x10, 0x88, 0x78, 0x1E, 0x10, 0x88, 0x08, 0x10, 0x07, 0xE0,
    0x00, 0x00, 0x00, 0x00, 0x00, 0x00, 0x01, 0x20, 0x01, 0x48, 0x00, 0x10, 0x00, 0xC0, 0x07, 0x2C,
    0x09, 0xA0, 0x10, 0x60, 0x20, 0x10, 0x20, 0x10, 0x10, 0x60, 0x0F, 0x80, 0x00, 0x00, 0x00, 0x00,
    0x00, 0x00, 0x22, 0x22, 0x44, 0x44, 0x00, 0x88, 0x10, 0x00, 0x22, 0x22, 0x44, 0x44, 0x00, 0x88,
    0x10, 0x00, 0x22, 0x22, 0x44, 0x44, 0x00, 0x80, 0x10, 0x12, 0x22, 0x24, 0x44, 0x48, 0x00, 0x00,
    0x8B, 0xC8, 0x03, 0xC0, 0x2F, 0xF1, 0x07, 0xE4, 0x8D, 0xB0, 0x2F, 0xF2, 0x0D, 0xB0, 0x4E, 0x74,
    0x07, 0xE1, 0x47, 0xE0, 0x0F, 0xF0, 0x1F, 0x78, 0x7F, 0xFE, 0x1F, 0x78, 0x0F, 0xF0, 0x07, 0xE0,
    0x00, 0x00, 0x07, 0x20, 0x08, 0xCC, 0x10, 0xB2, 0x21, 0x02, 0x20, 0x82, 0x11, 0x04, 0x0A, 0x18,
    0x07, 0xE0, 0x20, 0x00, 0x44, 0x40, 0x00, 0x80, 0x10, 0x10, 0x22, 0x20, 0x44, 0x40, 0x00, 0x00,
    0x00, 0x00, 0x3F, 0xF8, 0x20, 0x08, 0x20, 0x08, 0x20, 0x08, 0x20, 0x08, 0x20, 0x08, 0x20, 0x08,
    0x20, 0x08, 0x10, 0x10, 0x08, 0x20, 0x04, 0x40, 0x02, 0x80, 0x01, 0x00, 0x00, 0x00, 0x00, 0x00,
    0x00, 0x00, 0x3F, 0xF8, 0x3F, 0xF8, 0x3F, 0xF8, 0x3F, 0xF8, 0x3F, 0xF8, 0x3F, 0xF8, 0x3F, 0xF8,
    0x3F, 0xF8, 0x1F, 0xF0, 0x0F, 0xE0, 0x07, 0xC0, 0x03, 0x80, 0x01, 0x00, 0x00, 0x00, 0x00, 0x00,
    0x00, 0x00, 0x00, 0x00, 0x00, 0x00, 0x7F, 0xF0, 0x45, 0x10, 0x48, 0x90, 0x50, 0x50, 0x60, 0x30,
    0x40, 0x10, 0x60, 0x30, 0x50, 0x50, 0x48, 0x90, 0x45, 0x10, 0x7F, 0xF0, 0x00, 0x00, 0x00, 0x00,
    0x00, 0x00, 0x00, 0x00, 0x00, 0x00, 0x00, 0x00, 0x20, 0x20, 0x10, 0x40, 0x08, 0x80, 0x04, 0x00,
    0x02, 0x00, 0x01, 0x00, 0x08, 0x80, 0x10, 0x40, 0x20, 0x20, 0x00, 0x00, 0x00, 0x00, 0x00, 0x00,
    0x00, 0x00, 0x3C, 0x00, 0x42, 0x00, 0x42, 0x00, 0x81, 0x00, 0xFF, 0x00, 0xFF, 0x00, 0xFF, 0x00,
    0x42, 0x00, 0x42, 0x00, 0x00, 0x40, 0x00, 0xA0, 0x01, 0x10, 0x02, 0x08, 0x04, 0x04, 0x0F, 0xFE,
    0x00, 0x00, 0x00, 0x00, 0x00, 0x00, 0x00, 0x00, 0x00, 0x00, 0x04, 0x40, 0x04, 0x40, 0x04, 0x50,
    0x1E, 0x48, 0x25, 0x48, 0x24, 0xF0, 0x14, 0x40, 0x04, 0x40, 0x06, 0x60, 0x00, 0x00, 0x00, 0x00,
    0x00, 0x00, 0x40, 0xC0, 0x27, 0x00, 0x1C, 0x00, 0x1C, 0x00, 0x3E, 0x00, 0x33, 0x00, 0x21, 0x80,
    0x40, 0xC0, 0x40, 0x60, 0x00, 0x30, 0x00, 0x18, 0x00, 0x0C, 0x00, 0x06, 0x00, 0x00, 0x00, 0x00,
    0x00, 0x00, 0x00, 0xE0, 0x03, 0x10, 0x05, 0xC8, 0x03, 0xF8, 0x04, 0xE8, 0x00, 0x30, 0x00, 0x40,
    0x1C, 0x00, 0x21, 0x80, 0x22, 0x00, 0x1A, 0xC0, 0x02, 0x20, 0x3C, 0x20, 0x00, 0x00, 0x00, 0x00,
    0x00, 0x00, 0x00, 0x00, 0x07, 0x00, 0x1D, 0xC0, 0x38, 0xE0, 0x7D, 0xF0, 0xFF, 0xF8, 0x40, 0x10,
    0x40, 0x10, 0x40, 0x10, 0x20, 0x20, 0x20, 0x20, 0x18, 0xC0, 0x07, 0x00, 0x00, 0x00, 0x00, 0x00,
    0x00, 0x00, 0x00, 0x00, 0x07, 0x00, 0x18, 0xC0, 0x20, 0x20, 0x50, 0x50, 0x48, 0x90, 0x81, 0x08,
    0x82, 0x08, 0x84, 0x08, 0x48, 0x90, 0x50, 0x50, 0x20, 0x20, 0x18, 0xC0, 0x07, 0x00, 0x00, 0x00,
    0x00, 0x00, 0x22, 0x10, 0x2A, 0x38, 0x1C, 0x54, 0x08, 0x44, 0x1C, 0x44, 0x2A, 0x54, 0x22, 0x38,
    0x22, 0x10, 0x2A, 0x38, 0x1C, 0x54, 0x08, 0x44, 0x1C, 0x44, 0x2A, 0x54, 0x22, 0x38, 0x00, 0x10,
    0x00, 0x00, 0x00, 0x00, 0x00, 0x00, 0x07, 0x00, 0x1F, 0xC0, 0x3F, 0xE0, 0x7F, 0xF0, 0x7F, 0xF0,
    0xC0, 0x18, 0xC0, 0x18, 0x7F, 0xF0, 0x7F, 0xF0, 0x3F, 0xE0, 0x1F, 0xC0, 0x07, 0x00, 0x00, 0x00,
    0x00, 0x00, 0x00, 0x00, 0x0C, 0x30, 0x1E, 0x30, 0x2D, 0x30, 0x0C, 0x30, 0x08, 0xE0, 0x0B, 0xC0,
    0x0A, 0x00, 0x0B, 0xC0, 0x08, 0xE0, 0x0C, 0x30, 0x0C, 0xB4, 0x0C, 0x78, 0x0C, 0x30, 0x00, 0x00,
    0x00, 0x00, 0x00, 0x00, 0x01, 0x80, 0x03, 0xC0, 0x07, 0xE0, 0x0B, 0xD0, 0x11, 0xD8, 0x2A, 0xDC,
    0x7B, 0xDE, 0x3B, 0x54, 0x1B, 0x88, 0x0F, 0xD0, 0x07, 0xE0, 0x03, 0xC0, 0x01, 0x80, 0x00, 0x00,
    0x00, 0x00, 0x01, 0x80, 0x02, 0x40, 0x04, 0x20, 0x08, 0x10, 0x14, 0x28, 0x2E, 0x24, 0x55, 0x22,
    0x84, 0x21, 0x44, 0xAA, 0x24, 0x74, 0x10, 0x28, 0x08, 0x10, 0x04, 0x20, 0x02, 0x40, 0x01, 0x80,
    0x00, 0x00, 0x00, 0x00, 0x07, 0xFC, 0x07, 0xFC, 0x07, 0xFC, 0x0F, 0xFC, 0x1F, 0xFC, 0x3F, 0xFC,
    0x3F, 0xFC, 0x3F, 0xFC, 0x3F, 0xFC, 0x3F, 0xFC, 0x3F, 0xFC, 0x3F, 0xFC, 0x00, 0x00, 0x00, 0x00,
    0x00, 0x00, 0x00, 0x00, 0x18, 0x06, 0x19, 0x06, 0x19, 0x06, 0x19, 0x06, 0x30, 0x06, 0x61, 0x06,
    0xC1, 0x06, 0xC1, 0x06, 0xC0, 0x06, 0xC1, 0x06, 0xC1, 0x06, 0xC1, 0x06, 0x00, 0x00, 0x00, 0x00,
    0x00, 0x00, 0x00, 0x00, 0x78, 0x1E, 0x78, 0x1E, 0x70, 0x0E, 0x60, 0x06, 0x00, 0x00, 0x00, 0x00,
    0x00, 0x00, 0x00, 0x00, 0x60, 0x06, 0x70, 0x0E, 0x78, 0x1E, 0x78, 0x1E, 0x00, 0x00, 0x00, 0x00,
    0x00, 0x00, 0x00, 0x00, 0x00, 0x00, 0x00, 0x00, 0x1F, 0xF0, 0x18, 0x30, 0x0C, 0x60, 0x0C, 0x60,
    0x06, 0xC0, 0x07, 0xC0, 0x03, 0x80, 0x03, 0x80, 0x01, 0x00, 0x01, 0x00, 0x00, 0x00, 0x00, 0x00,
    0x00, 0x00, 0x00, 0x00, 0x18, 0x03, 0x18, 0x43, 0x18, 0x43, 0x18, 0x43, 0x30, 0x03, 0x60, 0x43,
    0xC0, 0x43, 0xC0, 0x43, 0xC4, 0x03, 0xC4, 0x43, 0xC4, 0x43, 0xC4, 0x43, 0x00, 0x00, 0x00, 0x00,
    0x00, 0x00, 0x00, 0x00, 0x00, 0x00, 0x3F, 0xF8, 0x30, 0x18, 0x28, 0x28, 0x24, 0x48, 0x22, 0x88,
    0x21, 0x08, 0x22, 0x88, 0x24, 0x48, 0x28, 0x28, 0x30, 0x18, 0x3F, 0xF8, 0x00, 0x00, 0x00, 0x00,
    0x00, 0x00, 0x00, 0x00, 0xFD, 0xF8, 0xF8, 0xF8, 0xE0, 0x38, 0xD0, 0x18, 0xC8, 0x18, 0x84, 0x08,
    0x02, 0x00, 0x81, 0x08, 0xC0, 0x98, 0xC0, 0x58, 0xE0, 0x38, 0xF8, 0xF8, 0xFD, 0xF8, 0x00, 0x00,
    0x00, 0x00, 0x00, 0x00, 0x7F, 0xF0, 0x7F, 0xF0, 0x7F, 0xFC, 0x7F, 0xF2, 0x7F, 0xF2, 0x7F, 0xFE,
    0x7F, 0xFE, 0x7F, 0xFE, 0x6F, 0xF6, 0x57, 0xEA, 0x38, 0x1C, 0x10, 0x08, 0x00, 0x00, 0x00, 0x00,
    0x00, 0x00, 0x7F, 0xFE, 0x3E, 0x02, 0x1C, 0x42, 0x08, 0x42, 0x00, 0x02, 0x00, 0x42, 0x00, 0x42,
    0x00, 0x02, 0x00, 0x42, 0x00, 0x42, 0x00, 0x02, 0x00, 0x42, 0x00, 0x42, 0x00, 0x02, 0x00, 0x00,
    0x00, 0x00, 0x40, 0x00, 0x60, 0x00, 0x70, 0x00, 0x78, 0x00, 0x70, 0x00, 0x60, 0x00, 0x40, 0x00,
    0x40, 0x80, 0x40, 0x40, 0x42, 0x20, 0x46, 0x10, 0x4E, 0x08, 0x5E, 0x04, 0x7F, 0xFE, 0x00, 0x00,
    0x00, 0x00, 0x00, 0x10, 0x38, 0x7C, 0x10, 0x10, 0x7C, 0x82, 0xBA, 0xBA, 0x82, 0x7C, 0x00, 0x00,
    0x00, 0x00, 0x01, 0x00, 0x19, 0x30, 0x19, 0x30, 0x01, 0x00, 0x01, 0x00, 0x03, 0x80, 0x0C, 0x60,
    0x08, 0x20, 0x10, 0x10, 0x10, 0x10, 0x10, 0x10, 0x08, 0x20, 0x0C, 0x60, 0x03, 0x80, 0x00, 0x00,
    0x00, 0x00, 0x01, 0x00, 0x01, 0x00, 0x02, 0x80, 0x02, 0x80, 0x02, 0x80, 0x7F, 0xFC, 0x24, 0x48,
    0x14, 0x50, 0x0C, 0x60, 0x0A, 0xA0, 0x09, 0x20, 0x16, 0xD0, 0x18, 0x30, 0x20, 0x08, 0x00, 0x00,
    0x00, 0x00, 0x01, 0x00, 0x01, 0x00, 0x02, 0x80, 0x02, 0x80, 0x00, 0x80, 0x7F, 0x5C, 0x20, 0x48,
    0x14, 0x10, 0x08, 0x60, 0x0A, 0x00, 0x09, 0x20, 0x14, 0xD0, 0x18, 0x30, 0x20, 0x08, 0x00, 0x00,
    0x00, 0x00, 0x01, 0x00, 0x01, 0x00, 0x02, 0x80, 0x02, 0x80, 0x02, 0x00, 0x75, 0xFC, 0x24, 0x08,
    0x10, 0x50, 0x0C, 0x20, 0x00, 0xA0, 0x09, 0x20, 0x16, 0x50, 0x18, 0x30, 0x20, 0x08, 0x00, 0x00,
    0x00, 0x00, 0x20, 0x08, 0x18, 0x30, 0x16, 0xD0, 0x09, 0x20, 0x0A, 0xA0, 0x0C, 0x60, 0x14, 0x50,
    0x24, 0x48, 0x7F, 0xFC, 0x02, 0x80, 0x02, 0x80, 0x02, 0x80, 0x01, 0x00, 0x01, 0x00, 0x00, 0x00,
    0x00, 0x00, 0x00, 0x00, 0x00, 0x00, 0x3F, 0xF0, 0x20, 0x10, 0x23, 0x10, 0x23, 0x10, 0x2F, 0xD0,
    0x2F, 0xD0, 0x23, 0x10, 0x23, 0x10, 0x20, 0x10, 0x30, 0x30, 0x0C, 0xC0, 0x03, 0x00, 0x00, 0x00,
    0x00, 0x00, 0x00, 0x00, 0xFF, 0xFE, 0x10, 0x10, 0x10, 0x10, 0x10, 0x10, 0x1F, 0xF0, 0x10, 0x10,
    0x10, 0x10, 0x10, 0x10, 0x10, 0x10, 0x10, 0x10, 0x10, 0x10, 0x10, 0x10, 0x00, 0x00, 0x00, 0x00,
    0x01, 0x00, 0x01, 0x00, 0x07, 0xC0, 0x01, 0x00, 0x01, 0x00, 0x03, 0x80, 0x07, 0xC0, 0x1F, 0xF0,
    0x7C, 0x7C, 0x38, 0x38, 0x33, 0x98, 0x37, 0xD8, 0x37, 0xD8, 0x37, 0xD8, 0x00, 0x00, 0x00, 0x00,
    0x00, 0x00, 0x00, 0x00, 0x00, 0x00, 0x0F, 0x80, 0x08, 0x80, 0x78, 0xF0, 0x40, 0x10, 0x40, 0x10,
    0x40, 0x10, 0x40, 0x10, 0x40, 0x10, 0x40, 0x10, 0x40, 0x10, 0x40, 0x10, 0x00, 0x00, 0x00, 0x00,
    0x00, 0x00, 0x00, 0x00, 0x00, 0x00, 0x00, 0x00, 0x00, 0x00, 0x01, 0x80, 0x01, 0x80, 0x00, 0x00,
    0x00, 0x00, 0x00, 0x00, 0x00, 0x00, 0x0C, 0x30, 0x0C, 0x30, 0x00, 0x00, 0x00, 0x00, 0x00, 0x00,
    0x00, 0x00, 0x00, 0x00, 0x00, 0x00, 0x01, 0x00, 0x11, 0x10, 0x0B, 0xA0, 0x04, 0x40, 0x08, 0x20,
    0x38, 0x38, 0x08, 0x20, 0x04, 0x40, 0x0B, 0xA0, 0x11, 0x10, 0x01, 0x00, 0x00, 0x00, 0x00, 0x00,
    0x00, 0x00, 0x00, 0x00, 0x00, 0x00, 0x01, 0x00, 0x11, 0x10, 0x0B, 0xA0, 0x04, 0x44, 0x08, 0x24,
    0x78, 0x3C, 0x48, 0x20, 0x44, 0x40, 0x0B, 0xA0, 0x11, 0x10, 0x01, 0x00, 0x00, 0x00, 0x00, 0x00,
    0x00, 0x00, 0x00, 0x00, 0x00, 0x00, 0x01, 0x00, 0x11, 0x10, 0x0B, 0xA0, 0x04, 0x40, 0x0B, 0xA0,
    0x3B, 0xB8, 0x0B, 0xA0, 0x04, 0x40, 0x0B, 0xA0, 0x11, 0x10, 0x01, 0x00, 0x00, 0x00, 0x00, 0x00,
    0x00, 0x00, 0x00, 0x00, 0x00, 0x00, 0x00, 0x00, 0x01, 0x00, 0x02, 0x80, 0x04, 0x60, 0x04, 0x10,
    0x08, 0x18, 0x13, 0xF8, 0x3F, 0xFC, 0x3F, 0xFC, 0x7F, 0xFE, 0x7F, 0xFE, 0x00, 0x00, 0x00, 0x00,
    0x00, 0x00, 0x07, 0xE0, 0x18, 0x18, 0x28, 0x24, 0x47, 0xE2, 0x79, 0x1E, 0x41, 0x02, 0x02, 0x00,
    0x02, 0x00, 0x02, 0x00, 0x04, 0x00, 0x04, 0x00, 0x04, 0x00, 0x7F, 0xFE, 0x7F, 0xFE, 0x00, 0x00,
    0x00, 0x00, 0x14, 0x50, 0x22, 0x88, 0x42, 0x84, 0x40, 0x04, 0x43, 0x84, 0x47, 0xC4, 0x07, 0xC0,
    0x00, 0x00, 0x7F, 0xFC, 0x3F, 0xF8, 0x0F, 0xE0, 0x0F, 0xE0, 0x1F, 0xF0, 0x3F, 0xF8, 0x00, 0x00,
    0x00, 0x00, 0x01, 0x80, 0x01, 0xE0, 0x01, 0xF8, 0x01, 0x00, 0x01, 0x00, 0x01, 0x00, 0x01, 0x00,
    0x01, 0x00, 0x3D, 0x78, 0x7D, 0x7C, 0xFC, 0x7E, 0x7E, 0xFC, 0x3F, 0xF8, 0x07, 0xC0, 0x00, 0x00,
    0x00, 0x00, 0x00, 0x00, 0x03, 0x00, 0x03, 0x00, 0x03, 0x00, 0x07, 0xE0, 0x0A, 0x50, 0x12, 0x48,
    0x22, 0x48, 0xFF, 0xFC, 0x3F, 0xF8, 0x1F, 0xF8, 0x0F, 0xF0, 0x00, 0x00, 0x00, 0x00, 0x00, 0x00,
    0x00, 0x00, 0x01, 0x00, 0x01, 0x80, 0x01, 0x40, 0x05, 0x40, 0x0D, 0x20, 0x15, 0x20, 0x25, 0x10,
    0x45, 0x10, 0xFD, 0xF8, 0x01, 0x00, 0xFF, 0xFC, 0x3F, 0xF8, 0x1F, 0xF8, 0x0F, 0xF0, 0x00, 0x00,
    0x00, 0x00, 0x38, 0x1C, 0x40, 0x02, 0x40, 0x02, 0x40, 0x02, 0x00, 0x00, 0x00, 0x00, 0x00, 0x00,
    0x00, 0x00, 0x00, 0x00, 0x00, 0x00, 0x40, 0x02, 0x40, 0x02, 0x40, 0x02, 0x38, 0x1C, 0x00, 0x00,
    0x00, 0x00, 0x00, 0x00, 0x38, 0x00, 0x38, 0x00, 0x38, 0x00, 0x06, 0x00, 0x0E, 0x20, 0x7F, 0xF0,
    0x1C, 0x20, 0x1C, 0x0C, 0x0E, 0x30, 0x0F, 0xC0, 0x03, 0x00, 0x1C, 0x00, 0x00, 0x00, 0x00, 0x00,
    0x00, 0x00, 0x00, 0x00, 0x00, 0x00, 0x00, 0x00, 0x00, 0x00, 0x00, 0xF0, 0x00, 0xF0, 0x00, 0xF0,
    0x00, 0xF0, 0x1F, 0xF0, 0x3F, 0xF0, 0x3F, 0xE0, 0x08, 0x40, 0x3F, 0xF8, 0x00, 0x00, 0x00, 0x00,
    0x00, 0x00, 0x03, 0x80, 0x03, 0x80, 0x03, 0x80, 0x00, 0x00, 0x03, 0xFC, 0x07, 0x80, 0x0B, 0x80,
    0x13, 0x8C, 0x23, 0x8C, 0x03, 0x80, 0x06, 0xC0, 0x06, 0xC0, 0x0C, 0x60, 0x0C, 0x60, 0x78, 0x3C,
    0x00, 0x00, 0x06, 0x00, 0x05, 0x00, 0x0E, 0x80, 0x0E, 0x40, 0x0E, 0x20, 0x1F, 0x10, 0x1F, 0x08,
    0x1F, 0x04, 0x3F, 0x82, 0x3F, 0x84, 0x31, 0x88, 0x71, 0xC8, 0x71, 0xD0, 0x71, 0xE0, 0x00, 0x00,
    0x00, 0x00, 0x00, 0x00, 0x07, 0xC0, 0x18, 0x30, 0x20, 0x08, 0x30, 0x18, 0x08, 0x20, 0x04, 0x40,
    0x04, 0x40, 0x04, 0x40, 0x08, 0x20, 0x30, 0x18, 0x20, 0x08, 0x18, 0x30, 0x07, 0xC0, 0x00, 0x00,
    0x00, 0x00, 0x00, 0x00, 0x01, 0x00, 0x01, 0x00, 0x01, 0x00, 0x01, 0x00, 0x07, 0xC0, 0x00, 0x00,
    0x00, 0x00, 0x10, 0x10, 0x10, 0x10, 0x10, 0x10, 0x10, 0x10, 0x7C, 0x7C, 0x00, 0x00, 0x00, 0x00,
    0x00, 0x00, 0x00, 0x00, 0x0F, 0x80, 0x1F, 0xD8, 0x10, 0x44, 0x10, 0x42, 0x1F, 0xF2, 0x1F, 0xCA,
    0x1F, 0xCA, 0x1F, 0xCA, 0x1F, 0xCA, 0x1F, 0xC4, 0x1F, 0xC0, 0x7F, 0xF0, 0x00, 0x00, 0x00, 0x00,
    0x00, 0x00, 0x7F, 0xFE, 0x7F, 0xFE, 0x70, 0x06, 0x70, 0x1A, 0x70, 0x1A, 0x70, 0x1A, 0x70, 0x06,
    0x78, 0x0E, 0x7C, 0x1E, 0x4F, 0xF2, 0x47, 0xE2, 0x60, 0x06, 0x78, 0x1E, 0x7F, 0xFE, 0x00, 0x00,
    0x00, 0x00, 0x00, 0x00, 0x7F, 0xFC, 0x40, 0x04, 0x40, 0x04, 0x7F, 0xFC, 0x7F, 0xFC, 0x40, 0x04,
    0x40, 0x04, 0x7F, 0xFC, 0x40, 0x00, 0x40, 0x00, 0x40, 0x00, 0x40, 0x00, 0x40, 0x00, 0x00, 0x00,
    0x00, 0x00, 0x00, 0x7E, 0x66, 0x5A, 0x5A, 0x7A, 0x76, 0x76, 0x7E, 0x76, 0x76, 0x7E, 0x00, 0x00,
};

static const unifont_glyph_t s_unifont_glyphs[] = {
    {0x0020, 0, 8},
    {0x0021, 16, 8},
    {0x0022, 32, 8},
    {0x0023, 48, 8},
    {0x0024, 64, 8},
    {0x0025, 80, 8},
    {0x0026, 96, 8},
    {0x0027, 112, 8},
    {0x0028, 128, 8},
    {0x0029, 144, 8},
    {0x002A, 160, 8},
    {0x002B, 176, 8},
    {0x002C, 192, 8},
    {0x002D, 208, 8},
    {0x002E, 224, 8},
    {0x002F, 240, 8},
    {0x0030, 256, 8},
    {0x0031, 272, 8},
    {0x0032, 288, 8},
    {0x0033, 304, 8},
    {0x0034, 320, 8},
    {0x0035, 336, 8},
    {0x0036, 352, 8},
    {0x0037, 368, 8},
    {0x0038, 384, 8},
    {0x0039, 400, 8},
    {0x003A, 416, 8},
    {0x003B, 432, 8},
    {0x003C, 448, 8},
    {0x003D, 464, 8},
    {0x003E, 480, 8},
    {0x003F, 496, 8},
    {0x0040, 512, 8},
    {0x0041, 528, 8},
    {0x0042, 544, 8},
    {0x0043, 560, 8},
    {0x0044, 576, 8},
    {0x0045, 592, 8},
    {0x0046, 608, 8},
    {0x0047, 624, 8},
    {0x0048, 640, 8},
    {0x0049, 656, 8},
    {0x004A, 672, 8},
    {0x004B, 688, 8},
    {0x004C, 704, 8},
    {0x004D, 720, 8},
    {0x004E, 736, 8},
    {0x004F, 752, 8},
    {0x0050, 768, 8},
    {0x0051, 784, 8},
    {0x0052, 800, 8},
    {0x0053, 816, 8},
    {0x0054, 832, 8},
    {0x0055, 848, 8},
    {0x0056, 864, 8},
    {0x0057, 880, 8},
    {0x0058, 896, 8},
    {0x0059, 912, 8},
    {0x005A, 928, 8},
    {0x005B, 944, 8},
    {0x005C, 960, 8},
    {0x005D, 976, 8},
    {0x005E, 992, 8},
    {0x005F, 1008, 8},
    {0x0060, 1024, 8},
    {0x0061, 1040, 8},
    {0x0062, 1056, 8},
    {0x0063, 1072, 8},
    {0x0064, 1088, 8},
    {0x0065, 1104, 8},
    {0x0066, 1120, 8},
    {0x0067, 1136, 8},
    {0x0068, 1152, 8},
    {0x0069, 1168, 8},
    {0x006A, 1184, 8},
    {0x006B, 1200, 8},
    {0x006C, 1216, 8},
    {0x006D, 1232, 8},
    {0x006E, 1248, 8},
    {0x006F, 1264, 8},
    {0x0070, 1280, 8},
    {0x0071, 1296, 8},
    {0x0072, 1312, 8},
    {0x0073, 1328, 8},
    {0x0074, 1344, 8},
    {0x0075, 1360, 8},
    {0x0076, 1376, 8},
    {0x0077, 1392, 8},
    {0x0078, 1408, 8},
    {0x0079, 1424, 8},
    {0x007A, 1440, 8},
    {0x007B, 1456, 8},
    {0x007C, 1472, 8},
    {0x007D, 1488, 8},
    {0x007E, 1504, 8},
    {0x00A0, 1520, 8},
    {0x00A1, 1536, 8},
    {0x00A2, 1552, 8},
    {0x00A3, 1568, 8},
    {0x00A4, 1584, 8},
    {0x00A5, 1600, 8},
    {0x00A6, 1616, 8},
    {0x00A7, 1632, 8},
    {0x00A8, 1648, 8},
    {0x00A9, 1664, 8},
    {0x00AA, 1680, 8},
    {0x00AB, 1696, 8},
    {0x00AC, 1712, 8},
    {0x00AD, 1728, 16},
    {0x00AE, 1760, 8},
    {0x00AF, 1776, 8},
    {0x00B0, 1792, 8},
    {0x00B1, 1808, 8},
    {0x00B2, 1824, 8},
    {0x00B3, 1840, 8},
    {0x00B4, 1856, 8},
    {0x00B5, 1872, 8},
    {0x00B6, 1888, 8},
    {0x00B7, 1904, 8},
    {0x00B8, 1920, 8},
    {0x00B9, 1936, 8},
    {0x00BA, 1952, 8},
    {0x00BB, 1968, 8},
    {0x00BC, 1984, 8},
    {0x00BD, 2000, 8},
    {0x00BE, 2016, 8},
    {0x00BF, 2032, 8},
    {0x00C0, 2048, 8},
    {0x00C1, 2064, 8},
    {0x00C2, 2080, 8},
    {0x00C3, 2096, 8},
    {0x00C4, 2112, 8},
    {0x00C5, 2128, 8},
    {0x00C6, 2144, 8},
    {0x00C7, 2160, 8},
    {0x00C8, 2176, 8},
    {0x00C9, 2192, 8},
    {0x00CA, 2208, 8},
    {0x00CB, 2224, 8},
    {0x00CC, 2240, 8},
    {0x00CD, 2256, 8},
    {0x00CE, 2272, 8},
    {0x00CF, 2288, 8},
    {0x00D0, 2304, 8},
    {0x00D1, 2320, 8},
    {0x00D2, 2336, 8},
    {0x00D3, 2352, 8},
    {0x00D4, 2368, 8},
    {0x00D5, 2384, 8},
    {0x00D6, 2400, 8},
    {0x00D7, 2416, 8},
    {0x00D8, 2432, 8},
    {0x00D9, 2448, 8},
    {0x00DA, 2464, 8},
    {0x00DB, 2480, 8},
    {0x00DC, 2496, 8},
    {0x00DD, 2512, 8},
    {0x00DE, 2528, 8},
    {0x00DF, 2544, 8},
    {0x00E0, 2560, 8},
    {0x00E1, 2576, 8},
    {0x00E2, 2592, 8},
    {0x00E3, 2608, 8},
    {0x00E4, 2624, 8},
    {0x00E5, 2640, 8},
    {0x00E6, 2656, 8},
    {0x00E7, 2672, 8},
    {0x00E8, 2688, 8},
    {0x00E9, 2704, 8},
    {0x00EA, 2720, 8},
    {0x00EB, 2736, 8},
    {0x00EC, 2752, 8},
    {0x00ED, 2768, 8},
    {0x00EE, 2784, 8},
    {0x00EF, 2800, 8},
    {0x00F0, 2816, 8},
    {0x00F1, 2832, 8},
    {0x00F2, 2848, 8},
    {0x00F3, 2864, 8},
    {0x00F4, 2880, 8},
    {0x00F5, 2896, 8},
    {0x00F6, 2912, 8},
    {0x00F7, 2928, 8},
    {0x00F8, 2944, 8},
    {0x00F9, 2960, 8},
    {0x00FA, 2976, 8},
    {0x00FB, 2992, 8},
    {0x00FC, 3008, 8},
    {0x00FD, 3024, 8},
    {0x00FE, 3040, 8},
    {0x00FF, 3056, 8},
    {0x0100, 3072, 8},
    {0x0101, 3088, 8},
    {0x0102, 3104, 8},
    {0x0103, 3120, 8},
    {0x0104, 3136, 8},
    {0x0105, 3152, 8},
    {0x0106, 3168, 8},
    {0x0107, 3184, 8},
    {0x0108, 3200, 8},
    {0x0109, 3216, 8},
    {0x010A, 3232, 8},
    {0x010B, 3248, 8},
    {0x010C, 3264, 8},
    {0x010D, 3280, 8},
    {0x010E, 3296, 8},
    {0x010F, 3312, 8},
    {0x0110, 3328, 8},
    {0x0111, 3344, 8},
    {0x0112, 3360, 8},
    {0x0113, 3376, 8},
    {0x0114, 3392, 8},
    {0x0115, 3408, 8},
    {0x0116, 3424, 8},
    {0x0117, 3440, 8},
    {0x0118, 3456, 8},
    {0x0119, 3472, 8},
    {0x011A, 3488, 8},
    {0x011B, 3504, 8},
    {0x011C, 3520, 8},
    {0x011D, 3536, 8},
    {0x011E, 3552, 8},
    {0x011F, 3568, 8},
    {0x0120, 3584, 8},
    {0x0121, 3600, 8},
    {0x0122, 3616, 8},
    {0x0123, 3632, 8},
    {0x0124, 3648, 8},
    {0x0125, 3664, 8},
    {0x0126, 3680, 8},
    {0x0127, 3696, 8},
    {0x0128, 3712, 8},
    {0x0129, 3728, 8},
    {0x012A, 3744, 8},
    {0x012B, 3760, 8},
    {0x012C, 3776, 8},
    {0x012D, 3792, 8},
    {0x012E, 3808, 8},
    {0x012F, 3824, 8},
    {0x0130, 3840, 8},
    {0x0131, 3856, 8},
    {0x0132, 3872, 8},
    {0x0133, 3888, 8},
    {0x0134, 3904, 8},
    {0x0135, 3920, 8},
    {0x0136, 3936, 8},
    {0x0137, 3952, 8},
    {0x0138, 3968, 8},
    {0x0139, 3984, 8},
    {0x013A, 4000, 8},
    {0x013B, 4016, 8},
    {0x013C, 4032, 8},
    {0x013D, 4048, 8},
    {0x013E, 4064, 8},
    {0x013F, 4080, 8},
    {0x0140, 4096, 8},
    {0x0141, 4112, 8},
    {0x0142, 4128, 8},
    {0x0143, 4144, 8},
    {0x0144, 4160, 8},
    {0x0145, 4176, 8},
    {0x0146, 4192, 8},
    {0x0147, 4208, 8},
    {0x0148, 4224, 8},
    {0x0149, 4240, 8},
    {0x014A, 4256, 8},
    {0x014B, 4272, 8},
    {0x014C, 4288, 8},
    {0x014D, 4304, 8},
    {0x014E, 4320, 8},
    {0x014F, 4336, 8},
    {0x0150, 4352, 8},
    {0x0151, 4368, 8},
    {0x0152, 4384, 8},
    {0x0153, 4400, 8},
    {0x0154, 4416, 8},
    {0x0155, 4432, 8},
    {0x0156, 4448, 8},
    {0x0157, 4464, 8},
    {0x0158, 4480, 8},
    {0x0159, 4496, 8},
    {0x015A, 4512, 8},
    {0x015B, 4528, 8},
    {0x015C, 4544, 8},
    {0x015D, 4560, 8},
    {0x015E, 4576, 8},
    {0x015F, 4592, 8},
    {0x0160, 4608, 8},
    {0x0161, 4624, 8},
    {0x0162, 4640, 8},
    {0x0163, 4656, 8},
    {0x0164, 4672, 8},
    {0x0165, 4688, 8},
    {0x0166, 4704, 8},
    {0x0167, 4720, 8},
    {0x0168, 4736, 8},
    {0x0169, 4752, 8},
    {0x016A, 4768, 8},
    {0x016B, 4784, 8},
    {0x016C, 4800, 8},
    {0x016D, 4816, 8},
    {0x016E, 4832, 8},
    {0x016F, 4848, 8},
    {0x0170, 4864, 8},
    {0x0171, 4880, 8},
    {0x0172, 4896, 8},
    {0x0173, 4912, 8},
    {0x0174, 4928, 8},
    {0x0175, 4944, 8},
    {0x0176, 4960, 8},
    {0x0177, 4976, 8},
    {0x0178, 4992, 8},
    {0x0179, 5008, 8},
    {0x017A, 5024, 8},
    {0x017B, 5040, 8},
    {0x017C, 5056, 8},
    {0x017D, 5072, 8},
    {0x017E, 5088, 8},
    {0x017F, 5104, 8},
    {0x0180, 5120, 8},
    {0x0181, 5136, 8},
    {0x0182, 5152, 8},
    {0x0183, 5168, 8},
    {0x0184, 5184, 8},
    {0x0185, 5200, 8},
    {0x0186, 5216, 8},
    {0x0187, 5232, 8},
    {0x0188, 5248, 8},
    {0x0189, 5264, 8},
    {0x018A, 5280, 8},
    {0x018B, 5296, 8},
    {0x018C, 5312, 8},
    {0x018D, 5328, 8},
    {0x018E, 5344, 8},
    {0x018F, 5360, 8},
    {0x0190, 5376, 8},
    {0x0191, 5392, 8},
    {0x0192, 5408, 8},
    {0x0193, 5424, 8},
    {0x0194, 5440, 8},
    {0x0195, 5456, 8},
    {0x0196, 5472, 8},
    {0x0197, 5488, 8},
    {0x0198, 5504, 8},
    {0x0199, 5520, 8},
    {0x019A, 5536, 8},
    {0x019B, 5552, 8},
    {0x019C, 5568, 8},
    {0x019D, 5584, 8},
    {0x019E, 5600, 8},
    {0x019F, 5616, 8},
    {0x01A0, 5632, 8},
    {0x01A1, 5648, 8},
    {0x01A2, 5664, 8},
    {0x01A3, 5680, 8},
    {0x01A4, 5696, 8},
    {0x01A5, 5712, 8},
    {0x01A6, 5728, 8},
    {0x01A7, 5744, 8},
    {0x01A8, 5760, 8},
    {0x01A9, 5776, 8},
    {0x01AA, 5792, 8},
    {0x01AB, 5808, 8},
    {0x01AC, 5824, 8},
    {0x01AD, 5840, 8},
    {0x01AE, 5856, 8},
    {0x01AF, 5872, 8},
    {0x01B0, 5888, 8},
    {0x01B1, 5904, 8},
    {0x01B2, 5920, 8},
    {0x01B3, 5936, 8},
    {0x01B4, 5952, 8},
    {0x01B5, 5968, 8},
    {0x01B6, 5984, 8},
    {0x01B7, 6000, 8},
    {0x01B8, 6016, 8},
    {0x01B9, 6032, 8},
    {0x01BA, 6048, 8},
    {0x01BB, 6064, 8},
    {0x01BC, 6080, 8},
    {0x01BD, 6096, 8},
    {0x01BE, 6112, 8},
    {0x01BF, 6128, 8},
    {0x01C0, 6144, 8},
    {0x01C1, 6160, 8},
    {0x01C2, 6176, 8},
    {0x01C3, 6192, 8},
    {0x01C4, 6208, 8},
    {0x01C5, 6224, 8},
    {0x01C6, 6240, 8},
    {0x01C7, 6256, 8},
    {0x01C8, 6272, 8},
    {0x01C9, 6288, 8},
    {0x01CA, 6304, 8},
    {0x01CB, 6320, 8},
    {0x01CC, 6336, 8},
    {0x01CD, 6352, 8},
    {0x01CE, 6368, 8},
    {0x01CF, 6384, 8},
    {0x01D0, 6400, 8},
    {0x01D1, 6416, 8},
    {0x01D2, 6432, 8},
    {0x01D3, 6448, 8},
    {0x01D4, 6464, 8},
    {0x01D5, 6480, 8},
    {0x01D6, 6496, 8},
    {0x01D7, 6512, 8},
    {0x01D8, 6528, 8},
    {0x01D9, 6544, 8},
    {0x01DA, 6560, 8},
    {0x01DB, 6576, 8},
    {0x01DC, 6592, 8},
    {0x01DD, 6608, 8},
    {0x01DE, 6624, 8},
    {0x01DF, 6640, 8},
    {0x01E0, 6656, 8},
    {0x01E1, 6672, 8},
    {0x01E2, 6688, 8},
    {0x01E3, 6704, 8},
    {0x01E4, 6720, 8},
    {0x01E5, 6736, 8},
    {0x01E6, 6752, 8},
    {0x01E7, 6768, 8},
    {0x01E8, 6784, 8},
    {0x01E9, 6800, 8},
    {0x01EA, 6816, 8},
    {0x01EB, 6832, 8},
    {0x01EC, 6848, 8},
    {0x01ED, 6864, 8},
    {0x01EE, 6880, 8},
    {0x01EF, 6896, 8},
    {0x01F0, 6912, 8},
    {0x01F1, 6928, 8},
    {0x01F2, 6944, 8},
    {0x01F3, 6960, 8},
    {0x01F4, 6976, 8},
    {0x01F5, 6992, 8},
    {0x01F6, 7008, 8},
    {0x01F7, 7024, 8},
    {0x01F8, 7040, 8},
    {0x01F9, 7056, 8},
    {0x01FA, 7072, 8},
    {0x01FB, 7088, 8},
    {0x01FC, 7104, 8},
    {0x01FD, 7120, 8},
    {0x01FE, 7136, 8},
    {0x01FF, 7152, 8},
    {0x0200, 7168, 8},
    {0x0201, 7184, 8},
    {0x0202, 7200, 8},
    {0x0203, 7216, 8},
    {0x0204, 7232, 8},
    {0x0205, 7248, 8},
    {0x0206, 7264, 8},
    {0x0207, 7280, 8},
    {0x0208, 7296, 8},
    {0x0209, 7312, 8},
    {0x020A, 7328, 8},
    {0x020B, 7344, 8},
    {0x020C, 7360, 8},
    {0x020D, 7376, 8},
    {0x020E, 7392, 8},
    {0x020F, 7408, 8},
    {0x0210, 7424, 8},
    {0x0211, 7440, 8},
    {0x0212, 7456, 8},
    {0x0213, 7472, 8},
    {0x0214, 7488, 8},
    {0x0215, 7504, 8},
    {0x0216, 7520, 8},
    {0x0217, 7536, 8},
    {0x0218, 7552, 8},
    {0x0219, 7568, 8},
    {0x021A, 7584, 8},
    {0x021B, 7600, 8},
    {0x021C, 7616, 8},
    {0x021D, 7632, 8},
    {0x021E, 7648, 8},
    {0x021F, 7664, 8},
    {0x0220, 7680, 8},
    {0x0221, 7696, 8},
    {0x0222, 7712, 8},
    {0x0223, 7728, 8},
    {0x0224, 7744, 8},
    {0x0225, 7760, 8},
    {0x0226, 7776, 8},
    {0x0227, 7792, 8},
    {0x0228, 7808, 8},
    {0x0229, 7824, 8},
    {0x022A, 7840, 8},
    {0x022B, 7856, 8},
    {0x022C, 7872, 8},
    {0x022D, 7888, 8},
    {0x022E, 7904, 8},
    {0x022F, 7920, 8},
    {0x0230, 7936, 8},
    {0x0231, 7952, 8},
    {0x0232, 7968, 8},
    {0x0233, 7984, 8},
    {0x0234, 8000, 8},
    {0x0235, 8016, 8},
    {0x0236, 8032, 8},
    {0x0237, 8048, 8},
    {0x0238, 8064, 8},
    {0x0239, 8080, 8},
    {0x023A, 8096, 8},
    {0x023B, 8112, 8},
    {0x023C, 8128, 8},
    {0x023D, 8144, 8},
    {0x023E, 8160, 8},
    {0x023F, 8176, 8},
    {0x0240, 8192, 8},
    {0x0241, 8208, 8},
    {0x0242, 8224, 8},
    {0x0243, 8240, 8},
    {0x0244, 8256, 8},
    {0x0245, 8272, 8},
    {0x0246, 8288, 8},
    {0x0247, 8304, 8},
    {0x0248, 8320, 8},
    {0x0249, 8336, 8},
    {0x024A, 8352, 8},
    {0x024B, 8368, 8},
    {0x024C, 8384, 8},
    {0x024D, 8400, 8},
    {0x024E, 8416, 8},
    {0x024F, 8432, 8},
    {0x0300, 8448, 8},
    {0x0301, 8464, 8},
    {0x0302, 8480, 8},
    {0x0303, 8496, 8},
    {0x0304, 8512, 8},
    {0x0305, 8528, 8},
    {0x0306, 8544, 8},
    {0x0307, 8560, 8},
    {0x0308, 8576, 8},
    {0x0309, 8592, 8},
    {0x030A, 8608, 8},
    {0x030B, 8624, 8},
    {0x030C, 8640, 8},
    {0x030D, 8656, 8},
    {0x030E, 8672, 8},
    {0x030F, 8688, 8},
    {0x0310, 8704, 8},
    {0x0311, 8720, 8},
    {0x0312, 8736, 8},
    {0x0313, 8752, 8},
    {0x0314, 8768, 8},
    {0x0315, 8784, 8},
    {0x0316, 8800, 8},
    {0x0317, 8816, 8},
    {0x0318, 8832, 8},
    {0x0319, 8848, 8},
    {0x031A, 8864, 8},
    {0x031B, 8880, 8},
    {0x031C, 8896, 8},
    {0x031D, 8912, 8},
    {0x031E, 8928, 8},
    {0x031F, 8944, 8},
    {0x0320, 8960, 8},
    {0x0321, 8976, 8},
    {0x0322, 8992, 8},
    {0x0323, 9008, 8},
    {0x0324, 9024, 8},
    {0x0325, 9040, 8},
    {0x0326, 9056, 8},
    {0x0327, 9072, 8},
    {0x0328, 9088, 8},
    {0x0329, 9104, 8},
    {0x032A, 9120, 8},
    {0x032B, 9136, 8},
    {0x032C, 9152, 8},
    {0x032D, 9168, 8},
    {0x032E, 9184, 8},
    {0x032F, 9200, 8},
    {0x0330, 9216, 8},
    {0x0331, 9232, 8},
    {0x0332, 9248, 8},
    {0x0333, 9264, 8},
    {0x0334, 9280, 8},
    {0x0335, 9296, 8},
    {0x0336, 9312, 8},
    {0x0337, 9328, 8},
    {0x0338, 9344, 8},
    {0x0339, 9360, 8},
    {0x033A, 9376, 8},
    {0x033B, 9392, 8},
    {0x033C, 9408, 8},
    {0x033D, 9424, 8},
    {0x033E, 9440, 8},
    {0x033F, 9456, 8},
    {0x0340, 9472, 8},
    {0x0341, 9488, 8},
    {0x0342, 9504, 8},
    {0x0343, 9520, 8},
    {0x0344, 9536, 8},
    {0x0345, 9552, 8},
    {0x0346, 9568, 8},
    {0x0347, 9584, 8},
    {0x0348, 9600, 8},
    {0x0349, 9616, 8},
    {0x034A, 9632, 8},
    {0x034B, 9648, 8},
    {0x034C, 9664, 8},
    {0x034D, 9680, 8},
    {0x034E, 9696, 8},
    {0x034F, 9712, 16},
    {0x0350, 9744, 8},
    {0x0351, 9760, 8},
    {0x0352, 9776, 8},
    {0x0353, 9792, 8},
    {0x0354, 9808, 8},
    {0x0355, 9824, 8},
    {0x0356, 9840, 8},
    {0x0357, 9856, 8},
    {0x0358, 9872, 8},
    {0x0359, 9888, 8},
    {0x035A, 9904, 8},
    {0x035B, 9920, 8},
    {0x035C, 9936, 16},
    {0x035D, 9968, 16},
    {0x035E, 10000, 16},
    {0x035F, 10032, 16},
    {0x0360, 10064, 16},
    {0x0361, 10096, 16},
    {0x0362, 10128, 16},
    {0x0363, 10160, 8},
    {0x0364, 10176, 8},
    {0x0365, 10192, 8},
    {0x0366, 10208, 8},
    {0x0367, 10224, 8},
    {0x0368, 10240, 8},
    {0x0369, 10256, 8},
    {0x036A, 10272, 8},
    {0x036B, 10288, 8},
    {0x036C, 10304, 8},
    {0x036D, 10320, 8},
    {0x036E, 10336, 8},
    {0x036F, 10352, 8},
    {0x0370, 10368, 8},
    {0x0371, 10384, 8},
    {0x0372, 10400, 8},
    {0x0373, 10416, 8},
    {0x0374, 10432, 8},
    {0x0375, 10448, 8},
    {0x0376, 10464, 8},
    {0x0377, 10480, 8},
    {0x0378, 10496, 16},
    {0x0379, 10528, 16},
    {0x037A, 10560, 8},
    {0x037B, 10576, 8},
    {0x037C, 10592, 8},
    {0x037D, 10608, 8},
    {0x037E, 10624, 8},
    {0x037F, 10640, 8},
    {0x0380, 10656, 16},
    {0x0381, 10688, 16},
    {0x0382, 10720, 16},
    {0x0383, 10752, 16},
    {0x0384, 10784, 8},
    {0x0385, 10800, 8},
    {0x0386, 10816, 8},
    {0x0387, 10832, 8},
    {0x0388, 10848, 8},
    {0x0389, 10864, 8},
    {0x038A, 10880, 8},
    {0x038B, 10896, 16},
    {0x038C, 10928, 8},
    {0x038D, 10944, 16},
    {0x038E, 10976, 8},
    {0x038F, 10992, 8},
    {0x0390, 11008, 8},
    {0x0391, 11024, 8},
    {0x0392, 11040, 8},
    {0x0393, 11056, 8},
    {0x0394, 11072, 8},
    {0x0395, 11088, 8},
    {0x0396, 11104, 8},
    {0x0397, 11120, 8},
    {0x0398, 11136, 8},
    {0x0399, 11152, 8},
    {0x039A, 11168, 8},
    {0x039B, 11184, 8},
    {0x039C, 11200, 8},
    {0x039D, 11216, 8},
    {0x039E, 11232, 8},
    {0x039F, 11248, 8},
    {0x03A0, 11264, 8},
    {0x03A1, 11280, 8},
    {0x03A2, 11296, 16},
    {0x03A3, 11328, 8},
    {0x03A4, 11344, 8},
    {0x03A5, 11360, 8},
    {0x03A6, 11376, 8},
    {0x03A7, 11392, 8},
    {0x03A8, 11408, 8},
    {0x03A9, 11424, 8},
    {0x03AA, 11440, 8},
    {0x03AB, 11456, 8},
    {0x03AC, 11472, 8},
    {0x03AD, 11488, 8},
    {0x03AE, 11504, 8},
    {0x03AF, 11520, 8},
    {0x03B0, 11536, 8},
    {0x03B1, 11552, 8},
    {0x03B2, 11568, 8},
    {0x03B3, 11584, 8},
    {0x03B4, 11600, 8},
    {0x03B5, 11616, 8},
    {0x03B6, 11632, 8},
    {0x03B7, 11648, 8},
    {0x03B8, 11664, 8},
    {0x03B9, 11680, 8},
    {0x03BA, 11696, 8},
    {0x03BB, 11712, 8},
    {0x03BC, 11728, 8},
    {0x03BD, 11744, 8},
    {0x03BE, 11760, 8},
    {0x03BF, 11776, 8},
    {0x03C0, 11792, 8},
    {0x03C1, 11808, 8},
    {0x03C2, 11824, 8},
    {0x03C3, 11840, 8},
    {0x03C4, 11856, 8},
    {0x03C5, 11872, 8},
    {0x03C6, 11888, 8},
    {0x03C7, 11904, 8},
    {0x03C8, 11920, 8},
    {0x03C9, 11936, 8},
    {0x03CA, 11952, 8},
    {0x03CB, 11968, 8},
    {0x03CC, 11984, 8},
    {0x03CD, 12000, 8},
    {0x03CE, 12016, 8},
    {0x03CF, 12032, 8},
    {0x03D0, 12048, 8},
    {0x03D1, 12064, 8},
    {0x03D2, 12080, 8},
    {0x03D3, 12096, 8},
    {0x03D4, 12112, 8},
    {0x03D5, 12128, 8},
    {0x03D6, 12144, 8},
    {0x03D7, 12160, 8},
    {0x03D8, 12176, 8},
    {0x03D9, 12192, 8},
    {0x03DA, 12208, 8},
    {0x03DB, 12224, 8},
    {0x03DC, 12240, 8},
    {0x03DD, 12256, 8},
    {0x03DE, 12272, 8},
    {0x03DF, 12288, 8},
    {0x03E0, 12304, 8},
    {0x03E1, 12320, 8},
    {0x03E2, 12336, 8},
    {0x03E3, 12352, 8},
    {0x03E4, 12368, 8},
    {0x03E5, 12384, 8},
    {0x03E6, 12400, 8},
    {0x03E7, 12416, 8},
    {0x03E8, 12432, 8},
    {0x03E9, 12448, 8},
    {0x03EA, 12464, 8},
    {0x03EB, 12480, 8},
    {0x03EC, 12496, 8},
    {0x03ED, 12512, 8},
    {0x03EE, 12528, 8},
    {0x03EF, 12544, 8},
    {0x03F0, 12560, 8},
    {0x03F1, 12576, 8},
    {0x03F2, 12592, 8},
    {0x03F3, 12608, 8},
    {0x03F4, 12624, 8},
    {0x03F5, 12640, 8},
    {0x03F6, 12656, 8},
    {0x03F7, 12672, 8},
    {0x03F8, 12688, 8},
    {0x03F9, 12704, 8},
    {0x03FA, 12720, 8},
    {0x03FB, 12736, 8},
    {0x03FC, 12752, 8},
    {0x03FD, 12768, 8},
    {0x03FE, 12784, 8},
    {0x03FF, 12800, 8},
    {0x0400, 12816, 8},
    {0x0401, 12832, 8},
    {0x0402, 12848, 8},
    {0x0403, 12864, 8},
    {0x0404, 12880, 8},
    {0x0405, 12896, 8},
    {0x0406, 12912, 8},
    {0x0407, 12928, 8},
    {0x0408, 12944, 8},
    {0x0409, 12960, 8},
    {0x040A, 12976, 8},
    {0x040B, 12992, 8},
    {0x040C, 13008, 8},
    {0x040D, 13024, 8},
    {0x040E, 13040, 8},
    {0x040F, 13056, 8},
    {0x0410, 13072, 8},
    {0x0411, 13088, 8},
    {0x0412, 13104, 8},
    {0x0413, 13120, 8},
    {0x0414, 13136, 8},
    {0x0415, 13152, 8},
    {0x0416, 13168, 8},
    {0x0417, 13184, 8},
    {0x0418, 13200, 8},
    {0x0419, 13216, 8},
    {0x041A, 13232, 8},
    {0x041B, 13248, 8},
    {0x041C, 13264, 8},
    {0x041D, 13280, 8},
    {0x041E, 13296, 8},
    {0x041F, 13312, 8},
    {0x0420, 13328, 8},
    {0x0421, 13344, 8},
    {0x0422, 13360, 8},
    {0x0423, 13376, 8},
    {0x0424, 13392, 8},
    {0x0425, 13408, 8},
    {0x0426, 13424, 8},
    {0x0427, 13440, 8},
    {0x0428, 13456, 8},
    {0x0429, 13472, 8},
    {0x042A, 13488, 8},
    {0x042B, 13504, 8},
    {0x042C, 13520, 8},
    {0x042D, 13536, 8},
    {0x042E, 13552, 8},
    {0x042F, 13568, 8},
    {0x0430, 13584, 8},
    {0x0431, 13600, 8},
    {0x0432, 13616, 8},
    {0x0433, 13632, 8},
    {0x0434, 13648, 8},
    {0x0435, 13664, 8},
    {0x0436, 13680, 8},
    {0x0437, 13696, 8},
    {0x0438, 13712, 8},
    {0x0439, 13728, 8},
    {0x043A, 13744, 8},
    {0x043B, 13760, 8},
    {0x043C, 13776, 8},
    {0x043D, 13792, 8},
    {0x043E, 13808, 8},
    {0x043F, 13824, 8},
    {0x0440, 13840, 8},
    {0x0441, 13856, 8},
    {0x0442, 13872, 8},
    {0x0443, 13888, 8},
    {0x0444, 13904, 8},
    {0x0445, 13920, 8},
    {0x0446, 13936, 8},
    {0x0447, 13952, 8},
    {0x0448, 13968, 8},
    {0x0449, 13984, 8},
    {0x044A, 14000, 8},
    {0x044B, 14016, 8},
    {0x044C, 14032, 8},
    {0x044D, 14048, 8},
    {0x044E, 14064, 8},
    {0x044F, 14080, 8},
    {0x0450, 14096, 8},
    {0x0451, 14112, 8},
    {0x0452, 14128, 8},
    {0x0453, 14144, 8},
    {0x0454, 14160, 8},
    {0x0455, 14176, 8},
    {0x0456, 14192, 8},
    {0x0457, 14208, 8},
    {0x0458, 14224, 8},
    {0x0459, 14240, 8},
    {0x045A, 14256, 8},
    {0x045B, 14272, 8},
    {0x045C, 14288, 8},
    {0x045D, 14304, 8},
    {0x045E, 14320, 8},
    {0x045F, 14336, 8},
    {0x0460, 14352, 8},
    {0x0461, 14368, 8},
    {0x0462, 14384, 8},
    {0x0463, 14400, 8},
    {0x0464, 14416, 8},
    {0x0465, 14432, 8},
    {0x0466, 14448, 8},
    {0x0467, 14464, 8},
    {0x0468, 14480, 8},
    {0x0469, 14496, 8},
    {0x046A, 14512, 8},
    {0x046B, 14528, 8},
    {0x046C, 14544, 8},
    {0x046D, 14560, 8},
    {0x046E, 14576, 8},
    {0x046F, 14592, 8},
    {0x0470, 14608, 8},
    {0x0471, 14624, 8},
    {0x0472, 14640, 8},
    {0x0473, 14656, 8},
    {0x0474, 14672, 8},
    {0x0475, 14688, 8},
    {0x0476, 14704, 8},
    {0x0477, 14720, 8},
    {0x0478, 14736, 8},
    {0x0479, 14752, 8},
    {0x047A, 14768, 8},
    {0x047B, 14784, 8},
    {0x047C, 14800, 8},
    {0x047D, 14816, 8},
    {0x047E, 14832, 8},
    {0x047F, 14848, 8},
    {0x0480, 14864, 8},
    {0x0481, 14880, 8},
    {0x0482, 14896, 8},
    {0x0483, 14912, 8},
    {0x0484, 14928, 8},
    {0x0485, 14944, 8},
    {0x0486, 14960, 8},
    {0x0487, 14976, 8},
    {0x0488, 14992, 16},
    {0x0489, 15024, 16},
    {0x048A, 15056, 8},
    {0x048B, 15072, 8},
    {0x048C, 15088, 8},
    {0x048D, 15104, 8},
    {0x048E, 15120, 8},
    {0x048F, 15136, 8},
    {0x0490, 15152, 8},
    {0x0491, 15168, 8},
    {0x0492, 15184, 8},
    {0x0493, 15200, 8},
    {0x0494, 15216, 8},
    {0x0495, 15232, 8},
    {0x0496, 15248, 8},
    {0x0497, 15264, 8},
    {0x0498, 15280, 8},
    {0x0499, 15296, 8},
    {0x049A, 15312, 8},
    {0x049B, 15328, 8},
    {0x049C, 15344, 8},
    {0x049D, 15360, 8},
    {0x049E, 15376, 8},
    {0x049F, 15392, 8},
    {0x04A0, 15408, 8},
    {0x04A1, 15424, 8},
    {0x04A2, 15440, 8},
    {0x04A3, 15456, 8},
    {0x04A4, 15472, 8},
    {0x04A5, 15488, 8},
    {0x04A6, 15504, 8},
    {0x04A7, 15520, 8},
    {0x04A8, 15536, 8},
    {0x04A9, 15552, 8},
    {0x04AA, 15568, 8},
    {0x04AB, 15584, 8},
    {0x04AC, 15600, 8},
    {0x04AD, 15616, 8},
    {0x04AE, 15632, 8},
    {0x04AF, 15648, 8},
    {0x04B0, 15664, 8},
    {0x04B1, 15680, 8},
    {0x04B2, 15696, 8},
    {0x04B3, 15712, 8},
    {0x04B4, 15728, 8},
    {0x04B5, 15744, 8},
    {0x04B6, 15760, 8},
    {0x04B7, 15776, 8},
    {0x04B8, 15792, 8},
    {0x04B9, 15808, 8},
    {0x04BA, 15824, 8},
    {0x04BB, 15840, 8},
    {0x04BC, 15856, 8},
    {0x04BD, 15872, 8},
    {0x04BE, 15888, 8},
    {0x04BF, 15904, 8},
    {0x04C0, 15920, 8},
    {0x04C1, 15936, 8},
    {0x04C2, 15952, 8},
    {0x04C3, 15968, 8},
    {0x04C4, 15984, 8},
    {0x04C5, 16000, 8},
    {0x04C6, 16016, 8},
    {0x04C7, 16032, 8},
    {0x04C8, 16048, 8},
    {0x04C9, 16064, 8},
    {0x04CA, 16080, 8},
    {0x04CB, 16096, 8},
    {0x04CC, 16112, 8},
    {0x04CD, 16128, 8},
    {0x04CE, 16144, 8},
    {0x04CF, 16160, 8},
    {0x04D0, 16176, 8},
    {0x04D1, 16192, 8},
    {0x04D2, 16208, 8},
    {0x04D3, 16224, 8},
    {0x04D4, 16240, 8},
    {0x04D5, 16256, 8},
    {0x04D6, 16272, 8},
    {0x04D7, 16288, 8},
    {0x04D8, 16304, 8},
    {0x04D9, 16320, 8},
    {0x04DA, 16336, 8},
    {0x04DB, 16352, 8},
    {0x04DC, 16368, 8},
    {0x04DD, 16384, 8},
    {0x04DE, 16400, 8},
    {0x04DF, 16416, 8},
    {0x04E0, 16432, 8},
    {0x04E1, 16448, 8},
    {0x04E2, 16464, 8},
    {0x04E3, 16480, 8},
    {0x04E4, 16496, 8},
    {0x04E5, 16512, 8},
    {0x04E6, 16528, 8},
    {0x04E7, 16544, 8},
    {0x04E8, 16560, 8},
    {0x04E9, 16576, 8},
    {0x04EA, 16592, 8},
    {0x04EB, 16608, 8},
    {0x04EC, 16624, 8},
    {0x04ED, 16640, 8},
    {0x04EE, 16656, 8},
    {0x04EF, 16672, 8},
    {0x04F0, 16688, 8},
    {0x04F1, 16704, 8},
    {0x04F2, 16720, 8},
    {0x04F3, 16736, 8},
    {0x04F4, 16752, 8},
    {0x04F5, 16768, 8},
    {0x04F6, 16784, 8},
    {0x04F7, 16800, 8},
    {0x04F8, 16816, 8},
    {0x04F9, 16832, 8},
    {0x04FA, 16848, 8},
    {0x04FB, 16864, 8},
    {0x04FC, 16880, 8},
    {0x04FD, 16896, 8},
    {0x04FE, 16912, 8},
    {0x04FF, 16928, 8},
    {0x0500, 16944, 8},
    {0x0501, 16960, 8},
    {0x0502, 16976, 8},
    {0x0503, 16992, 8},
    {0x0504, 17008, 8},
    {0x0505, 17024, 8},
    {0x0506, 17040, 8},
    {0x0507, 17056, 8},
    {0x0508, 17072, 8},
    {0x0509, 17088, 8},
    {0x050A, 17104, 8},
    {0x050B, 17120, 8},
    {0x050C, 17136, 8},
    {0x050D, 17152, 8},
    {0x050E, 17168, 8},
    {0x050F, 17184, 8},
    {0x0510, 17200, 8},
    {0x0511, 17216, 8},
    {0x0512, 17232, 8},
    {0x0513, 17248, 8},
    {0x0514, 17264, 8},
    {0x0515, 17280, 8},
    {0x0516, 17296, 8},
    {0x0517, 17312, 8},
    {0x0518, 17328, 8},
    {0x0519, 17344, 8},
    {0x051A, 17360, 8},
    {0x051B, 17376, 8},
    {0x051C, 17392, 8},
    {0x051D, 17408, 8},
    {0x051E, 17424, 8},
    {0x051F, 17440, 8},
    {0x0520, 17456, 8},
    {0x0521, 17472, 8},
    {0x0522, 17488, 8},
    {0x0523, 17504, 8},
    {0x0524, 17520, 8},
    {0x0525, 17536, 8},
    {0x0526, 17552, 8},
    {0x0527, 17568, 8},
    {0x0528, 17584, 8},
    {0x0529, 17600, 8},
    {0x052A, 17616, 16},
    {0x052B, 17648, 16},
    {0x052C, 17680, 8},
    {0x052D, 17696, 8},
    {0x052E, 17712, 8},
    {0x052F, 17728, 8},
    {0x1E00, 17744, 8},
    {0x1E01, 17760, 8},
    {0x1E02, 17776, 8},
    {0x1E03, 17792, 8},
    {0x1E04, 17808, 8},
    {0x1E05, 17824, 8},
    {0x1E06, 17840, 8},
    {0x1E07, 17856, 8},
    {0x1E08, 17872, 8},
    {0x1E09, 17888, 8},
    {0x1E0A, 17904, 8},
    {0x1E0B, 17920, 8},
    {0x1E0C, 17936, 8},
    {0x1E0D, 17952, 8},
    {0x1E0E, 17968, 8},
    {0x1E0F, 17984, 8},
    {0x1E10, 18000, 8},
    {0x1E11, 18016, 8},
    {0x1E12, 18032, 8},
    {0x1E13, 18048, 8},
    {0x1E14, 18064, 8},
    {0x1E15, 18080, 8},
    {0x1E16, 18096, 8},
    {0x1E17, 18112, 8},
    {0x1E18, 18128, 8},
    {0x1E19, 18144, 8},
    {0x1E1A, 18160, 8},
    {0x1E1B, 18176, 8},
    {0x1E1C, 18192, 8},
    {0x1E1D, 18208, 8},
    {0x1E1E, 18224, 8},
    {0x1E1F, 18240, 8},
    {0x1E20, 18256, 8},
    {0x1E21, 18272, 8},
    {0x1E22, 18288, 8},
    {0x1E23, 18304, 8},
    {0x1E24, 18320, 8},
    {0x1E25, 18336, 8},
    {0x1E26, 18352, 8},
    {0x1E27, 18368, 8},
    {0x1E28, 18384, 8},
    {0x1E29, 18400, 8},
    {0x1E2A, 18416, 8},
    {0x1E2B, 18432, 8},
    {0x1E2C, 18448, 8},
    {0x1E2D, 18464, 8},
    {0x1E2E, 18480, 8},
    {0x1E2F, 18496, 8},
    {0x1E30, 18512, 8},
    {0x1E31, 18528, 8},
    {0x1E32, 18544, 8},
    {0x1E33, 18560, 8},
    {0x1E34, 18576, 8},
    {0x1E35, 18592, 8},
    {0x1E36, 18608, 8},
    {0x1E37, 18624, 8},
    {0x1E38, 18640, 8},
    {0x1E39, 18656, 8},
    {0x1E3A, 18672, 8},
    {0x1E3B, 18688, 8},
    {0x1E3C, 18704, 8},
    {0x1E3D, 18720, 8},
    {0x1E3E, 18736, 8},
    {0x1E3F, 18752, 8},
    {0x1E40, 18768, 8},
    {0x1E41, 18784, 8},
    {0x1E42, 18800, 8},
    {0x1E43, 18816, 8},
    {0x1E44, 18832, 8},
    {0x1E45, 18848, 8},
    {0x1E46, 18864, 8},
    {0x1E47, 18880, 8},
    {0x1E48, 18896, 8},
    {0x1E49, 18912, 8},
    {0x1E4A, 18928, 8},
    {0x1E4B, 18944, 8},
    {0x1E4C, 18960, 8},
    {0x1E4D, 18976, 8},
    {0x1E4E, 18992, 8},
    {0x1E4F, 19008, 8},
    {0x1E50, 19024, 8},
    {0x1E51, 19040, 8},
    {0x1E52, 19056, 8},
    {0x1E53, 19072, 8},
    {0x1E54, 19088, 8},
    {0x1E55, 19104, 8},
    {0x1E56, 19120, 8},
    {0x1E57, 19136, 8},
    {0x1E58, 19152, 8},
    {0x1E59, 19168, 8},
    {0x1E5A, 19184, 8},
    {0x1E5B, 19200, 8},
    {0x1E5C, 19216, 8},
    {0x1E5D, 19232, 8},
    {0x1E5E, 19248, 8},
    {0x1E5F, 19264, 8},
    {0x1E60, 19280, 8},
    {0x1E61, 19296, 8},
    {0x1E62, 19312, 8},
    {0x1E63, 19328, 8},
    {0x1E64, 19344, 8},
    {0x1E65, 19360, 8},
    {0x1E66, 19376, 8},
    {0x1E67, 19392, 8},
    {0x1E68, 19408, 8},
    {0x1E69, 19424, 8},
    {0x1E6A, 19440, 8},
    {0x1E6B, 19456, 8},
    {0x1E6C, 19472, 8},
    {0x1E6D, 19488, 8},
    {0x1E6E, 19504, 8},
    {0x1E6F, 19520, 8},
    {0x1E70, 19536, 8},
    {0x1E71, 19552, 8},
    {0x1E72, 19568, 8},
    {0x1E73, 19584, 8},
    {0x1E74, 19600, 8},
    {0x1E75, 19616, 8},
    {0x1E76, 19632, 8},
    {0x1E77, 19648, 8},
    {0x1E78, 19664, 8},
    {0x1E79, 19680, 8},
    {0x1E7A, 19696, 8},
    {0x1E7B, 19712, 8},
    {0x1E7C, 19728, 8},
    {0x1E7D, 19744, 8},
    {0x1E7E, 19760, 8},
    {0x1E7F, 19776, 8},
    {0x1E80, 19792, 8},
    {0x1E81, 19808, 8},
    {0x1E82, 19824, 8},
    {0x1E83, 19840, 8},
    {0x1E84, 19856, 8},
    {0x1E85, 19872, 8},
    {0x1E86, 19888, 8},
    {0x1E87, 19904, 8},
    {0x1E88, 19920, 8},
    {0x1E89, 19936, 8},
    {0x1E8A, 19952, 8},
    {0x1E8B, 19968, 8},
    {0x1E8C, 19984, 8},
    {0x1E8D, 20000, 8},
    {0x1E8E, 20016, 8},
    {0x1E8F, 20032, 8},
    {0x1E90, 20048, 8},
    {0x1E91, 20064, 8},
    {0x1E92, 20080, 8},
    {0x1E93, 20096, 8},
    {0x1E94, 20112, 8},
    {0x1E95, 20128, 8},
    {0x1E96, 20144, 8},
    {0x1E97, 20160, 8},
    {0x1E98, 20176, 8},
    {0x1E99, 20192, 8},
    {0x1E9A, 20208, 8},
    {0x1E9B, 20224, 8},
    {0x1E9C, 20240, 8},
    {0x1E9D, 20256, 8},
    {0x1E9E, 20272, 8},
    {0x1E9F, 20288, 8},
    {0x1EA0, 20304, 8},
    {0x1EA1, 20320, 8},
    {0x1EA2, 20336, 8},
    {0x1EA3, 20352, 8},
    {0x1EA4, 20368, 8},
    {0x1EA5, 20384, 8},
    {0x1EA6, 20400, 8},
    {0x1EA7, 20416, 8},
    {0x1EA8, 20432, 8},
    {0x1EA9, 20448, 8},
    {0x1EAA, 20464, 8},
    {0x1EAB, 20480, 8},
    {0x1EAC, 20496, 8},
    {0x1EAD, 20512, 8},
    {0x1EAE, 20528, 8},
    {0x1EAF, 20544, 8},
    {0x1EB0, 20560, 8},
    {0x1EB1, 20576, 8},
    {0x1EB2, 20592, 8},
    {0x1EB3, 20608, 8},
    {0x1EB4, 20624, 8},
    {0x1EB5, 20640, 8},
    {0x1EB6, 20656, 8},
    {0x1EB7, 20672, 8},
    {0x1EB8, 20688, 8},
    {0x1EB9, 20704, 8},
    {0x1EBA, 20720, 8},
    {0x1EBB, 20736, 8},
    {0x1EBC, 20752, 8},
    {0x1EBD, 20768, 8},
    {0x1EBE, 20784, 8},
    {0x1EBF, 20800, 8},
    {0x1EC0, 20816, 8},
    {0x1EC1, 20832, 8},
    {0x1EC2, 20848, 8},
    {0x1EC3, 20864, 8},
    {0x1EC4, 20880, 8},
    {0x1EC5, 20896, 8},
    {0x1EC6, 20912, 8},
    {0x1EC7, 20928, 8},
    {0x1EC8, 20944, 8},
    {0x1EC9, 20960, 8},
    {0x1ECA, 20976, 8},
    {0x1ECB, 20992, 8},
    {0x1ECC, 21008, 8},
    {0x1ECD, 21024, 8},
    {0x1ECE, 21040, 8},
    {0x1ECF, 21056, 8},
    {0x1ED0, 21072, 8},
    {0x1ED1, 21088, 8},
    {0x1ED2, 21104, 8},
    {0x1ED3, 21120, 8},
    {0x1ED4, 21136, 8},
    {0x1ED5, 21152, 8},
    {0x1ED6, 21168, 8},
    {0x1ED7, 21184, 8},
    {0x1ED8, 21200, 8},
    {0x1ED9, 21216, 8},
    {0x1EDA, 21232, 8},
    {0x1EDB, 21248, 8},
    {0x1EDC, 21264, 8},
    {0x1EDD, 21280, 8},
    {0x1EDE, 21296, 8},
    {0x1EDF, 21312, 8},
    {0x1EE0, 21328, 8},
    {0x1EE1, 21344, 8},
    {0x1EE2, 21360, 8},
    {0x1EE3, 21376, 8},
    {0x1EE4, 21392, 8},
    {0x1EE5, 21408, 8},
    {0x1EE6, 21424, 8},
    {0x1EE7, 21440, 8},
    {0x1EE8, 21456, 8},
    {0x1EE9, 21472, 8},
    {0x1EEA, 21488, 8},
    {0x1EEB, 21504, 8},
    {0x1EEC, 21520, 8},
    {0x1EED, 21536, 8},
    {0x1EEE, 21552, 8},
    {0x1EEF, 21568, 8},
    {0x1EF0, 21584, 8},
    {0x1EF1, 21600, 8},
    {0x1EF2, 21616, 8},
    {0x1EF3, 21632, 8},
    {0x1EF4, 21648, 8},
    {0x1EF5, 21664, 8},
    {0x1EF6, 21680, 8},
    {0x1EF7, 21696, 8},
    {0x1EF8, 21712, 8},
    {0x1EF9, 21728, 8},
    {0x1EFA, 21744, 8},
    {0x1EFB, 21760, 8},
    {0x1EFC, 21776, 8},
    {0x1EFD, 21792, 8},
    {0x1EFE, 21808, 8},
    {0x1EFF, 21824, 8},
    {0x2000, 21840, 8},
    {0x2001, 21856, 8},
    {0x2002, 21872, 8},
    {0x2003, 21888, 8},
    {0x2004, 21904, 8},
    {0x2005, 21920, 8},
    {0x2006, 21936, 8},
    {0x2007, 21952, 8},
    {0x2008, 21968, 8},
    {0x2009, 21984, 8},
    {0x200A, 22000, 8},
    {0x200B, 22016, 16},
    {0x200C, 22048, 16},
    {0x200D, 22080, 16},
    {0x200E, 22112, 16},
    {0x200F, 22144, 16},
    {0x2010, 22176, 8},
    {0x2011, 22192, 8},
    {0x2012, 22208, 8},
    {0x2013, 22224, 8},
    {0x2014, 22240, 8},
    {0x2015, 22256, 8},
    {0x2016, 22272, 8},
    {0x2017, 22288, 8},
    {0x2018, 22304, 8},
    {0x2019, 22320, 8},
    {0x201A, 22336, 8},
    {0x201B, 22352, 8},
    {0x201C, 22368, 8},
    {0x201D, 22384, 8},
    {0x201E, 22400, 8},
    {0x201F, 22416, 8},
    {0x2020, 22432, 8},
    {0x2021, 22448, 8},
    {0x2022, 22464, 8},
    {0x2023, 22480, 8},
    {0x2024, 22496, 8},
    {0x2025, 22512, 8},
    {0x2026, 22528, 8},
    {0x2027, 22544, 8},
    {0x2028, 22560, 16},
    {0x2029, 22592, 16},
    {0x202A, 22624, 16},
    {0x202B, 22656, 16},
    {0x202C, 22688, 16},
    {0x202D, 22720, 16},
    {0x202E, 22752, 16},
    {0x202F, 22784, 8},
    {0x2030, 22800, 8},
    {0x2031, 22816, 8},
    {0x2032, 22832, 8},
    {0x2033, 22848, 8},
    {0x2034, 22864, 8},
    {0x2035, 22880, 8},
    {0x2036, 22896, 8},
    {0x2037, 22912, 8},
    {0x2038, 22928, 8},
    {0x2039, 22944, 8},
    {0x203A, 22960, 8},
    {0x203B, 22976, 8},
    {0x203C, 22992, 8},
    {0x203D, 23008, 8},
    {0x203E, 23024, 8},
    {0x203F, 23040, 8},
    {0x2040, 23056, 8},
    {0x2041, 23072, 8},
    {0x2042, 23088, 8},
    {0x2043, 23104, 8},
    {0x2044, 23120, 8},
    {0x2045, 23136, 8},
    {0x2046, 23152, 8},
    {0x2047, 23168, 8},
    {0x2048, 23184, 8},
    {0x2049, 23200, 8},
    {0x204A, 23216, 8},
    {0x204B, 23232, 8},
    {0x204C, 23248, 8},
    {0x204D, 23264, 8},
    {0x204E, 23280, 8},
    {0x204F, 23296, 8},
    {0x2050, 23312, 8},
    {0x2051, 23328, 8},
    {0x2052, 23344, 8},
    {0x2053, 23360, 8},
    {0x2054, 23376, 8},
    {0x2055, 23392, 8},
    {0x2056, 23408, 8},
    {0x2057, 23424, 16},
    {0x2058, 23456, 8},
    {0x2059, 23472, 8},
    {0x205A, 23488, 8},
    {0x205B, 23504, 8},
    {0x205C, 23520, 8},
    {0x205D, 23536, 8},
    {0x205E, 23552, 8},
    {0x205F, 23568, 8},
    {0x2060, 23584, 16},
    {0x2061, 23616, 16},
    {0x2062, 23648, 16},
    {0x2063, 23680, 16},
    {0x2064, 23712, 16},
    {0x2065, 23744, 16},
    {0x2066, 23776, 16},
    {0x2067, 23808, 16},
    {0x2068, 23840, 16},
    {0x2069, 23872, 16},
    {0x206A, 23904, 16},
    {0x206B, 23936, 16},
    {0x206C, 23968, 16},
    {0x206D, 24000, 16},
    {0x206E, 24032, 16},
    {0x206F, 24064, 16},
    {0x20A0, 24096, 8},
    {0x20A1, 24112, 8},
    {0x20A2, 24128, 8},
    {0x20A3, 24144, 8},
    {0x20A4, 24160, 8},
    {0x20A5, 24176, 8},
    {0x20A6, 24192, 8},
    {0x20A7, 24208, 8},
    {0x20A8, 24224, 8},
    {0x20A9, 24240, 8},
    {0x20AA, 24256, 8},
    {0x20AB, 24272, 8},
    {0x20AC, 24288, 8},
    {0x20AD, 24304, 8},
    {0x20AE, 24320, 8},
    {0x20AF, 24336, 8},
    {0x20B0, 24352, 8},
    {0x20B1, 24368, 8},
    {0x20B2, 24384, 8},
    {0x20B3, 24400, 8},
    {0x20B4, 24416, 8},
    {0x20B5, 24432, 8},
    {0x20B6, 24448, 8},
    {0x20B7, 24464, 8},
    {0x20B8, 24480, 8},
    {0x20B9, 24496, 16},
    {0x20BA, 24528, 8},
    {0x20BB, 24544, 8},
    {0x20BC, 24560, 8},
    {0x20BD, 24576, 8},
    {0x20BE, 24592, 8},
    {0x20BF, 24608, 8},
    {0x20C0, 24624, 8},
    {0x20C1, 24640, 8},
    {0x20C2, 24656, 16},
    {0x20C3, 24688, 16},
    {0x20C4, 24720, 16},
    {0x20C5, 24752, 16},
    {0x20C6, 24784, 16},
    {0x20C7, 24816, 16},
    {0x20C8, 24848, 16},
    {0x20C9, 24880, 16},
    {0x20CA, 24912, 16},
    {0x20CB, 24944, 16},
    {0x20CC, 24976, 16},
    {0x20CD, 25008, 16},
    {0x20CE, 25040, 16},
    {0x20CF, 25072, 16},
    {0x2100, 25104, 8},
    {0x2101, 25120, 8},
    {0x2102, 25136, 8},
    {0x2103, 25152, 8},
    {0x2104, 25168, 8},
    {0x2105, 25184, 8},
    {0x2106, 25200, 8},
    {0x2107, 25216, 8},
    {0x2108, 25232, 8},
    {0x2109, 25248, 8},
    {0x210A, 25264, 16},
    {0x210B, 25296, 16},
    {0x210C, 25328, 8},
    {0x210D, 25344, 8},
    {0x210E, 25360, 8},
    {0x210F, 25376, 8},
    {0x2110, 25392, 16},
    {0x2111, 25424, 8},
    {0x2112, 25440, 16},
    {0x2113, 25472, 8},
    {0x2114, 25488, 8},
    {0x2115, 25504, 8},
    {0x2116, 25520, 8},
    {0x2117, 25536, 8},
    {0x2118, 25552, 8},
    {0x2119, 25568, 8},
    {0x211A, 25584, 8},
    {0x211B, 25600, 16},
    {0x211C, 25632, 8},
    {0x211D, 25648, 8},
    {0x211E, 25664, 8},
    {0x211F, 25680, 8},
    {0x2120, 25696, 8},
    {0x2121, 25712, 8},
    {0x2122, 25728, 8},
    {0x2123, 25744, 8},
    {0x2124, 25760, 8},
    {0x2125, 25776, 8},
    {0x2126, 25792, 8},
    {0x2127, 25808, 8},
    {0x2128, 25824, 8},
    {0x2129, 25840, 8},
    {0x212A, 25856, 8},
    {0x212B, 25872, 8},
    {0x212C, 25888, 16},
    {0x212D, 25920, 8},
    {0x212E, 25936, 8},
    {0x212F, 25952, 8},
    {0x2130, 25968, 16},
    {0x2131, 26000, 16},
    {0x2132, 26032, 8},
    {0x2133, 26048, 16},
    {0x2134, 26080, 16},
    {0x2135, 26112, 8},
    {0x2136, 26128, 8},
    {0x2137, 26144, 8},
    {0x2138, 26160, 8},
    {0x2139, 26176, 8},
    {0x213A, 26192, 16},
    {0x213B, 26224, 16},
    {0x213C, 26256, 16},
    {0x213D, 26288, 16},
    {0x213E, 26320, 8},
    {0x213F, 26336, 16},
    {0x2140, 26368, 16},
    {0x2141, 26400, 8},
    {0x2142, 26416, 8},
    {0x2143, 26432, 8},
    {0x2144, 26448, 8},
    {0x2145, 26464, 16},
    {0x2146, 26496, 16},
    {0x2147, 26528, 16},
    {0x2148, 26560, 16},
    {0x2149, 26592, 16},
    {0x214A, 26624, 8},
    {0x214B, 26640, 8},
    {0x214C, 26656, 16},
    {0x214D, 26688, 8},
    {0x214E, 26704, 8},
    {0x214F, 26720, 16},
    {0x2190, 26752, 8},
    {0x2191, 26768, 8},
    {0x2192, 26784, 8},
    {0x2193, 26800, 8},
    {0x2194, 26816, 8},
    {0x2195, 26832, 8},
    {0x2196, 26848, 8},
    {0x2197, 26864, 8},
    {0x2198, 26880, 8},
    {0x2199, 26896, 8},
    {0x219A, 26912, 8},
    {0x219B, 26928, 8},
    {0x219C, 26944, 16},
    {0x219D, 26976, 16},
    {0x219E, 27008, 8},
    {0x219F, 27024, 8},
    {0x21A0, 27040, 8},
    {0x21A1, 27056, 8},
    {0x21A2, 27072, 8},
    {0x21A3, 27088, 8},
    {0x21A4, 27104, 8},
    {0x21A5, 27120, 8},
    {0x21A6, 27136, 8},
    {0x21A7, 27152, 8},
    {0x21A8, 27168, 8},
    {0x21A9, 27184, 8},
    {0x21AA, 27200, 8},
    {0x21AB, 27216, 8},
    {0x21AC, 27232, 8},
    {0x21AD, 27248, 8},
    {0x21AE, 27264, 8},
    {0x21AF, 27280, 8},
    {0x21B0, 27296, 8},
    {0x21B1, 27312, 8},
    {0x21B2, 27328, 8},
    {0x21B3, 27344, 8},
    {0x21B4, 27360, 8},
    {0x21B5, 27376, 8},
    {0x21B6, 27392, 8},
    {0x21B7, 27408, 8},
    {0x21B8, 27424, 8},
    {0x21B9, 27440, 8},
    {0x21BA, 27456, 8},
    {0x21BB, 27472, 8},
    {0x21BC, 27488, 8},
    {0x21BD, 27504, 8},
    {0x21BE, 27520, 8},
    {0x21BF, 27536, 8},
    {0x21C0, 27552, 8},
    {0x21C1, 27568, 8},
    {0x21C2, 27584, 8},
    {0x21C3, 27600, 8},
    {0x21C4, 27616, 8},
    {0x21C5, 27632, 8},
    {0x21C6, 27648, 8},
    {0x21C7, 27664, 8},
    {0x21C8, 27680, 8},
    {0x21C9, 27696, 8},
    {0x21CA, 27712, 8},
    {0x21CB, 27728, 8},
    {0x21CC, 27744, 8},
    {0x21CD, 27760, 8},
    {0x21CE, 27776, 8},
    {0x21CF, 27792, 8},
    {0x21D0, 27808, 8},
    {0x21D1, 27824, 8},
    {0x21D2, 27840, 8},
    {0x21D3, 27856, 8},
    {0x21D4, 27872, 8},
    {0x21D5, 27888, 8},
    {0x21D6, 27904, 8},
    {0x21D7, 27920, 8},
    {0x21D8, 27936, 8},
    {0x21D9, 27952, 8},
    {0x21DA, 27968, 8},
    {0x21DB, 27984, 8},
    {0x21DC, 28000, 8},
    {0x21DD, 28016, 8},
    {0x21DE, 28032, 8},
    {0x21DF, 28048, 8},
    {0x21E0, 28064, 8},
    {0x21E1, 28080, 8},
    {0x21E2, 28096, 8},
    {0x21E3, 28112, 8},
    {0x21E4, 28128, 8},
    {0x21E5, 28144, 8},
    {0x21E6, 28160, 8},
    {0x21E7, 28176, 8},
    {0x21E8, 28192, 8},
    {0x21E9, 28208, 8},
    {0x21EA, 28224, 8},
    {0x21EB, 28240, 8},
    {0x21EC, 28256, 8},
    {0x21ED, 28272, 8},
    {0x21EE, 28288, 8},
    {0x21EF, 28304, 8},
    {0x21F0, 28320, 8},
    {0x21F1, 28336, 8},
    {0x21F2, 28352, 8},
    {0x21F3, 28368, 8},
    {0x21F4, 28384, 16},
    {0x21F5, 28416, 8},
    {0x21F6, 28432, 8},
    {0x21F7, 28448, 8},
    {0x21F8, 28464, 8},
    {0x21F9, 28480, 16},
    {0x21FA, 28512, 16},
    {0x21FB, 28544, 16},
    {0x21FC, 28576, 16},
    {0x21FD, 28608, 8},
    {0x21FE, 28624, 8},
    {0x21FF, 28640, 16},
    {0x2600, 28672, 8},
    {0x2601, 28688, 8},
    {0x2602, 28704, 8},
    {0x2603, 28720, 16},
    {0x2604, 28752, 8},
    {0x2605, 28768, 16},
    {0x2606, 28800, 16},
    {0x2607, 28832, 8},
    {0x2608, 28848, 8},
    {0x2609, 28864, 8},
    {0x260A, 28880, 8},
    {0x260B, 28896, 8},
    {0x260C, 28912, 8},
    {0x260D, 28928, 8},
    {0x260E, 28944, 8},
    {0x260F, 28960, 8},
    {0x2610, 28976, 8},
    {0x2611, 28992, 8},
    {0x2612, 29008, 8},
    {0x2613, 29024, 8},
    {0x2614, 29040, 8},
    {0x2615, 29056, 16},
    {0x2616, 29088, 16},
    {0x2617, 29120, 16},
    {0x2618, 29152, 16},
    {0x2619, 29184, 16},
    {0x261A, 29216, 8},
    {0x261B, 29232, 8},
    {0x261C, 29248, 8},
    {0x261D, 29264, 8},
    {0x261E, 29280, 8},
    {0x261F, 29296, 8},
    {0x2620, 29312, 8},
    {0x2621, 29328, 8},
    {0x2622, 29344, 16},
    {0x2623, 29376, 16},
    {0x2624, 29408, 16},
    {0x2625, 29440, 8},
    {0x2626, 29456, 8},
    {0x2627, 29472, 8},
    {0x2628, 29488, 8},
    {0x2629, 29504, 8},
    {0x262A, 29520, 8},
    {0x262B, 29536, 16},
    {0x262C, 29568, 16},
    {0x262D, 29600, 8},
    {0x262E, 29616, 8},
    {0x262F, 29632, 16},
    {0x2630, 29664, 16},
    {0x2631, 29696, 16},
    {0x2632, 29728, 16},
    {0x2633, 29760, 16},
    {0x2634, 29792, 16},
    {0x2635, 29824, 16},
    {0x2636, 29856, 16},
    {0x2637, 29888, 16},
    {0x2638, 29920, 8},
    {0x2639, 29936, 8},
    {0x263A, 29952, 8},
    {0x263B, 29968, 8},
    {0x263C, 29984, 8},
    {0x263D, 30000, 8},
    {0x263E, 30016, 8},
    {0x263F, 30032, 8},
    {0x2640, 30048, 8},
    {0x2641, 30064, 8},
    {0x2642, 30080, 8},
    {0x2643, 30096, 8},
    {0x2644, 30112, 8},
    {0x2645, 30128, 8},
    {0x2646, 30144, 8},
    {0x2647, 30160, 8},
    {0x2648, 30176, 8},
    {0x2649, 30192, 8},
    {0x264A, 30208, 8},
    {0x264B, 30224, 8},
    {0x264C, 30240, 8},
    {0x264D, 30256, 8},
    {0x264E, 30272, 8},
    {0x264F, 30288, 8},
    {0x2650, 30304, 8},
    {0x2651, 30320, 8},
    {0x2652, 30336, 8},
    {0x2653, 30352, 8},
    {0x2654, 30368, 8},
    {0x2655, 30384, 8},
    {0x2656, 30400, 8},
    {0x2657, 30416, 8},
    {0x2658, 30432, 8},
    {0x2659, 30448, 8},
    {0x265A, 30464, 8},
    {0x265B, 30480, 8},
    {0x265C, 30496, 8},
    {0x265D, 30512, 8},
    {0x265E, 30528, 8},
    {0x265F, 30544, 8},
    {0x2660, 30560, 8},
    {0x2661, 30576, 8},
    {0x2662, 30592, 8},
    {0x2663, 30608, 8},
    {0x2664, 30624, 8},
    {0x2665, 30640, 8},
    {0x2666, 30656, 8},
    {0x2667, 30672, 8},
    {0x2668, 30688, 8},
    {0x2669, 30704, 8},
    {0x266A, 30720, 8},
    {0x266B, 30736, 8},
    {0x266C, 30752, 8},
    {0x266D, 30768, 8},
    {0x266E, 30784, 8},
    {0x266F, 30800, 8},
    {0x2670, 30816, 8},
    {0x2671, 30832, 8},
    {0x2672, 30848, 16},
    {0x2673, 30880, 16},
    {0x2674, 30912, 16},
    {0x2675, 30944, 16},
    {0x2676, 30976, 16},
    {0x2677, 31008, 16},
    {0x2678, 31040, 16},
    {0x2679, 31072, 16},
    {0x267A, 31104, 16},
    {0x267B, 31136, 16},
    {0x267C, 31168, 16},
    {0x267D, 31200, 16},
    {0x267E, 31232, 16},
    {0x267F, 31264, 16},
    {0x2680, 31296, 16},
    {0x2681, 31328, 16},
    {0x2682, 31360, 16},
    {0x2683, 31392, 16},
    {0x2684, 31424, 16},
    {0x2685, 31456, 16},
    {0x2686, 31488, 16},
    {0x2687, 31520, 16},
    {0x2688, 31552, 16},
    {0x2689, 31584, 16},
    {0x268A, 31616, 16},
    {0x268B, 31648, 16},
    {0x268C, 31680, 16},
    {0x268D, 31712, 16},
    {0x268E, 31744, 16},
    {0x268F, 31776, 16},
    {0x2690, 31808, 8},
    {0x2691, 31824, 8},
    {0x2692, 31840, 16},
    {0x2693, 31872, 16},
    {0x2694, 31904, 16},
    {0x2695, 31936, 16},
    {0x2696, 31968, 16},
    {0x2697, 32000, 16},
    {0x2698, 32032, 16},
    {0x2699, 32064, 16},
    {0x269A, 32096, 16},
    {0x269B, 32128, 16},
    {0x269C, 32160, 16},
    {0x269D, 32192, 16},
    {0x269E, 32224, 16},
    {0x269F, 32256, 16},
    {0x26A0, 32288, 16},
    {0x26A1, 32320, 8},
    {0x26A2, 32336, 16},
    {0x26A3, 32368, 16},
    {0x26A4, 32400, 16},
    {0x26A5, 32432, 16},
    {0x26A6, 32464, 16},
    {0x26A7, 32496, 16},
    {0x26A8, 32528, 8},
    {0x26A9, 32544, 16},
    {0x26AA, 32576, 8},
    {0x26AB, 32592, 8},
    {0x26AC, 32608, 8},
    {0x26AD, 32624, 16},
    {0x26AE, 32656, 16},
    {0x26AF, 32688, 16},
    {0x26B0, 32720, 16},
    {0x26B1, 32752, 16},
    {0x26B2, 32784, 8},
    {0x26B3, 32800, 8},
    {0x26B4, 32816, 8},
    {0x26B5, 32832, 8},
    {0x26B6, 32848, 16},
    {0x26B7, 32880, 8},
    {0x26B8, 32896, 8},
    {0x26B9, 32912, 8},
    {0x26BA, 32928, 8},
    {0x26BB, 32944, 8},
    {0x26BC, 32960, 8},
    {0x26BD, 32976, 16},
    {0x26BE, 33008, 16},
    {0x26BF, 33040, 16},
    {0x26C0, 33072, 16},
    {0x26C1, 33104, 16},
    {0x26C2, 33136, 16},
    {0x26C3, 33168, 16},
    {0x26C4, 33200, 16},
    {0x26C5, 33232, 16},
    {0x26C6, 33264, 16},
    {0x26C7, 33296, 16},
    {0x26C8, 33328, 16},
    {0x26C9, 33360, 16},
    {0x26CA, 33392, 16},
    {0x26CB, 33424, 16},
    {0x26CC, 33456, 16},
    {0x26CD, 33488, 16},
    {0x26CE, 33520, 16},
    {0x26CF, 33552, 16},
    {0x26D0, 33584, 16},
    {0x26D1, 33616, 16},
    {0x26D2, 33648, 16},
    {0x26D3, 33680, 16},
    {0x26D4, 33712, 16},
    {0x26D5, 33744, 16},
    {0x26D6, 33776, 16},
    {0x26D7, 33808, 16},
    {0x26D8, 33840, 16},
    {0x26D9, 33872, 16},
    {0x26DA, 33904, 16},
    {0x26DB, 33936, 16},
    {0x26DC, 33968, 16},
    {0x26DD, 34000, 16},
    {0x26DE, 34032, 16},
    {0x26DF, 34064, 16},
    {0x26E0, 34096, 16},
    {0x26E1, 34128, 16},
    {0x26E2, 34160, 8},
    {0x26E3, 34176, 16},
    {0x26E4, 34208, 16},
    {0x26E5, 34240, 16},
    {0x26E6, 34272, 16},
    {0x26E7, 34304, 16},
    {0x26E8, 34336, 16},
    {0x26E9, 34368, 16},
    {0x26EA, 34400, 16},
    {0x26EB, 34432, 16},
    {0x26EC, 34464, 16},
    {0x26ED, 34496, 16},
    {0x26EE, 34528, 16},
    {0x26EF, 34560, 16},
    {0x26F0, 34592, 16},
    {0x26F1, 34624, 16},
    {0x26F2, 34656, 16},
    {0x26F3, 34688, 16},
    {0x26F4, 34720, 16},
    {0x26F5, 34752, 16},
    {0x26F6, 34784, 16},
    {0x26F7, 34816, 16},
    {0x26F8, 34848, 16},
    {0x26F9, 34880, 16},
    {0x26FA, 34912, 16},
    {0x26FB, 34944, 16},
    {0x26FC, 34976, 16},
    {0x26FD, 35008, 16},
    {0x26FE, 35040, 16},
    {0x26FF, 35072, 16},
    {0xFFFD, 35104, 8},
};

#define UNIFONT_GLYPH_COUNT 1952
